"date","temp","pp"
"2025-01-15 12:15",NA,0
"2025-01-15 12:20",NA,0
"2025-01-15 12:25",NA,0
"2025-01-15 12:30",7.4,0
"2025-01-15 12:35",NA,0
"2025-01-15 12:40",NA,0
"2025-01-15 12:45",NA,0.038
"2025-01-15 12:50",NA,0.0405
"2025-01-15 12:55",NA,0.005
"2025-01-15 13:00",5.9,0.015
"2025-01-15 13:05",NA,0.0145
"2025-01-15 13:10",NA,0.0145
"2025-01-15 13:15",NA,0.026
"2025-01-15 13:20",NA,0.2085
"2025-01-15 13:25",NA,0.4355
"2025-01-15 13:30",4.9,0.144
"2025-01-15 13:35",NA,0.0925
"2025-01-15 13:40",NA,0.00600000000000001
"2025-01-15 13:45",NA,0
"2025-01-15 13:50",NA,0
"2025-01-15 13:55",NA,0
"2025-01-15 14:00",4.4,0
"2025-01-15 14:05",NA,0
"2025-01-15 14:10",NA,0
"2025-01-15 14:15",NA,0
"2025-01-15 14:20",NA,0
"2025-01-15 14:25",NA,0
"2025-01-15 14:30",6,0
"2025-01-15 14:35",NA,0
"2025-01-15 14:40",NA,0
"2025-01-15 14:45",NA,0
"2025-01-15 14:50",NA,0
"2025-01-15 14:55",NA,0
"2025-01-15 15:00",6.3,0
"2025-01-15 15:05",NA,0
"2025-01-15 15:10",NA,0
"2025-01-15 15:15",NA,0
"2025-01-15 15:20",NA,0
"2025-01-15 15:25",NA,0
"2025-01-15 15:30",7.3,0
"2025-01-15 15:35",NA,0
"2025-01-15 15:40",NA,0
"2025-01-15 15:45",NA,0
"2025-01-15 15:50",NA,0
"2025-01-15 15:55",NA,0
"2025-01-15 16:00",7.8,0
"2025-01-15 16:05",NA,0
"2025-01-15 16:10",NA,0
"2025-01-15 16:15",NA,0
"2025-01-15 16:20",NA,0
"2025-01-15 16:25",NA,0
"2025-01-15 16:30",7.2,0
"2025-01-15 16:35",NA,0
"2025-01-15 16:40",NA,0
"2025-01-15 16:45",NA,0
"2025-01-15 16:50",NA,0
"2025-01-15 16:55",NA,0
"2025-01-15 17:00",6,0
"2025-01-15 17:05",NA,0
"2025-01-15 17:10",NA,0
"2025-01-15 17:15",NA,0
"2025-01-15 17:20",NA,0
"2025-01-15 17:25",NA,0
"2025-01-15 17:30",3.8,0
"2025-01-15 17:35",NA,0
"2025-01-15 17:40",NA,0
"2025-01-15 17:45",NA,0
"2025-01-15 17:50",NA,0
"2025-01-15 17:55",NA,0
"2025-01-15 18:00",1.8,0
"2025-01-15 18:05",NA,0
"2025-01-15 18:10",NA,0
"2025-01-15 18:15",NA,0
"2025-01-15 18:20",NA,0
"2025-01-15 18:25",NA,0
"2025-01-15 18:30",0.4,0
"2025-01-15 18:35",NA,0
"2025-01-15 18:40",NA,0
"2025-01-15 18:45",NA,0
"2025-01-15 18:50",NA,0
"2025-01-15 18:55",NA,0
"2025-01-15 19:00",-0.5,0
"2025-01-15 19:05",NA,0
"2025-01-15 19:10",NA,0
"2025-01-15 19:15",NA,0
"2025-01-15 19:20",NA,0
"2025-01-15 19:25",NA,0
"2025-01-15 19:30",-1.1,0
"2025-01-15 19:35",NA,0
"2025-01-15 19:40",NA,0
"2025-01-15 19:45",NA,0
"2025-01-15 19:50",NA,0
"2025-01-15 19:55",NA,0
"2025-01-15 20:00",-1.7,0
"2025-01-15 20:05",NA,0
"2025-01-15 20:10",NA,0
"2025-01-15 20:15",NA,0
"2025-01-15 20:20",NA,0
"2025-01-15 20:25",NA,0
"2025-01-15 20:30",-2.4,0
"2025-01-15 20:35",NA,0
"2025-01-15 20:40",NA,0
"2025-01-15 20:45",NA,0
"2025-01-15 20:50",NA,0
"2025-01-15 20:55",NA,0
"2025-01-15 21:00",-3.1,0
"2025-01-15 21:05",NA,0
"2025-01-15 21:10",NA,0
"2025-01-15 21:15",NA,0
"2025-01-15 21:20",NA,0
"2025-01-15 21:25",NA,0
"2025-01-15 21:30",-3.7,0
"2025-01-15 21:35",NA,0
"2025-01-15 21:40",NA,0
"2025-01-15 21:45",NA,0
"2025-01-15 21:50",NA,0
"2025-01-15 21:55",NA,0
"2025-01-15 22:00",-4.7,0
"2025-01-15 22:05",NA,0
"2025-01-15 22:10",NA,0
"2025-01-15 22:15",NA,0
"2025-01-15 22:20",NA,0
"2025-01-15 22:25",NA,0
"2025-01-15 22:30",-5.3,0
"2025-01-15 22:35",NA,0
"2025-01-15 22:40",NA,0
"2025-01-15 22:45",NA,0
"2025-01-15 22:50",NA,0
"2025-01-15 22:55",NA,0
"2025-01-15 23:00",-6.099999,0
"2025-01-15 23:05",NA,0
"2025-01-15 23:10",NA,0
"2025-01-15 23:15",NA,0
"2025-01-15 23:20",NA,0
"2025-01-15 23:25",NA,0
"2025-01-15 23:30",-6.599999,0
"2025-01-15 23:35",NA,0
"2025-01-15 23:40",NA,0
"2025-01-15 23:45",NA,0
"2025-01-15 23:50",NA,0
"2025-01-15 23:55",NA,0
"2025-01-16 00:00",-6.2,0
"2025-01-16 00:05",NA,0
"2025-01-16 00:10",NA,0
"2025-01-16 00:15",NA,0
"2025-01-16 00:20",NA,0
"2025-01-16 00:25",NA,0
"2025-01-16 00:30",-6.2,0
"2025-01-16 00:35",NA,0
"2025-01-16 00:40",NA,0
"2025-01-16 00:45",NA,0
"2025-01-16 00:50",NA,0
"2025-01-16 00:55",NA,0
"2025-01-16 01:00",-6.2,0
"2025-01-16 01:05",NA,0
"2025-01-16 01:10",NA,0
"2025-01-16 01:15",NA,0
"2025-01-16 01:20",NA,0
"2025-01-16 01:25",NA,0
"2025-01-16 01:30",-6.3,0
"2025-01-16 01:35",NA,0
"2025-01-16 01:40",NA,0
"2025-01-16 01:45",NA,0
"2025-01-16 01:50",NA,0
"2025-01-16 01:55",NA,0
"2025-01-16 02:00",-6.099999,0
"2025-01-16 02:05",NA,0
"2025-01-16 02:10",NA,0
"2025-01-16 02:15",NA,0
"2025-01-16 02:20",NA,0
"2025-01-16 02:25",NA,0
"2025-01-16 02:30",-6.099999,0
"2025-01-16 02:35",NA,0
"2025-01-16 02:40",NA,0
"2025-01-16 02:45",NA,0
"2025-01-16 02:50",NA,0
"2025-01-16 02:55",NA,0
"2025-01-16 03:00",-6.2,0
"2025-01-16 03:05",NA,0
"2025-01-16 03:10",NA,0
"2025-01-16 03:15",NA,0
"2025-01-16 03:20",NA,0
"2025-01-16 03:25",NA,0
"2025-01-16 03:30",-6.5,0
"2025-01-16 03:35",NA,0
"2025-01-16 03:40",NA,0
"2025-01-16 03:45",NA,0
"2025-01-16 03:50",NA,0
"2025-01-16 03:55",NA,0
"2025-01-16 04:00",-6.599999,0
"2025-01-16 04:05",NA,0
"2025-01-16 04:10",NA,0
"2025-01-16 04:15",NA,0
"2025-01-16 04:20",NA,0
"2025-01-16 04:25",NA,0
"2025-01-16 04:30",-6.5,0
"2025-01-16 04:35",NA,0
"2025-01-16 04:40",NA,0
"2025-01-16 04:45",NA,0
"2025-01-16 04:50",NA,0
"2025-01-16 04:55",NA,0
"2025-01-16 05:00",-6.4,0
"2025-01-16 05:05",NA,0
"2025-01-16 05:10",NA,0
"2025-01-16 05:15",NA,0
"2025-01-16 05:20",NA,0
"2025-01-16 05:25",NA,0
"2025-01-16 05:30",-6.4,0
"2025-01-16 05:35",NA,0
"2025-01-16 05:40",NA,0
"2025-01-16 05:45",NA,0
"2025-01-16 05:50",NA,0
"2025-01-16 05:55",NA,0
"2025-01-16 06:00",-6.4,0
"2025-01-16 06:05",NA,0
"2025-01-16 06:10",NA,0
"2025-01-16 06:15",NA,0
"2025-01-16 06:20",NA,0
"2025-01-16 06:25",NA,0
"2025-01-16 06:30",-6.4,0
"2025-01-16 06:35",NA,0
"2025-01-16 06:40",NA,0
"2025-01-16 06:45",NA,0
"2025-01-16 06:50",NA,0
"2025-01-16 06:55",NA,0
"2025-01-16 07:00",-3.1,0
"2025-01-16 07:05",NA,0
"2025-01-16 07:10",NA,0
"2025-01-16 07:15",NA,0
"2025-01-16 07:20",NA,0
"2025-01-16 07:25",NA,0
"2025-01-16 07:30",2.5,0
"2025-01-16 07:35",NA,0
"2025-01-16 07:40",NA,0
"2025-01-16 07:45",NA,0
"2025-01-16 07:50",NA,0
"2025-01-16 07:55",NA,0
"2025-01-16 08:00",7.3,0
"2025-01-16 08:05",NA,0
"2025-01-16 08:10",NA,0
"2025-01-16 08:15",NA,0
"2025-01-16 08:20",NA,0
"2025-01-16 08:25",NA,0
"2025-01-16 08:30",9.1,0
"2025-01-16 08:35",NA,0
"2025-01-16 08:40",NA,0
"2025-01-16 08:45",NA,0
"2025-01-16 08:50",NA,0
"2025-01-16 08:55",NA,0
"2025-01-16 09:00",10.1,0
"2025-01-16 09:05",NA,0
"2025-01-16 09:10",NA,0
"2025-01-16 09:15",NA,0
"2025-01-16 09:20",NA,0
"2025-01-16 09:25",NA,0
"2025-01-16 09:30",11.299999,0
"2025-01-16 09:35",NA,0
"2025-01-16 09:40",NA,0
"2025-01-16 09:45",NA,0
"2025-01-16 09:50",NA,0
"2025-01-16 09:55",NA,0
"2025-01-16 10:00",12.4,0
"2025-01-16 10:05",NA,0
"2025-01-16 10:10",NA,0
"2025-01-16 10:15",NA,0
"2025-01-16 10:20",NA,0
"2025-01-16 10:25",NA,0
"2025-01-16 10:30",13.199999,0
"2025-01-16 10:35",NA,0
"2025-01-16 10:40",NA,0
"2025-01-16 10:45",NA,0
"2025-01-16 10:50",NA,0
"2025-01-16 10:55",NA,0
"2025-01-16 11:00",13.299999,0
"2025-01-16 11:05",NA,0
"2025-01-16 11:10",NA,0
"2025-01-16 11:15",NA,0
"2025-01-16 11:20",NA,0
"2025-01-16 11:25",NA,0
"2025-01-16 11:30",11.9,0
"2025-01-16 11:35",NA,0
"2025-01-16 11:40",NA,0
"2025-01-16 11:45",NA,0
"2025-01-16 11:50",NA,0
"2025-01-16 11:55",NA,0
"2025-01-16 12:00",10.699999,0
"2025-01-16 12:05",NA,0
"2025-01-16 12:10",NA,0
"2025-01-16 12:15",NA,0
"2025-01-16 12:20",NA,0
"2025-01-16 12:25",NA,0
"2025-01-16 12:30",9.9,0
"2025-01-16 12:35",NA,0
"2025-01-16 12:40",NA,0
"2025-01-16 12:45",NA,0
"2025-01-16 12:50",NA,0
"2025-01-16 12:55",NA,0
"2025-01-16 13:00",8.9,0
"2025-01-16 13:05",NA,0.111
"2025-01-16 13:10",NA,0
"2025-01-16 13:15",NA,0
"2025-01-16 13:20",NA,0
"2025-01-16 13:25",NA,0
"2025-01-16 13:30",8.5,0
"2025-01-16 13:35",NA,0
"2025-01-16 13:40",NA,0
"2025-01-16 13:45",NA,0
"2025-01-16 13:50",NA,0
"2025-01-16 13:55",NA,0
"2025-01-16 14:00",9.799999,0
"2025-01-16 14:05",NA,0
"2025-01-16 14:10",NA,0
"2025-01-16 14:15",NA,0
"2025-01-16 14:20",NA,0
"2025-01-16 14:25",NA,0
"2025-01-16 14:30",10.1,0
"2025-01-16 14:35",NA,0
"2025-01-16 14:40",NA,0
"2025-01-16 14:45",NA,0
"2025-01-16 14:50",NA,0
"2025-01-16 14:55",NA,0
"2025-01-16 15:00",9.799999,0
"2025-01-16 15:05",NA,0
"2025-01-16 15:10",NA,0
"2025-01-16 15:15",NA,0
"2025-01-16 15:20",NA,0
"2025-01-16 15:25",NA,0
"2025-01-16 15:30",8.9,0
"2025-01-16 15:35",NA,0
"2025-01-16 15:40",NA,0
"2025-01-16 15:45",NA,0
"2025-01-16 15:50",NA,0
"2025-01-16 15:55",NA,0
"2025-01-16 16:00",9.199999,0
"2025-01-16 16:05",NA,0
"2025-01-16 16:10",NA,0
"2025-01-16 16:15",NA,0
"2025-01-16 16:20",NA,0
"2025-01-16 16:25",NA,0
"2025-01-16 16:30",9.1,0
"2025-01-16 16:35",NA,0
"2025-01-16 16:40",NA,0
"2025-01-16 16:45",NA,0
"2025-01-16 16:50",NA,0
"2025-01-16 16:55",NA,0
"2025-01-16 17:00",8.299999,0
"2025-01-16 17:05",NA,0
"2025-01-16 17:10",NA,0
"2025-01-16 17:15",NA,0
"2025-01-16 17:20",NA,0
"2025-01-16 17:25",NA,0
"2025-01-16 17:30",6.8,0
"2025-01-16 17:35",NA,0
"2025-01-16 17:40",NA,0
"2025-01-16 17:45",NA,0
"2025-01-16 17:50",NA,0
"2025-01-16 17:55",NA,0
"2025-01-16 18:00",4,0
"2025-01-16 18:05",NA,0
"2025-01-16 18:10",NA,0
"2025-01-16 18:15",NA,0
"2025-01-16 18:20",NA,0
"2025-01-16 18:25",NA,0
"2025-01-16 18:30",1.7,0
"2025-01-16 18:35",NA,0
"2025-01-16 18:40",NA,0
"2025-01-16 18:45",NA,0
"2025-01-16 18:50",NA,0
"2025-01-16 18:55",NA,0
"2025-01-16 19:00",0,0
"2025-01-16 19:05",NA,0
"2025-01-16 19:10",NA,0
"2025-01-16 19:15",NA,0
"2025-01-16 19:20",NA,0
"2025-01-16 19:25",NA,0
"2025-01-16 19:30",-1.3,0
"2025-01-16 19:35",NA,0
"2025-01-16 19:40",NA,0
"2025-01-16 19:45",NA,0
"2025-01-16 19:50",NA,0
"2025-01-16 19:55",NA,0
"2025-01-16 20:00",-2.5,0
"2025-01-16 20:05",NA,0
"2025-01-16 20:10",NA,0
"2025-01-16 20:15",NA,0
"2025-01-16 20:20",NA,0
"2025-01-16 20:25",NA,0
"2025-01-16 20:30",-3.6,0
"2025-01-16 20:35",NA,0
"2025-01-16 20:40",NA,0
"2025-01-16 20:45",NA,0
"2025-01-16 20:50",NA,0
"2025-01-16 20:55",NA,0
"2025-01-16 21:00",-4.3,0
"2025-01-16 21:05",NA,0
"2025-01-16 21:10",NA,0
"2025-01-16 21:15",NA,0
"2025-01-16 21:20",NA,0
"2025-01-16 21:25",NA,0
"2025-01-16 21:30",-4.599999,0
"2025-01-16 21:35",NA,0
"2025-01-16 21:40",NA,0
"2025-01-16 21:45",NA,0
"2025-01-16 21:50",NA,0
"2025-01-16 21:55",NA,0
"2025-01-16 22:00",-4.7,0
"2025-01-16 22:05",NA,0
"2025-01-16 22:10",NA,0
"2025-01-16 22:15",NA,0
"2025-01-16 22:20",NA,0
"2025-01-16 22:25",NA,0
"2025-01-16 22:30",-4.599999,0
"2025-01-16 22:35",NA,0
"2025-01-16 22:40",NA,0
"2025-01-16 22:45",NA,0
"2025-01-16 22:50",NA,0
"2025-01-16 22:55",NA,0
"2025-01-16 23:00",-4.7,0
"2025-01-16 23:05",NA,0
"2025-01-16 23:10",NA,0
"2025-01-16 23:15",NA,0
"2025-01-16 23:20",NA,0
"2025-01-16 23:25",NA,0
"2025-01-16 23:30",-4.5,0
"2025-01-16 23:35",NA,0
"2025-01-16 23:40",NA,0
"2025-01-16 23:45",NA,0
"2025-01-16 23:50",NA,0
"2025-01-16 23:55",NA,0
"2025-01-17 00:00",-4.4,0
"2025-01-17 00:05",NA,0
"2025-01-17 00:10",NA,0
"2025-01-17 00:15",NA,0
"2025-01-17 00:20",NA,0
"2025-01-17 00:25",NA,0
"2025-01-17 00:30",-4.4,0
"2025-01-17 00:35",NA,0
"2025-01-17 00:40",NA,0
"2025-01-17 00:45",NA,0
"2025-01-17 00:50",NA,0
"2025-01-17 00:55",NA,0
"2025-01-17 01:00",-4.2,0
"2025-01-17 01:05",NA,0
"2025-01-17 01:10",NA,0
"2025-01-17 01:15",NA,0
"2025-01-17 01:20",NA,0
"2025-01-17 01:25",NA,0
"2025-01-17 01:30",-3.6,0
"2025-01-17 01:35",NA,0
"2025-01-17 01:40",NA,0
"2025-01-17 01:45",NA,0
"2025-01-17 01:50",NA,0
"2025-01-17 01:55",NA,0
"2025-01-17 02:00",-3.6,0
"2025-01-17 02:05",NA,0
"2025-01-17 02:10",NA,0
"2025-01-17 02:15",NA,0
"2025-01-17 02:20",NA,0
"2025-01-17 02:25",NA,0
"2025-01-17 02:30",-4.2,0
"2025-01-17 02:35",NA,0
"2025-01-17 02:40",NA,0
"2025-01-17 02:45",NA,0
"2025-01-17 02:50",NA,0
"2025-01-17 02:55",NA,0
"2025-01-17 03:00",-4.599999,0
"2025-01-17 03:05",NA,0
"2025-01-17 03:10",NA,0
"2025-01-17 03:15",NA,0
"2025-01-17 03:20",NA,0
"2025-01-17 03:25",NA,0
"2025-01-17 03:30",-4.9,0
"2025-01-17 03:35",NA,0
"2025-01-17 03:40",NA,0
"2025-01-17 03:45",NA,0
"2025-01-17 03:50",NA,0
"2025-01-17 03:55",NA,0
"2025-01-17 04:00",-4.9,0
"2025-01-17 04:05",NA,0
"2025-01-17 04:10",NA,0
"2025-01-17 04:15",NA,0
"2025-01-17 04:20",NA,0
"2025-01-17 04:25",NA,0
"2025-01-17 04:30",-5.2,0
"2025-01-17 04:35",NA,0
"2025-01-17 04:40",NA,0
"2025-01-17 04:45",NA,0
"2025-01-17 04:50",NA,0
"2025-01-17 04:55",NA,0
"2025-01-17 05:00",-5,0
"2025-01-17 05:05",NA,0
"2025-01-17 05:10",NA,0
"2025-01-17 05:15",NA,0
"2025-01-17 05:20",NA,0
"2025-01-17 05:25",NA,0
"2025-01-17 05:30",-5,0
"2025-01-17 05:35",NA,0
"2025-01-17 05:40",NA,0
"2025-01-17 05:45",NA,0
"2025-01-17 05:50",NA,0
"2025-01-17 05:55",NA,0
"2025-01-17 06:00",-4.5,0
"2025-01-17 06:05",NA,0
"2025-01-17 06:10",NA,0
"2025-01-17 06:15",NA,0
"2025-01-17 06:20",NA,0
"2025-01-17 06:25",NA,0
"2025-01-17 06:30",-3.4,0
"2025-01-17 06:35",NA,0
"2025-01-17 06:40",NA,0
"2025-01-17 06:45",NA,0
"2025-01-17 06:50",NA,0
"2025-01-17 06:55",NA,0
"2025-01-17 07:00",-0.1,0
"2025-01-17 07:05",NA,0
"2025-01-17 07:10",NA,0
"2025-01-17 07:15",NA,0
"2025-01-17 07:20",NA,0
"2025-01-17 07:25",NA,0
"2025-01-17 07:30",6.7,0
"2025-01-17 07:35",NA,0
"2025-01-17 07:40",NA,0
"2025-01-17 07:45",NA,0
"2025-01-17 07:50",NA,0
"2025-01-17 07:55",NA,0
"2025-01-17 08:00",7.4,0
"2025-01-17 08:05",NA,0
"2025-01-17 08:10",NA,0
"2025-01-17 08:15",NA,0
"2025-01-17 08:20",NA,0
"2025-01-17 08:25",NA,0
"2025-01-17 08:30",9.1,0
"2025-01-17 08:35",NA,0
"2025-01-17 08:40",NA,0
"2025-01-17 08:45",NA,0
"2025-01-17 08:50",NA,0
"2025-01-17 08:55",NA,0
"2025-01-17 09:00",8.699999,0
"2025-01-17 09:05",NA,0
"2025-01-17 09:10",NA,0
"2025-01-17 09:15",NA,0
"2025-01-17 09:20",NA,0
"2025-01-17 09:25",NA,0
"2025-01-17 09:30",8.699999,0
"2025-01-17 09:35",NA,0
"2025-01-17 09:40",NA,0
"2025-01-17 09:45",NA,0
"2025-01-17 09:50",NA,0
"2025-01-17 09:55",NA,0
"2025-01-17 10:00",8.1,0
"2025-01-17 10:05",NA,0
"2025-01-17 10:10",NA,0
"2025-01-17 10:15",NA,0
"2025-01-17 10:20",NA,0
"2025-01-17 10:25",NA,0
"2025-01-17 10:30",8.6,0
"2025-01-17 10:35",NA,0
"2025-01-17 10:40",NA,0
"2025-01-17 10:45",NA,0
"2025-01-17 10:50",NA,0
"2025-01-17 10:55",NA,0
"2025-01-17 11:00",9.4,0
"2025-01-17 11:05",NA,0
"2025-01-17 11:10",NA,0
"2025-01-17 11:15",NA,0
"2025-01-17 11:20",NA,0
"2025-01-17 11:25",NA,0
"2025-01-17 11:30",9.1,0
"2025-01-17 11:35",NA,0
"2025-01-17 11:40",NA,0
"2025-01-17 11:45",NA,0
"2025-01-17 11:50",NA,0
"2025-01-17 11:55",NA,0
"2025-01-17 12:00",8.1,0
"2025-01-17 12:05",NA,0
"2025-01-17 12:10",NA,0
"2025-01-17 12:15",NA,0
"2025-01-17 12:20",NA,0
"2025-01-17 12:25",NA,0
"2025-01-17 12:30",7.099999,0
"2025-01-17 12:35",NA,0
"2025-01-17 12:40",NA,0
"2025-01-17 12:45",NA,0
"2025-01-17 12:50",NA,0
"2025-01-17 12:55",NA,0
"2025-01-17 13:00",5.2,0
"2025-01-17 13:05",NA,0
"2025-01-17 13:10",NA,0
"2025-01-17 13:15",NA,0
"2025-01-17 13:20",NA,0
"2025-01-17 13:25",NA,0
"2025-01-17 13:30",3.7,0
"2025-01-17 13:35",NA,0
"2025-01-17 13:40",NA,0
"2025-01-17 13:45",NA,0
"2025-01-17 13:50",NA,0
"2025-01-17 13:55",NA,0
"2025-01-17 14:00",2.8,0
"2025-01-17 14:05",NA,0.106
"2025-01-17 14:10",NA,0.0295000000000001
"2025-01-17 14:15",NA,0.028
"2025-01-17 14:20",NA,0.00800000000000001
"2025-01-17 14:25",NA,0.0245
"2025-01-17 14:30",1.7,0.00500000000000012
"2025-01-17 14:35",NA,0
"2025-01-17 14:40",NA,0
"2025-01-17 14:45",NA,0
"2025-01-17 14:50",NA,0
"2025-01-17 14:55",NA,0
"2025-01-17 15:00",1.7,0
"2025-01-17 15:05",NA,0
"2025-01-17 15:10",NA,0
"2025-01-17 15:15",NA,0
"2025-01-17 15:20",NA,0
"2025-01-17 15:25",NA,0
"2025-01-17 15:30",2.2,0
"2025-01-17 15:35",NA,0
"2025-01-17 15:40",NA,0
"2025-01-17 15:45",NA,0
"2025-01-17 15:50",NA,0
"2025-01-17 15:55",NA,0
"2025-01-17 16:00",2.2,0.13
"2025-01-17 16:05",NA,0.0669999999999999
"2025-01-17 16:10",NA,0.05
"2025-01-17 16:15",NA,0.042
"2025-01-17 16:20",NA,0.026
"2025-01-17 16:25",NA,0.0149999999999999
"2025-01-17 16:30",1.8,0.00700000000000012
"2025-01-17 16:35",NA,0.00349999999999984
"2025-01-17 16:40",NA,0.000500000000000167
"2025-01-17 16:45",NA,0
"2025-01-17 16:50",NA,0
"2025-01-17 16:55",NA,0
"2025-01-17 17:00",1.4,0
"2025-01-17 17:05",NA,0
"2025-01-17 17:10",NA,0
"2025-01-17 17:15",NA,0
"2025-01-17 17:20",NA,0
"2025-01-17 17:25",NA,0
"2025-01-17 17:30",1.1,0
"2025-01-17 17:35",NA,0
"2025-01-17 17:40",NA,0
"2025-01-17 17:45",NA,0
"2025-01-17 17:50",NA,0
"2025-01-17 17:55",NA,0
"2025-01-17 18:00",0.8,0
"2025-01-17 18:05",NA,0
"2025-01-17 18:10",NA,0
"2025-01-17 18:15",NA,0
"2025-01-17 18:20",NA,0
"2025-01-17 18:25",NA,0
"2025-01-17 18:30",0.6,0
"2025-01-17 18:35",NA,0
"2025-01-17 18:40",NA,0
"2025-01-17 18:45",NA,0
"2025-01-17 18:50",NA,0
"2025-01-17 18:55",NA,0
"2025-01-17 19:00",0.3,0
"2025-01-17 19:05",NA,0
"2025-01-17 19:10",NA,0
"2025-01-17 19:15",NA,0
"2025-01-17 19:20",NA,0
"2025-01-17 19:25",NA,0
"2025-01-17 19:30",-0.1,0
"2025-01-17 19:35",NA,0
"2025-01-17 19:40",NA,0
"2025-01-17 19:45",NA,0
"2025-01-17 19:50",NA,0
"2025-01-17 19:55",NA,0
"2025-01-17 20:00",-0.8,0
"2025-01-17 20:05",NA,0
"2025-01-17 20:10",NA,0
"2025-01-17 20:15",NA,0
"2025-01-17 20:20",NA,0
"2025-01-17 20:25",NA,0
"2025-01-17 20:30",-1.3,0
"2025-01-17 20:35",NA,0
"2025-01-17 20:40",NA,0
"2025-01-17 20:45",NA,0
"2025-01-17 20:50",NA,0
"2025-01-17 20:55",NA,0
"2025-01-17 21:00",-1.3,0
"2025-01-17 21:05",NA,0
"2025-01-17 21:10",NA,0
"2025-01-17 21:15",NA,0
"2025-01-17 21:20",NA,0
"2025-01-17 21:25",NA,0
"2025-01-17 21:30",-1.5,0
"2025-01-17 21:35",NA,0
"2025-01-17 21:40",NA,0
"2025-01-17 21:45",NA,0
"2025-01-17 21:50",NA,0
"2025-01-17 21:55",NA,0
"2025-01-17 22:00",-2,0
"2025-01-17 22:05",NA,0
"2025-01-17 22:10",NA,0
"2025-01-17 22:15",NA,0
"2025-01-17 22:20",NA,0
"2025-01-17 22:25",NA,0
"2025-01-17 22:30",-2.3,0
"2025-01-17 22:35",NA,0
"2025-01-17 22:40",NA,0
"2025-01-17 22:45",NA,0
"2025-01-17 22:50",NA,0
"2025-01-17 22:55",NA,0
"2025-01-17 23:00",-2.5,0
"2025-01-17 23:05",NA,0
"2025-01-17 23:10",NA,0
"2025-01-17 23:15",NA,0
"2025-01-17 23:20",NA,0
"2025-01-17 23:25",NA,0
"2025-01-17 23:30",-2.6,0
"2025-01-17 23:35",NA,0
"2025-01-17 23:40",NA,0
"2025-01-17 23:45",NA,0
"2025-01-17 23:50",NA,0
"2025-01-17 23:55",NA,0
"2025-01-18 00:00",-2,0
"2025-01-18 00:05",NA,0
"2025-01-18 00:10",NA,0
"2025-01-18 00:15",NA,0
"2025-01-18 00:20",NA,0
"2025-01-18 00:25",NA,0
"2025-01-18 00:30",-1.4,0
"2025-01-18 00:35",NA,0
"2025-01-18 00:40",NA,0
"2025-01-18 00:45",NA,0
"2025-01-18 00:50",NA,0
"2025-01-18 00:55",NA,0
"2025-01-18 01:00",-1,0
"2025-01-18 01:05",NA,0
"2025-01-18 01:10",NA,0
"2025-01-18 01:15",NA,0
"2025-01-18 01:20",NA,0
"2025-01-18 01:25",NA,0
"2025-01-18 01:30",-0.7,0
"2025-01-18 01:35",NA,0
"2025-01-18 01:40",NA,0
"2025-01-18 01:45",NA,0
"2025-01-18 01:50",NA,0
"2025-01-18 01:55",NA,0
"2025-01-18 02:00",-0.4,0
"2025-01-18 02:05",NA,0
"2025-01-18 02:10",NA,0
"2025-01-18 02:15",NA,0
"2025-01-18 02:20",NA,0
"2025-01-18 02:25",NA,0
"2025-01-18 02:30",-0.2,0
"2025-01-18 02:35",NA,0
"2025-01-18 02:40",NA,0
"2025-01-18 02:45",NA,0
"2025-01-18 02:50",NA,0
"2025-01-18 02:55",NA,0
"2025-01-18 03:00",-0.2,0
"2025-01-18 03:05",NA,0
"2025-01-18 03:10",NA,0
"2025-01-18 03:15",NA,0
"2025-01-18 03:20",NA,0
"2025-01-18 03:25",NA,0
"2025-01-18 03:30",-0.4,0
"2025-01-18 03:35",NA,0
"2025-01-18 03:40",NA,0
"2025-01-18 03:45",NA,0
"2025-01-18 03:50",NA,0
"2025-01-18 03:55",NA,0
"2025-01-18 04:00",-1.1,0
"2025-01-18 04:05",NA,0
"2025-01-18 04:10",NA,0
"2025-01-18 04:15",NA,0
"2025-01-18 04:20",NA,0
"2025-01-18 04:25",NA,0
"2025-01-18 04:30",-1.8,0
"2025-01-18 04:35",NA,0
"2025-01-18 04:40",NA,0
"2025-01-18 04:45",NA,0
"2025-01-18 04:50",NA,0
"2025-01-18 04:55",NA,0
"2025-01-18 05:00",-2.7,0
"2025-01-18 05:05",NA,0
"2025-01-18 05:10",NA,0
"2025-01-18 05:15",NA,0
"2025-01-18 05:20",NA,0
"2025-01-18 05:25",NA,0
"2025-01-18 05:30",-2.9,0
"2025-01-18 05:35",NA,0
"2025-01-18 05:40",NA,0
"2025-01-18 05:45",NA,0
"2025-01-18 05:50",NA,0
"2025-01-18 05:55",NA,0
"2025-01-18 06:00",-3,0
"2025-01-18 06:05",NA,0
"2025-01-18 06:10",NA,0
"2025-01-18 06:15",NA,0
"2025-01-18 06:20",NA,0
"2025-01-18 06:25",NA,0
"2025-01-18 06:30",-2.7,0
"2025-01-18 06:35",NA,0
"2025-01-18 06:40",NA,0
"2025-01-18 06:45",NA,0
"2025-01-18 06:50",NA,0
"2025-01-18 06:55",NA,0
"2025-01-18 07:00",0.3,0
"2025-01-18 07:05",NA,0
"2025-01-18 07:10",NA,0
"2025-01-18 07:15",NA,0
"2025-01-18 07:20",NA,0
"2025-01-18 07:25",NA,0
"2025-01-18 07:30",5,0
"2025-01-18 07:35",NA,0
"2025-01-18 07:40",NA,0
"2025-01-18 07:45",NA,0
"2025-01-18 07:50",NA,0
"2025-01-18 07:55",NA,0
"2025-01-18 08:00",7.099999,0
"2025-01-18 08:05",NA,0
"2025-01-18 08:10",NA,0
"2025-01-18 08:15",NA,0
"2025-01-18 08:20",NA,0
"2025-01-18 08:25",NA,0
"2025-01-18 08:30",10.199999,0
"2025-01-18 08:35",NA,0
"2025-01-18 08:40",NA,0
"2025-01-18 08:45",NA,0
"2025-01-18 08:50",NA,0
"2025-01-18 08:55",NA,0
"2025-01-18 09:00",12.199999,0
"2025-01-18 09:05",NA,0
"2025-01-18 09:10",NA,0
"2025-01-18 09:15",NA,0
"2025-01-18 09:20",NA,0
"2025-01-18 09:25",NA,0
"2025-01-18 09:30",11.5,0
"2025-01-18 09:35",NA,0
"2025-01-18 09:40",NA,0
"2025-01-18 09:45",NA,0
"2025-01-18 09:50",NA,0
"2025-01-18 09:55",NA,0
"2025-01-18 10:00",9,0
"2025-01-18 10:05",NA,0
"2025-01-18 10:10",NA,0
"2025-01-18 10:15",NA,0
"2025-01-18 10:20",NA,0
"2025-01-18 10:25",NA,0
"2025-01-18 10:30",7.7,0
"2025-01-18 10:35",NA,0
"2025-01-18 10:40",NA,0
"2025-01-18 10:45",NA,0
"2025-01-18 10:50",NA,0
"2025-01-18 10:55",NA,0
"2025-01-18 11:00",6.5,0
"2025-01-18 11:05",NA,0
"2025-01-18 11:10",NA,0.0454999999999999
"2025-01-18 11:15",NA,0.1715
"2025-01-18 11:20",NA,0.0880000000000001
"2025-01-18 11:25",NA,0.0349999999999999
"2025-01-18 11:30",5.099999,0.0225
"2025-01-18 11:35",NA,0.0460000000000003
"2025-01-18 11:40",NA,0.11
"2025-01-18 11:45",NA,0.0609999999999999
"2025-01-18 11:50",NA,0.0274999999999999
"2025-01-18 11:55",NA,0.0225
"2025-01-18 12:00",3.8,0.00550000000000006
"2025-01-18 12:05",NA,0.00200000000000022
"2025-01-18 12:10",NA,0
"2025-01-18 12:15",NA,0
"2025-01-18 12:20",NA,0
"2025-01-18 12:25",NA,0
"2025-01-18 12:30",5,0
"2025-01-18 12:35",NA,0
"2025-01-18 12:40",NA,0
"2025-01-18 12:45",NA,0
"2025-01-18 12:50",NA,0
"2025-01-18 12:55",NA,0
"2025-01-18 13:00",4.9,0
"2025-01-18 13:05",NA,0
"2025-01-18 13:10",NA,0
"2025-01-18 13:15",NA,0
"2025-01-18 13:20",NA,0
"2025-01-18 13:25",NA,0
"2025-01-18 13:30",4.599999,0
"2025-01-18 13:35",NA,0
"2025-01-18 13:40",NA,0
"2025-01-18 13:45",NA,0
"2025-01-18 13:50",NA,0
"2025-01-18 13:55",NA,0
"2025-01-18 14:00",4.7,0
"2025-01-18 14:05",NA,0
"2025-01-18 14:10",NA,0
"2025-01-18 14:15",NA,0
"2025-01-18 14:20",NA,0
"2025-01-18 14:25",NA,0
"2025-01-18 14:30",5.3,0
"2025-01-18 14:35",NA,0
"2025-01-18 14:40",NA,0
"2025-01-18 14:45",NA,0
"2025-01-18 14:50",NA,0
"2025-01-18 14:55",NA,0
"2025-01-18 15:00",5.7,0
"2025-01-18 15:05",NA,0
"2025-01-18 15:10",NA,0
"2025-01-18 15:15",NA,0
"2025-01-18 15:20",NA,0
"2025-01-18 15:25",NA,0
"2025-01-18 15:30",5.3,0
"2025-01-18 15:35",NA,0
"2025-01-18 15:40",NA,0
"2025-01-18 15:45",NA,0
"2025-01-18 15:50",NA,0
"2025-01-18 15:55",NA,0
"2025-01-18 16:00",4.8,0
"2025-01-18 16:05",NA,0
"2025-01-18 16:10",NA,0
"2025-01-18 16:15",NA,0
"2025-01-18 16:20",NA,0
"2025-01-18 16:25",NA,0
"2025-01-18 16:30",4.2,0
"2025-01-18 16:35",NA,0
"2025-01-18 16:40",NA,0
"2025-01-18 16:45",NA,0
"2025-01-18 16:50",NA,0
"2025-01-18 16:55",NA,0
"2025-01-18 17:00",3.8,0
"2025-01-18 17:05",NA,0
"2025-01-18 17:10",NA,0
"2025-01-18 17:15",NA,0
"2025-01-18 17:20",NA,0
"2025-01-18 17:25",NA,0
"2025-01-18 17:30",3.6,0
"2025-01-18 17:35",NA,0
"2025-01-18 17:40",NA,0
"2025-01-18 17:45",NA,0
"2025-01-18 17:50",NA,0
"2025-01-18 17:55",NA,0
"2025-01-18 18:00",2.5,0
"2025-01-18 18:05",NA,0
"2025-01-18 18:10",NA,0
"2025-01-18 18:15",NA,0
"2025-01-18 18:20",NA,0
"2025-01-18 18:25",NA,0
"2025-01-18 18:30",1.4,0
"2025-01-18 18:35",NA,0
"2025-01-18 18:40",NA,0
"2025-01-18 18:45",NA,0
"2025-01-18 18:50",NA,0
"2025-01-18 18:55",NA,0
"2025-01-18 19:00",0.5,0
"2025-01-18 19:05",NA,0
"2025-01-18 19:10",NA,0
"2025-01-18 19:15",NA,0
"2025-01-18 19:20",NA,0
"2025-01-18 19:25",NA,0
"2025-01-18 19:30",-0.1,0
"2025-01-18 19:35",NA,0
"2025-01-18 19:40",NA,0
"2025-01-18 19:45",NA,0
"2025-01-18 19:50",NA,0
"2025-01-18 19:55",NA,0
"2025-01-18 20:00",-0.5,0
"2025-01-18 20:05",NA,0
"2025-01-18 20:10",NA,0
"2025-01-18 20:15",NA,0
"2025-01-18 20:20",NA,0
"2025-01-18 20:25",NA,0
"2025-01-18 20:30",-0.6,0
"2025-01-18 20:35",NA,0
"2025-01-18 20:40",NA,0
"2025-01-18 20:45",NA,0
"2025-01-18 20:50",NA,0
"2025-01-18 20:55",NA,0
"2025-01-18 21:00",-0.8,0
"2025-01-18 21:05",NA,0
"2025-01-18 21:10",NA,0
"2025-01-18 21:15",NA,0
"2025-01-18 21:20",NA,0
"2025-01-18 21:25",NA,0
"2025-01-18 21:30",-1.1,0
"2025-01-18 21:35",NA,0
"2025-01-18 21:40",NA,0
"2025-01-18 21:45",NA,0
"2025-01-18 21:50",NA,0
"2025-01-18 21:55",NA,0
"2025-01-18 22:00",-1.3,0
"2025-01-18 22:05",NA,0
"2025-01-18 22:10",NA,0
"2025-01-18 22:15",NA,0
"2025-01-18 22:20",NA,0
"2025-01-18 22:25",NA,0
"2025-01-18 22:30",-1.7,0
"2025-01-18 22:35",NA,0
"2025-01-18 22:40",NA,0
"2025-01-18 22:45",NA,0
"2025-01-18 22:50",NA,0
"2025-01-18 22:55",NA,0
"2025-01-18 23:00",-1.4,0
"2025-01-18 23:05",NA,0
"2025-01-18 23:10",NA,0
"2025-01-18 23:15",NA,0
"2025-01-18 23:20",NA,0
"2025-01-18 23:25",NA,0
"2025-01-18 23:30",-1.4,0
"2025-01-18 23:35",NA,0
"2025-01-18 23:40",NA,0
"2025-01-18 23:45",NA,0
"2025-01-18 23:50",NA,0
"2025-01-18 23:55",NA,0
"2025-01-19 00:00",-1.5,0
"2025-01-19 00:05",NA,0
"2025-01-19 00:10",NA,0
"2025-01-19 00:15",NA,0
"2025-01-19 00:20",NA,0
"2025-01-19 00:25",NA,0
"2025-01-19 00:30",-1.4,0
"2025-01-19 00:35",NA,0
"2025-01-19 00:40",NA,0
"2025-01-19 00:45",NA,0
"2025-01-19 00:50",NA,0
"2025-01-19 00:55",NA,0
"2025-01-19 01:00",-1.5,0
"2025-01-19 01:05",NA,0
"2025-01-19 01:10",NA,0
"2025-01-19 01:15",NA,0
"2025-01-19 01:20",NA,0
"2025-01-19 01:25",NA,0
"2025-01-19 01:30",-1.4,0
"2025-01-19 01:35",NA,0
"2025-01-19 01:40",NA,0
"2025-01-19 01:45",NA,0
"2025-01-19 01:50",NA,0
"2025-01-19 01:55",NA,0
"2025-01-19 02:00",-1.1,0
"2025-01-19 02:05",NA,0
"2025-01-19 02:10",NA,0
"2025-01-19 02:15",NA,0
"2025-01-19 02:20",NA,0
"2025-01-19 02:25",NA,0
"2025-01-19 02:30",-0.9,0
"2025-01-19 02:35",NA,0
"2025-01-19 02:40",NA,0
"2025-01-19 02:45",NA,0
"2025-01-19 02:50",NA,0
"2025-01-19 02:55",NA,0
"2025-01-19 03:00",-0.8,0
"2025-01-19 03:05",NA,0
"2025-01-19 03:10",NA,0
"2025-01-19 03:15",NA,0
"2025-01-19 03:20",NA,0
"2025-01-19 03:25",NA,0
"2025-01-19 03:30",-0.6,0
"2025-01-19 03:35",NA,0
"2025-01-19 03:40",NA,0
"2025-01-19 03:45",NA,0
"2025-01-19 03:50",NA,0
"2025-01-19 03:55",NA,0
"2025-01-19 04:00",-0.4,0
"2025-01-19 04:05",NA,0
"2025-01-19 04:10",NA,0
"2025-01-19 04:15",NA,0
"2025-01-19 04:20",NA,0
"2025-01-19 04:25",NA,0
"2025-01-19 04:30",-0.1,0
"2025-01-19 04:35",NA,0
"2025-01-19 04:40",NA,0
"2025-01-19 04:45",NA,0
"2025-01-19 04:50",NA,0
"2025-01-19 04:55",NA,0
"2025-01-19 05:00",-0.2,0
"2025-01-19 05:05",NA,0
"2025-01-19 05:10",NA,0
"2025-01-19 05:15",NA,0
"2025-01-19 05:20",NA,0
"2025-01-19 05:25",NA,0
"2025-01-19 05:30",-0.4,0
"2025-01-19 05:35",NA,0
"2025-01-19 05:40",NA,0
"2025-01-19 05:45",NA,0
"2025-01-19 05:50",NA,0
"2025-01-19 05:55",NA,0
"2025-01-19 06:00",-0.6,0
"2025-01-19 06:05",NA,0
"2025-01-19 06:10",NA,0
"2025-01-19 06:15",NA,0
"2025-01-19 06:20",NA,0
"2025-01-19 06:25",NA,0
"2025-01-19 06:30",-0.5,0
"2025-01-19 06:35",NA,0
"2025-01-19 06:40",NA,0
"2025-01-19 06:45",NA,0
"2025-01-19 06:50",NA,0
"2025-01-19 06:55",NA,0
"2025-01-19 07:00",-0.1,0
"2025-01-19 07:05",NA,0
"2025-01-19 07:10",NA,0
"2025-01-19 07:15",NA,0
"2025-01-19 07:20",NA,0
"2025-01-19 07:25",NA,0
"2025-01-19 07:30",0.6,0
"2025-01-19 07:35",NA,0
"2025-01-19 07:40",NA,0
"2025-01-19 07:45",NA,0
"2025-01-19 07:50",NA,0
"2025-01-19 07:55",NA,0
"2025-01-19 08:00",2.5,0
"2025-01-19 08:05",NA,0
"2025-01-19 08:10",NA,0
"2025-01-19 08:15",NA,0
"2025-01-19 08:20",NA,0
"2025-01-19 08:25",NA,0
"2025-01-19 08:30",4.4,0
"2025-01-19 08:35",NA,0
"2025-01-19 08:40",NA,0
"2025-01-19 08:45",NA,0
"2025-01-19 08:50",NA,0
"2025-01-19 08:55",NA,0
"2025-01-19 09:00",8.4,0
"2025-01-19 09:05",NA,0
"2025-01-19 09:10",NA,0
"2025-01-19 09:15",NA,0
"2025-01-19 09:20",NA,0
"2025-01-19 09:25",NA,0
"2025-01-19 09:30",10.5,0
"2025-01-19 09:35",NA,0
"2025-01-19 09:40",NA,0
"2025-01-19 09:45",NA,0
"2025-01-19 09:50",NA,0
"2025-01-19 09:55",NA,0
"2025-01-19 10:00",10,0
"2025-01-19 10:05",NA,0
"2025-01-19 10:10",NA,0
"2025-01-19 10:15",NA,0
"2025-01-19 10:20",NA,0
"2025-01-19 10:25",NA,0
"2025-01-19 10:30",10.1,0
"2025-01-19 10:35",NA,0
"2025-01-19 10:40",NA,0
"2025-01-19 10:45",NA,0
"2025-01-19 10:50",NA,0
"2025-01-19 10:55",NA,0
"2025-01-19 11:00",10.799999,0
"2025-01-19 11:05",NA,0
"2025-01-19 11:10",NA,0
"2025-01-19 11:15",NA,0
"2025-01-19 11:20",NA,0
"2025-01-19 11:25",NA,0
"2025-01-19 11:30",12.5,0
"2025-01-19 11:35",NA,0
"2025-01-19 11:40",NA,0
"2025-01-19 11:45",NA,0
"2025-01-19 11:50",NA,0
"2025-01-19 11:55",NA,0
"2025-01-19 12:00",12,0
"2025-01-19 12:05",NA,0
"2025-01-19 12:10",NA,0
"2025-01-19 12:15",NA,0
"2025-01-19 12:20",NA,0
"2025-01-19 12:25",NA,0
"2025-01-19 12:30",11.6,0
"2025-01-19 12:35",NA,0
"2025-01-19 12:40",NA,0
"2025-01-19 12:45",NA,0
"2025-01-19 12:50",NA,0
"2025-01-19 12:55",NA,0
"2025-01-19 13:00",11.299999,0
"2025-01-19 13:05",NA,0
"2025-01-19 13:10",NA,0
"2025-01-19 13:15",NA,0
"2025-01-19 13:20",NA,0
"2025-01-19 13:25",NA,0
"2025-01-19 13:30",9.199999,0
"2025-01-19 13:35",NA,0
"2025-01-19 13:40",NA,0
"2025-01-19 13:45",NA,0
"2025-01-19 13:50",NA,0
"2025-01-19 13:55",NA,0
"2025-01-19 14:00",8.5,0
"2025-01-19 14:05",NA,0
"2025-01-19 14:10",NA,0
"2025-01-19 14:15",NA,0
"2025-01-19 14:20",NA,0
"2025-01-19 14:25",NA,0
"2025-01-19 14:30",9.199999,0
"2025-01-19 14:35",NA,0
"2025-01-19 14:40",NA,0
"2025-01-19 14:45",NA,0
"2025-01-19 14:50",NA,0
"2025-01-19 14:55",NA,0
"2025-01-19 15:00",8.699999,0
"2025-01-19 15:05",NA,0
"2025-01-19 15:10",NA,0
"2025-01-19 15:15",NA,0
"2025-01-19 15:20",NA,0
"2025-01-19 15:25",NA,0
"2025-01-19 15:30",6.8,0
"2025-01-19 15:35",NA,0
"2025-01-19 15:40",NA,0
"2025-01-19 15:45",NA,0
"2025-01-19 15:50",NA,0
"2025-01-19 15:55",NA,0
"2025-01-19 16:00",5.5,0
"2025-01-19 16:05",NA,0
"2025-01-19 16:10",NA,0
"2025-01-19 16:15",NA,0
"2025-01-19 16:20",NA,0
"2025-01-19 16:25",NA,0
"2025-01-19 16:30",4.3,0
"2025-01-19 16:35",NA,0
"2025-01-19 16:40",NA,0
"2025-01-19 16:45",NA,0
"2025-01-19 16:50",NA,0
"2025-01-19 16:55",NA,0
"2025-01-19 17:00",3.4,0
"2025-01-19 17:05",NA,0
"2025-01-19 17:10",NA,0
"2025-01-19 17:15",NA,0
"2025-01-19 17:20",NA,0
"2025-01-19 17:25",NA,0
"2025-01-19 17:30",2.9,0
"2025-01-19 17:35",NA,0
"2025-01-19 17:40",NA,0
"2025-01-19 17:45",NA,0
"2025-01-19 17:50",NA,0
"2025-01-19 17:55",NA,0
"2025-01-19 18:00",2.5,0
"2025-01-19 18:05",NA,0
"2025-01-19 18:10",NA,0
"2025-01-19 18:15",NA,0
"2025-01-19 18:20",NA,0
"2025-01-19 18:25",NA,0
"2025-01-19 18:30",1.8,0
"2025-01-19 18:35",NA,0
"2025-01-19 18:40",NA,0
"2025-01-19 18:45",NA,0
"2025-01-19 18:50",NA,0
"2025-01-19 18:55",NA,0
"2025-01-19 19:00",1.4,0
"2025-01-19 19:05",NA,0
"2025-01-19 19:10",NA,0
"2025-01-19 19:15",NA,0
"2025-01-19 19:20",NA,0
"2025-01-19 19:25",NA,0
"2025-01-19 19:30",0.8,0
"2025-01-19 19:35",NA,0
"2025-01-19 19:40",NA,0
"2025-01-19 19:45",NA,0
"2025-01-19 19:50",NA,0
"2025-01-19 19:55",NA,0
"2025-01-19 20:00",0.5,0
"2025-01-19 20:05",NA,0
"2025-01-19 20:10",NA,0
"2025-01-19 20:15",NA,0
"2025-01-19 20:20",NA,0
"2025-01-19 20:25",NA,0
"2025-01-19 20:30",0.4,0
"2025-01-19 20:35",NA,0
"2025-01-19 20:40",NA,0
"2025-01-19 20:45",NA,0
"2025-01-19 20:50",NA,0
"2025-01-19 20:55",NA,0
"2025-01-19 21:00",0.2,0
"2025-01-19 21:05",NA,0
"2025-01-19 21:10",NA,0
"2025-01-19 21:15",NA,0
"2025-01-19 21:20",NA,0
"2025-01-19 21:25",NA,0
"2025-01-19 21:30",0.1,0
"2025-01-19 21:35",NA,0
"2025-01-19 21:40",NA,0
"2025-01-19 21:45",NA,0
"2025-01-19 21:50",NA,0
"2025-01-19 21:55",NA,0
"2025-01-19 22:00",0.1,0
"2025-01-19 22:05",NA,0
"2025-01-19 22:10",NA,0
"2025-01-19 22:15",NA,0
"2025-01-19 22:20",NA,0
"2025-01-19 22:25",NA,0
"2025-01-19 22:30",-0.2,0
"2025-01-19 22:35",NA,0
"2025-01-19 22:40",NA,0
"2025-01-19 22:45",NA,0
"2025-01-19 22:50",NA,0
"2025-01-19 22:55",NA,0
"2025-01-19 23:00",-0.1,0
"2025-01-19 23:05",NA,0
"2025-01-19 23:10",NA,0
"2025-01-19 23:15",NA,0
"2025-01-19 23:20",NA,0
"2025-01-19 23:25",NA,0
"2025-01-19 23:30",-0.1,0
"2025-01-19 23:35",NA,0
"2025-01-19 23:40",NA,0
"2025-01-19 23:45",NA,0
"2025-01-19 23:50",NA,0
"2025-01-19 23:55",NA,0
"2025-01-20 00:00",0,0
"2025-01-20 00:05",NA,0
"2025-01-20 00:10",NA,0
"2025-01-20 00:15",NA,0
"2025-01-20 00:20",NA,0
"2025-01-20 00:25",NA,0
"2025-01-20 00:30",-0.2,0
"2025-01-20 00:35",NA,0
"2025-01-20 00:40",NA,0
"2025-01-20 00:45",NA,0
"2025-01-20 00:50",NA,0
"2025-01-20 00:55",NA,0
"2025-01-20 01:00",-0.4,0
"2025-01-20 01:05",NA,0
"2025-01-20 01:10",NA,0
"2025-01-20 01:15",NA,0
"2025-01-20 01:20",NA,0
"2025-01-20 01:25",NA,0
"2025-01-20 01:30",-0.6,0
"2025-01-20 01:35",NA,0
"2025-01-20 01:40",NA,0
"2025-01-20 01:45",NA,0
"2025-01-20 01:50",NA,0
"2025-01-20 01:55",NA,0
"2025-01-20 02:00",-0.6,0
"2025-01-20 02:05",NA,0
"2025-01-20 02:10",NA,0
"2025-01-20 02:15",NA,0
"2025-01-20 02:20",NA,0
"2025-01-20 02:25",NA,0
"2025-01-20 02:30",-0.3,0
"2025-01-20 02:35",NA,0
"2025-01-20 02:40",NA,0
"2025-01-20 02:45",NA,0
"2025-01-20 02:50",NA,0
"2025-01-20 02:55",NA,0
"2025-01-20 03:00",-0.4,0
"2025-01-20 03:05",NA,0
"2025-01-20 03:10",NA,0
"2025-01-20 03:15",NA,0
"2025-01-20 03:20",NA,0
"2025-01-20 03:25",NA,0
"2025-01-20 03:30",-0.1,0
"2025-01-20 03:35",NA,0
"2025-01-20 03:40",NA,0
"2025-01-20 03:45",NA,0
"2025-01-20 03:50",NA,0
"2025-01-20 03:55",NA,0
"2025-01-20 04:00",-0.1,0
"2025-01-20 04:05",NA,0
"2025-01-20 04:10",NA,0
"2025-01-20 04:15",NA,0
"2025-01-20 04:20",NA,0
"2025-01-20 04:25",NA,0
"2025-01-20 04:30",-0.2,0
"2025-01-20 04:35",NA,0
"2025-01-20 04:40",NA,0
"2025-01-20 04:45",NA,0
"2025-01-20 04:50",NA,0
"2025-01-20 04:55",NA,0
"2025-01-20 05:00",-0.5,0
"2025-01-20 05:05",NA,0
"2025-01-20 05:10",NA,0
"2025-01-20 05:15",NA,0
"2025-01-20 05:20",NA,0
"2025-01-20 05:25",NA,0
"2025-01-20 05:30",-0.8,0
"2025-01-20 05:35",NA,0
"2025-01-20 05:40",NA,0
"2025-01-20 05:45",NA,0
"2025-01-20 05:50",NA,0
"2025-01-20 05:55",NA,0
"2025-01-20 06:00",-1,0
"2025-01-20 06:05",NA,0
"2025-01-20 06:10",NA,0
"2025-01-20 06:15",NA,0
"2025-01-20 06:20",NA,0
"2025-01-20 06:25",NA,0
"2025-01-20 06:30",-0.9,0
"2025-01-20 06:35",NA,0
"2025-01-20 06:40",NA,0
"2025-01-20 06:45",NA,0
"2025-01-20 06:50",NA,0
"2025-01-20 06:55",NA,0
"2025-01-20 07:00",-0.1,0
"2025-01-20 07:05",NA,0
"2025-01-20 07:10",NA,0
"2025-01-20 07:15",NA,0
"2025-01-20 07:20",NA,0
"2025-01-20 07:25",NA,0
"2025-01-20 07:30",1.2,0
"2025-01-20 07:35",NA,0
"2025-01-20 07:40",NA,0
"2025-01-20 07:45",NA,0
"2025-01-20 07:50",NA,0
"2025-01-20 07:55",NA,0
"2025-01-20 08:00",3.6,0
"2025-01-20 08:05",NA,0
"2025-01-20 08:10",NA,0
"2025-01-20 08:15",NA,0
"2025-01-20 08:20",NA,0
"2025-01-20 08:25",NA,0
"2025-01-20 08:30",5,0
"2025-01-20 08:35",NA,0
"2025-01-20 08:40",NA,0
"2025-01-20 08:45",NA,0
"2025-01-20 08:50",NA,0
"2025-01-20 08:55",NA,0
"2025-01-20 09:00",4.599999,0
"2025-01-20 09:05",NA,0
"2025-01-20 09:10",NA,0
"2025-01-20 09:15",NA,0
"2025-01-20 09:20",NA,0
"2025-01-20 09:25",NA,0
"2025-01-20 09:30",4.8,0
"2025-01-20 09:35",NA,0
"2025-01-20 09:40",NA,0
"2025-01-20 09:45",NA,0
"2025-01-20 09:50",NA,0
"2025-01-20 09:55",NA,0
"2025-01-20 10:00",5.2,0
"2025-01-20 10:05",NA,0
"2025-01-20 10:10",NA,0
"2025-01-20 10:15",NA,0
"2025-01-20 10:20",NA,0
"2025-01-20 10:25",NA,0
"2025-01-20 10:30",6.3,0
"2025-01-20 10:35",NA,0
"2025-01-20 10:40",NA,0
"2025-01-20 10:45",NA,0
"2025-01-20 10:50",NA,0
"2025-01-20 10:55",NA,0
"2025-01-20 11:00",6.2,0
"2025-01-20 11:05",NA,0
"2025-01-20 11:10",NA,0
"2025-01-20 11:15",NA,0
"2025-01-20 11:20",NA,0
"2025-01-20 11:25",NA,0
"2025-01-20 11:30",6.8,0
"2025-01-20 11:35",NA,0
"2025-01-20 11:40",NA,0
"2025-01-20 11:45",NA,0
"2025-01-20 11:50",NA,0
"2025-01-20 11:55",NA,0
"2025-01-20 12:00",6.5,0
"2025-01-20 12:05",NA,0
"2025-01-20 12:10",NA,0
"2025-01-20 12:15",NA,0
"2025-01-20 12:20",NA,0
"2025-01-20 12:25",NA,0
"2025-01-20 12:30",5.099999,0
"2025-01-20 12:35",NA,0
"2025-01-20 12:40",NA,0
"2025-01-20 12:45",NA,0.174
"2025-01-20 12:50",NA,0.254
"2025-01-20 12:55",NA,0.0880000000000001
"2025-01-20 13:00",3.9,0.0185
"2025-01-20 13:05",NA,0.0215000000000001
"2025-01-20 13:10",NA,0.00249999999999995
"2025-01-20 13:15",NA,0.0385
"2025-01-20 13:20",NA,0.1375
"2025-01-20 13:25",NA,0.172
"2025-01-20 13:30",3,0.185
"2025-01-20 13:35",NA,0.233
"2025-01-20 13:40",NA,0.1575
"2025-01-20 13:45",NA,0.0940000000000003
"2025-01-20 13:50",NA,0.024
"2025-01-20 13:55",NA,0.0169999999999999
"2025-01-20 14:00",2.3,0.004
"2025-01-20 14:05",NA,0.00849999999999973
"2025-01-20 14:10",NA,0.00700000000000012
"2025-01-20 14:15",NA,0.00350000000000028
"2025-01-20 14:20",NA,0
"2025-01-20 14:25",NA,0
"2025-01-20 14:30",2.7,0
"2025-01-20 14:35",NA,0
"2025-01-20 14:40",NA,0
"2025-01-20 14:45",NA,0.0855000000000001
"2025-01-20 14:50",NA,0.2745
"2025-01-20 14:55",NA,0.361
"2025-01-20 15:00",2.4,0.237
"2025-01-20 15:05",NA,0.148
"2025-01-20 15:10",NA,0.1035
"2025-01-20 15:15",NA,0.0854999999999997
"2025-01-20 15:20",NA,0.0329990000000002
"2025-01-20 15:25",NA,0.0145010000000001
"2025-01-20 15:30",1.6,0.0164999999999997
"2025-01-20 15:35",NA,0.0125000000000002
"2025-01-20 15:40",NA,0.0434999999999999
"2025-01-20 15:45",NA,0.0609999999999999
"2025-01-20 15:50",NA,0.0955000000000004
"2025-01-20 15:55",NA,0.0235000000000003
"2025-01-20 16:00",1.2,0.0179999999999998
"2025-01-20 16:05",NA,0.0499999999999998
"2025-01-20 16:10",NA,0.0865
"2025-01-20 16:15",NA,0.0914999999999999
"2025-01-20 16:20",NA,0.0614990000000004
"2025-01-20 16:25",NA,0.0375009999999998
"2025-01-20 16:30",1,0.0110000000000001
"2025-01-20 16:35",NA,0.00800000000000001
"2025-01-20 16:40",NA,0.0139999999999993
"2025-01-20 16:45",NA,0.0125000000000002
"2025-01-20 16:50",NA,0.0135000000000005
"2025-01-20 16:55",NA,0.00249899999999936
"2025-01-20 17:00",0.9,0.00250100000000053
"2025-01-20 17:05",NA,0
"2025-01-20 17:10",NA,0
"2025-01-20 17:15",NA,0
"2025-01-20 17:20",NA,0
"2025-01-20 17:25",NA,0
"2025-01-20 17:30",0.8,0.0865
"2025-01-20 17:35",NA,0.209
"2025-01-20 17:40",NA,0.0959989999999999
"2025-01-20 17:45",NA,0.0325009999999999
"2025-01-20 17:50",NA,0.0900000000000007
"2025-01-20 17:55",NA,0.127
"2025-01-20 18:00",0.7,0.186
"2025-01-20 18:05",NA,0.19
"2025-01-20 18:10",NA,0.199000000000001
"2025-01-20 18:15",NA,0.2105
"2025-01-20 18:20",NA,0.1645
"2025-01-20 18:25",NA,0.141999999999999
"2025-01-20 18:30",0.4,0.1515
"2025-01-20 18:35",NA,0.142999000000001
"2025-01-20 18:40",NA,0.141000999999999
"2025-01-20 18:45",NA,0.128
"2025-01-20 18:50",NA,0.1395
"2025-01-20 18:55",NA,0.148999999999999
"2025-01-20 19:00",0.3,0.156500000000001
"2025-01-20 19:05",NA,0.129999
"2025-01-20 19:10",NA,0.132
"2025-01-20 19:15",NA,0.138500000000001
"2025-01-20 19:20",NA,0.125499999999999
"2025-01-20 19:25",NA,0.123501000000001
"2025-01-20 19:30",0.1,0.120001
"2025-01-20 19:35",NA,0.0994979999999988
"2025-01-20 19:40",NA,0.0760010000000015
"2025-01-20 19:45",NA,0.0609999999999999
"2025-01-20 19:50",NA,0.0559999999999992
"2025-01-20 19:55",NA,0.053999000000001
"2025-01-20 20:00",-0.1,0.0705009999999984
"2025-01-20 20:05",NA,0.0479990000000008
"2025-01-20 20:10",NA,0.0505010000000006
"2025-01-20 20:15",NA,0.0659999999999989
"2025-01-20 20:20",NA,0.0750000000000011
"2025-01-20 20:25",NA,0.077
"2025-01-20 20:30",-0.4,0.046498999999999
"2025-01-20 20:35",NA,0.0725010000000008
"2025-01-20 20:40",NA,0.0869999999999997
"2025-01-20 20:45",NA,0.0869990000000005
"2025-01-20 20:50",NA,0.128000999999999
"2025-01-20 20:55",NA,0.112499
"2025-01-20 21:00",-0.4,0.108501
"2025-01-20 21:05",NA,0.1395
"2025-01-20 21:10",NA,0.1805
"2025-01-20 21:15",NA,0.151999999999999
"2025-01-20 21:20",NA,0.126999
"2025-01-20 21:25",NA,0.139000000000001
"2025-01-20 21:30",-0.4,0.133500999999999
"2025-01-20 21:35",NA,0.1715
"2025-01-20 21:40",NA,0.137500000000001
"2025-01-20 21:45",NA,0.189999
"2025-01-20 21:50",NA,0.183999999999999
"2025-01-20 21:55",NA,0.1835
"2025-01-20 22:00",-0.1,0.172501
"2025-01-20 22:05",NA,0.183499999999999
"2025-01-20 22:10",NA,0.192999
"2025-01-20 22:15",NA,0.191000000000001
"2025-01-20 22:20",NA,0.141501
"2025-01-20 22:25",NA,0.222
"2025-01-20 22:30",0.1,0.173500000000001
"2025-01-20 22:35",NA,0.148
"2025-01-20 22:40",NA,0.177999999999999
"2025-01-20 22:45",NA,0.111999000000001
"2025-01-20 22:50",NA,0.104001
"2025-01-20 22:55",NA,0.103999999999999
"2025-01-20 23:00",0.2,0.127000000000001
"2025-01-20 23:05",NA,0.140000000000001
"2025-01-20 23:10",NA,0.193000999999999
"2025-01-20 23:15",NA,0.0704989999999999
"2025-01-20 23:20",NA,0.112
"2025-01-20 23:25",NA,0.129499000000001
"2025-01-20 23:30",0.2,0.128501999999999
"2025-01-20 23:35",NA,0.183998000000001
"2025-01-20 23:40",NA,0.1775
"2025-01-20 23:45",NA,0.158499999999998
"2025-01-20 23:50",NA,0.183001000000001
"2025-01-20 23:55",NA,0.185001
"2025-01-21 00:00",0.1,0.152501000000001
"2025-01-21 00:05",NA,0.155998
"2025-01-21 00:10",NA,0.168997999999998
"2025-01-21 00:15",NA,0.179501000000002
"2025-01-21 00:20",NA,0.153499999999998
"2025-01-21 00:25",NA,0.148502000000001
"2025-01-21 00:30",0,0.144497000000001
"2025-01-21 00:35",NA,0.127002999999998
"2025-01-21 00:40",NA,0.146000000000001
"2025-01-21 00:45",NA,0.164497000000001
"2025-01-21 00:50",NA,0.151001000000001
"2025-01-21 00:55",NA,0.128001999999999
"2025-01-21 01:00",-0.1,0.126498999999999
"2025-01-21 01:05",NA,0.0890009999999997
"2025-01-21 01:10",NA,0.0524979999999999
"2025-01-21 01:15",NA,0.042499000000003
"2025-01-21 01:20",NA,0.0715029999999999
"2025-01-21 01:25",NA,0.055495999999998
"2025-01-21 01:30",-0.2,0.0350040000000007
"2025-01-21 01:35",NA,0.0274999999999999
"2025-01-21 01:40",NA,0.0254979999999989
"2025-01-21 01:45",NA,0.0195000000000007
"2025-01-21 01:50",NA,0.00899899999999931
"2025-01-21 01:55",NA,0.0149989999999995
"2025-01-21 02:00",-0.5,0.00750400000000084
"2025-01-21 02:05",NA,0.00499699999999947
"2025-01-21 02:10",NA,0.00450200000000223
"2025-01-21 02:15",NA,0.00199899999999786
"2025-01-21 02:20",NA,0.00199800000000039
"2025-01-21 02:25",NA,0
"2025-01-21 02:30",-0.5,0
"2025-01-21 02:35",NA,0
"2025-01-21 02:40",NA,0
"2025-01-21 02:45",NA,0
"2025-01-21 02:50",NA,0
"2025-01-21 02:55",NA,0
"2025-01-21 03:00",-0.5,0
"2025-01-21 03:05",NA,0
"2025-01-21 03:10",NA,0
"2025-01-21 03:15",NA,0
"2025-01-21 03:20",NA,0
"2025-01-21 03:25",NA,0
"2025-01-21 03:30",-0.4,0
"2025-01-21 03:35",NA,0
"2025-01-21 03:40",NA,0
"2025-01-21 03:45",NA,0
"2025-01-21 03:50",NA,0
"2025-01-21 03:55",NA,0
"2025-01-21 04:00",-0.4,0
"2025-01-21 04:05",NA,0
"2025-01-21 04:10",NA,0
"2025-01-21 04:15",NA,0
"2025-01-21 04:20",NA,0
"2025-01-21 04:25",NA,0
"2025-01-21 04:30",-0.4,0
"2025-01-21 04:35",NA,0
"2025-01-21 04:40",NA,0
"2025-01-21 04:45",NA,0
"2025-01-21 04:50",NA,0
"2025-01-21 04:55",NA,0
"2025-01-21 05:00",-0.6,0
"2025-01-21 05:05",NA,0
"2025-01-21 05:10",NA,0
"2025-01-21 05:15",NA,0
"2025-01-21 05:20",NA,0
"2025-01-21 05:25",NA,0
"2025-01-21 05:30",-0.8,0
"2025-01-21 05:35",NA,0
"2025-01-21 05:40",NA,0
"2025-01-21 05:45",NA,0
"2025-01-21 05:50",NA,0
"2025-01-21 05:55",NA,0
"2025-01-21 06:00",-1,0
"2025-01-21 06:05",NA,0
"2025-01-21 06:10",NA,0
"2025-01-21 06:15",NA,0
"2025-01-21 06:20",NA,0
"2025-01-21 06:25",NA,0
"2025-01-21 06:30",-0.8,0
"2025-01-21 06:35",NA,0
"2025-01-21 06:40",NA,0
"2025-01-21 06:45",NA,0
"2025-01-21 06:50",NA,0
"2025-01-21 06:55",NA,0
"2025-01-21 07:00",-0.1,0
"2025-01-21 07:05",NA,0
"2025-01-21 07:10",NA,0
"2025-01-21 07:15",NA,0
"2025-01-21 07:20",NA,0
"2025-01-21 07:25",NA,0
"2025-01-21 07:30",3.6,0
"2025-01-21 07:35",NA,0
"2025-01-21 07:40",NA,0
"2025-01-21 07:45",NA,0
"2025-01-21 07:50",NA,0
"2025-01-21 07:55",NA,0
"2025-01-21 08:00",7.4,0
"2025-01-21 08:05",NA,0
"2025-01-21 08:10",NA,0
"2025-01-21 08:15",NA,0
"2025-01-21 08:20",NA,0
"2025-01-21 08:25",NA,0
"2025-01-21 08:30",10.4,0
"2025-01-21 08:35",NA,0
"2025-01-21 08:40",NA,0
"2025-01-21 08:45",NA,0
"2025-01-21 08:50",NA,0
"2025-01-21 08:55",NA,0
"2025-01-21 09:00",11.9,0
"2025-01-21 09:05",NA,0
"2025-01-21 09:10",NA,0
"2025-01-21 09:15",NA,0
"2025-01-21 09:20",NA,0
"2025-01-21 09:25",NA,0
"2025-01-21 09:30",13.9,0
"2025-01-21 09:35",NA,0
"2025-01-21 09:40",NA,0
"2025-01-21 09:45",NA,0
"2025-01-21 09:50",NA,0
"2025-01-21 09:55",NA,0
"2025-01-21 10:00",15.5,0
"2025-01-21 10:05",NA,0
"2025-01-21 10:10",NA,0
"2025-01-21 10:15",NA,0
"2025-01-21 10:20",NA,0
"2025-01-21 10:25",NA,0
"2025-01-21 10:30",18,0
"2025-01-21 10:35",NA,0
"2025-01-21 10:40",NA,0
"2025-01-21 10:45",NA,0
"2025-01-21 10:50",NA,0
"2025-01-21 10:55",NA,0
"2025-01-21 11:00",21.200001,0
"2025-01-21 11:05",NA,0
"2025-01-21 11:10",NA,0
"2025-01-21 11:15",NA,0
"2025-01-21 11:20",NA,0
"2025-01-21 11:25",NA,0
"2025-01-21 11:30",18.599998,0
"2025-01-21 11:35",NA,0
"2025-01-21 11:40",NA,0
"2025-01-21 11:45",NA,0
"2025-01-21 11:50",NA,0
"2025-01-21 11:55",NA,0
"2025-01-21 12:00",16.200001,0
"2025-01-21 12:05",NA,0
"2025-01-21 12:10",NA,0
"2025-01-21 12:15",NA,0
"2025-01-21 12:20",NA,0
"2025-01-21 12:25",NA,0
"2025-01-21 12:30",16.399998,0
"2025-01-21 12:35",NA,0
"2025-01-21 12:40",NA,0
"2025-01-21 12:45",NA,0
"2025-01-21 12:50",NA,0
"2025-01-21 12:55",NA,0
"2025-01-21 13:00",14,0
"2025-01-21 13:05",NA,0
"2025-01-21 13:10",NA,0
"2025-01-21 13:15",NA,0
"2025-01-21 13:20",NA,0
"2025-01-21 13:25",NA,0
"2025-01-21 13:30",10.5,0
"2025-01-21 13:35",NA,0
"2025-01-21 13:40",NA,0
"2025-01-21 13:45",NA,0
"2025-01-21 13:50",NA,0
"2025-01-21 13:55",NA,0
"2025-01-21 14:00",7.5,0
"2025-01-21 14:05",NA,0
"2025-01-21 14:10",NA,0
"2025-01-21 14:15",NA,0
"2025-01-21 14:20",NA,0
"2025-01-21 14:25",NA,0
"2025-01-21 14:30",6.4,0
"2025-01-21 14:35",NA,0
"2025-01-21 14:40",NA,0
"2025-01-21 14:45",NA,0
"2025-01-21 14:50",NA,0
"2025-01-21 14:55",NA,0
"2025-01-21 15:00",4.4,0
"2025-01-21 15:05",NA,0
"2025-01-21 15:10",NA,0
"2025-01-21 15:15",NA,0
"2025-01-21 15:20",NA,0
"2025-01-21 15:25",NA,0
"2025-01-21 15:30",3.6,0
"2025-01-21 15:35",NA,0
"2025-01-21 15:40",NA,0
"2025-01-21 15:45",NA,0
"2025-01-21 15:50",NA,0
"2025-01-21 15:55",NA,0
"2025-01-21 16:00",2.8,0
"2025-01-21 16:05",NA,0
"2025-01-21 16:10",NA,0
"2025-01-21 16:15",NA,0
"2025-01-21 16:20",NA,0
"2025-01-21 16:25",NA,0
"2025-01-21 16:30",2.1,0
"2025-01-21 16:35",NA,0
"2025-01-21 16:40",NA,0
"2025-01-21 16:45",NA,0
"2025-01-21 16:50",NA,0
"2025-01-21 16:55",NA,0
"2025-01-21 17:00",1.5,0
"2025-01-21 17:05",NA,0
"2025-01-21 17:10",NA,0
"2025-01-21 17:15",NA,0
"2025-01-21 17:20",NA,0
"2025-01-21 17:25",NA,0
"2025-01-21 17:30",1.2,0
"2025-01-21 17:35",NA,0
"2025-01-21 17:40",NA,0.108502000000001
"2025-01-21 17:45",NA,0.0494990000000008
"2025-01-21 17:50",NA,0.020000999999997
"2025-01-21 17:55",NA,0.0294990000000013
"2025-01-21 18:00",0.9,0.0810010000000005
"2025-01-21 18:05",NA,0.0899999999999999
"2025-01-21 18:10",NA,0.0945019999999985
"2025-01-21 18:15",NA,0.115997
"2025-01-21 18:20",NA,0.121502
"2025-01-21 18:25",NA,0.0649990000000003
"2025-01-21 18:30",0.8,0.0549999999999997
"2025-01-21 18:35",NA,0.0860020000000006
"2025-01-21 18:40",NA,0.122998000000003
"2025-01-21 18:45",NA,0.102500999999997
"2025-01-21 18:50",NA,0.0704990000000016
"2025-01-21 18:55",NA,0.0784990000000008
"2025-01-21 19:00",0.5,0.0850030000000004
"2025-01-21 19:05",NA,0.0779989999999984
"2025-01-21 19:10",NA,0.0944970000000005
"2025-01-21 19:15",NA,0.0775040000000011
"2025-01-21 19:20",NA,0.0535009999999971
"2025-01-21 19:25",NA,0.0799980000000033
"2025-01-21 19:30",0.3,0.0559999999999974
"2025-01-21 19:35",NA,0.0104980000000019
"2025-01-21 19:40",NA,0
"2025-01-21 19:45",NA,0
"2025-01-21 19:50",NA,0
"2025-01-21 19:55",NA,0
"2025-01-21 20:00",0.2,0
"2025-01-21 20:05",NA,0
"2025-01-21 20:10",NA,0
"2025-01-21 20:15",NA,0
"2025-01-21 20:20",NA,0
"2025-01-21 20:25",NA,0
"2025-01-21 20:30",0,0
"2025-01-21 20:35",NA,0
"2025-01-21 20:40",NA,0
"2025-01-21 20:45",NA,0
"2025-01-21 20:50",NA,0
"2025-01-21 20:55",NA,0
"2025-01-21 21:00",-0.1,0
"2025-01-21 21:05",NA,0
"2025-01-21 21:10",NA,0
"2025-01-21 21:15",NA,0
"2025-01-21 21:20",NA,0
"2025-01-21 21:25",NA,0
"2025-01-21 21:30",-0.2,0
"2025-01-21 21:35",NA,0
"2025-01-21 21:40",NA,0
"2025-01-21 21:45",NA,0
"2025-01-21 21:50",NA,0
"2025-01-21 21:55",NA,0
"2025-01-21 22:00",-0.3,0
"2025-01-21 22:05",NA,0
"2025-01-21 22:10",NA,0
"2025-01-21 22:15",NA,0
"2025-01-21 22:20",NA,0
"2025-01-21 22:25",NA,0
"2025-01-21 22:30",-0.5,0
"2025-01-21 22:35",NA,0
"2025-01-21 22:40",NA,0
"2025-01-21 22:45",NA,0
"2025-01-21 22:50",NA,0
"2025-01-21 22:55",NA,0
"2025-01-21 23:00",-0.5,0
"2025-01-21 23:05",NA,0
"2025-01-21 23:10",NA,0
"2025-01-21 23:15",NA,0
"2025-01-21 23:20",NA,0
"2025-01-21 23:25",NA,0
"2025-01-21 23:30",-0.4,0
"2025-01-21 23:35",NA,0
"2025-01-21 23:40",NA,0
"2025-01-21 23:45",NA,0
"2025-01-21 23:50",NA,0
"2025-01-21 23:55",NA,0
"2025-01-22 00:00",-0.5,0
"2025-01-22 00:05",NA,0
"2025-01-22 00:10",NA,0
"2025-01-22 00:15",NA,0
"2025-01-22 00:20",NA,0
"2025-01-22 00:25",NA,0
"2025-01-22 00:30",-0.4,0
"2025-01-22 00:35",NA,0
"2025-01-22 00:40",NA,0
"2025-01-22 00:45",NA,0
"2025-01-22 00:50",NA,0
"2025-01-22 00:55",NA,0
"2025-01-22 01:00",-0.4,0
"2025-01-22 01:05",NA,0
"2025-01-22 01:10",NA,0
"2025-01-22 01:15",NA,0
"2025-01-22 01:20",NA,0
"2025-01-22 01:25",NA,0
"2025-01-22 01:30",-0.4,0
"2025-01-22 01:35",NA,0
"2025-01-22 01:40",NA,0
"2025-01-22 01:45",NA,0
"2025-01-22 01:50",NA,0
"2025-01-22 01:55",NA,0
"2025-01-22 02:00",-0.5,0
"2025-01-22 02:05",NA,0
"2025-01-22 02:10",NA,0
"2025-01-22 02:15",NA,0
"2025-01-22 02:20",NA,0
"2025-01-22 02:25",NA,0
"2025-01-22 02:30",-0.4,0
"2025-01-22 02:35",NA,0
"2025-01-22 02:40",NA,0
"2025-01-22 02:45",NA,0
"2025-01-22 02:50",NA,0
"2025-01-22 02:55",NA,0
"2025-01-22 03:00",-0.4,0
"2025-01-22 03:05",NA,0
"2025-01-22 03:10",NA,0
"2025-01-22 03:15",NA,0
"2025-01-22 03:20",NA,0
"2025-01-22 03:25",NA,0
"2025-01-22 03:30",-0.4,0
"2025-01-22 03:35",NA,0
"2025-01-22 03:40",NA,0
"2025-01-22 03:45",NA,0
"2025-01-22 03:50",NA,0
"2025-01-22 03:55",NA,0
"2025-01-22 04:00",-0.7,0
"2025-01-22 04:05",NA,0
"2025-01-22 04:10",NA,0
"2025-01-22 04:15",NA,0
"2025-01-22 04:20",NA,0
"2025-01-22 04:25",NA,0
"2025-01-22 04:30",-0.5,0
"2025-01-22 04:35",NA,0
"2025-01-22 04:40",NA,0
"2025-01-22 04:45",NA,0
"2025-01-22 04:50",NA,0
"2025-01-22 04:55",NA,0
"2025-01-22 05:00",-0.6,0
"2025-01-22 05:05",NA,0
"2025-01-22 05:10",NA,0
"2025-01-22 05:15",NA,0
"2025-01-22 05:20",NA,0
"2025-01-22 05:25",NA,0
"2025-01-22 05:30",-0.4,0
"2025-01-22 05:35",NA,0
"2025-01-22 05:40",NA,0
"2025-01-22 05:45",NA,0
"2025-01-22 05:50",NA,0
"2025-01-22 05:55",NA,0
"2025-01-22 06:00",-0.2,0
"2025-01-22 06:05",NA,0
"2025-01-22 06:10",NA,0
"2025-01-22 06:15",NA,0
"2025-01-22 06:20",NA,0
"2025-01-22 06:25",NA,0
"2025-01-22 06:30",0.1,0
"2025-01-22 06:35",NA,0
"2025-01-22 06:40",NA,0
"2025-01-22 06:45",NA,0
"2025-01-22 06:50",NA,0
"2025-01-22 06:55",NA,0
"2025-01-22 07:00",0.3,0
"2025-01-22 07:05",NA,0
"2025-01-22 07:10",NA,0
"2025-01-22 07:15",NA,0
"2025-01-22 07:20",NA,0
"2025-01-22 07:25",NA,0
"2025-01-22 07:30",0.6,0
"2025-01-22 07:35",NA,0
"2025-01-22 07:40",NA,0
"2025-01-22 07:45",NA,0
"2025-01-22 07:50",NA,0
"2025-01-22 07:55",NA,0.137999999999998
"2025-01-22 08:00",1.4,0.021999000000001
"2025-01-22 08:05",NA,0.00300299999999964
"2025-01-22 08:10",NA,0.0149989999999995
"2025-01-22 08:15",NA,0
"2025-01-22 08:20",NA,0
"2025-01-22 08:25",NA,0
"2025-01-22 08:30",2.4,0
"2025-01-22 08:35",NA,0
"2025-01-22 08:40",NA,0
"2025-01-22 08:45",NA,0
"2025-01-22 08:50",NA,0
"2025-01-22 08:55",NA,0
"2025-01-22 09:00",2.9,0
"2025-01-22 09:05",NA,0
"2025-01-22 09:10",NA,0
"2025-01-22 09:15",NA,0
"2025-01-22 09:20",NA,0
"2025-01-22 09:25",NA,0
"2025-01-22 09:30",3.7,0
"2025-01-22 09:35",NA,0
"2025-01-22 09:40",NA,0
"2025-01-22 09:45",NA,0
"2025-01-22 09:50",NA,0
"2025-01-22 09:55",NA,0
"2025-01-22 10:00",4.5,0
"2025-01-22 10:05",NA,0
"2025-01-22 10:10",NA,0
"2025-01-22 10:15",NA,0
"2025-01-22 10:20",NA,0
"2025-01-22 10:25",NA,0
"2025-01-22 10:30",6.099999,0
"2025-01-22 10:35",NA,0
"2025-01-22 10:40",NA,0
"2025-01-22 10:45",NA,0
"2025-01-22 10:50",NA,0
"2025-01-22 10:55",NA,0
"2025-01-22 11:00",8.799999,0
"2025-01-22 11:05",NA,0
"2025-01-22 11:10",NA,0
"2025-01-22 11:15",NA,0
"2025-01-22 11:20",NA,0
"2025-01-22 11:25",NA,0
"2025-01-22 11:30",10.199999,0
"2025-01-22 11:35",NA,0
"2025-01-22 11:40",NA,0
"2025-01-22 11:45",NA,0
"2025-01-22 11:50",NA,0
"2025-01-22 11:55",NA,0
"2025-01-22 12:00",9.9,0
"2025-01-22 12:05",NA,0
"2025-01-22 12:10",NA,0
"2025-01-22 12:15",NA,0
"2025-01-22 12:20",NA,0
"2025-01-22 12:25",NA,0
"2025-01-22 12:30",10.9,0
"2025-01-22 12:35",NA,0
"2025-01-22 12:40",NA,0
"2025-01-22 12:45",NA,0
"2025-01-22 12:50",NA,0
"2025-01-22 12:55",NA,0
"2025-01-22 13:00",10.799999,0
"2025-01-22 13:05",NA,0
"2025-01-22 13:10",NA,0
"2025-01-22 13:15",NA,0
"2025-01-22 13:20",NA,0
"2025-01-22 13:25",NA,0
"2025-01-22 13:30",10.4,0
"2025-01-22 13:35",NA,0
"2025-01-22 13:40",NA,0
"2025-01-22 13:45",NA,0
"2025-01-22 13:50",NA,0
"2025-01-22 13:55",NA,0
"2025-01-22 14:00",8.4,0
"2025-01-22 14:05",NA,0
"2025-01-22 14:10",NA,0
"2025-01-22 14:15",NA,0
"2025-01-22 14:20",NA,0
"2025-01-22 14:25",NA,0
"2025-01-22 14:30",6.2,0
"2025-01-22 14:35",NA,0
"2025-01-22 14:40",NA,0
"2025-01-22 14:45",NA,0
"2025-01-22 14:50",NA,0
"2025-01-22 14:55",NA,0
"2025-01-22 15:00",5.2,0
"2025-01-22 15:05",NA,0
"2025-01-22 15:10",NA,0
"2025-01-22 15:15",NA,0
"2025-01-22 15:20",NA,0
"2025-01-22 15:25",NA,0
"2025-01-22 15:30",4,0
"2025-01-22 15:35",NA,0
"2025-01-22 15:40",NA,0
"2025-01-22 15:45",NA,0.0914990000000024
"2025-01-22 15:50",NA,0.0120009999999979
"2025-01-22 15:55",NA,0.045501999999999
"2025-01-22 16:00",3,0.0344960000000007
"2025-01-22 16:05",NA,0.0215040000000002
"2025-01-22 16:10",NA,0
"2025-01-22 16:15",NA,0
"2025-01-22 16:20",NA,0
"2025-01-22 16:25",NA,0
"2025-01-22 16:30",2.4,0
"2025-01-22 16:35",NA,0
"2025-01-22 16:40",NA,0
"2025-01-22 16:45",NA,0
"2025-01-22 16:50",NA,0
"2025-01-22 16:55",NA,0
"2025-01-22 17:00",1.8,0
"2025-01-22 17:05",NA,0
"2025-01-22 17:10",NA,0
"2025-01-22 17:15",NA,0
"2025-01-22 17:20",NA,0
"2025-01-22 17:25",NA,0
"2025-01-22 17:30",1.5,0
"2025-01-22 17:35",NA,0
"2025-01-22 17:40",NA,0.137997000000002
"2025-01-22 17:45",NA,0.0335000000000001
"2025-01-22 17:50",NA,0.0515019999999993
"2025-01-22 17:55",NA,0.070999999999998
"2025-01-22 18:00",1,0.0629990000000014
"2025-01-22 18:05",NA,0.0400010000000002
"2025-01-22 18:10",NA,0.00799999999999912
"2025-01-22 18:15",NA,0.00299800000000161
"2025-01-22 18:20",NA,0
"2025-01-22 18:25",NA,0
"2025-01-22 18:30",0.8,0
"2025-01-22 18:35",NA,0
"2025-01-22 18:40",NA,0
"2025-01-22 18:45",NA,0
"2025-01-22 18:50",NA,0
"2025-01-22 18:55",NA,0
"2025-01-22 19:00",0.6,0
"2025-01-22 19:05",NA,0
"2025-01-22 19:10",NA,0
"2025-01-22 19:15",NA,0
"2025-01-22 19:20",NA,0
"2025-01-22 19:25",NA,0
"2025-01-22 19:30",0.3,0
"2025-01-22 19:35",NA,0
"2025-01-22 19:40",NA,0
"2025-01-22 19:45",NA,0
"2025-01-22 19:50",NA,0
"2025-01-22 19:55",NA,0
"2025-01-22 20:00",0.2,0
"2025-01-22 20:05",NA,0
"2025-01-22 20:10",NA,0
"2025-01-22 20:15",NA,0
"2025-01-22 20:20",NA,0
"2025-01-22 20:25",NA,0
"2025-01-22 20:30",0,0
"2025-01-22 20:35",NA,0
"2025-01-22 20:40",NA,0
"2025-01-22 20:45",NA,0
"2025-01-22 20:50",NA,0
"2025-01-22 20:55",NA,0
"2025-01-22 21:00",0,0
"2025-01-22 21:05",NA,0
"2025-01-22 21:10",NA,0
"2025-01-22 21:15",NA,0
"2025-01-22 21:20",NA,0
"2025-01-22 21:25",NA,0
"2025-01-22 21:30",-0.2,0
"2025-01-22 21:35",NA,0.199000999999999
"2025-01-22 21:40",NA,0.0494999999999983
"2025-01-22 21:45",NA,0.00400100000000236
"2025-01-22 21:50",NA,0.0130009999999992
"2025-01-22 21:55",NA,0.0294990000000013
"2025-01-22 22:00",-0.2,0
"2025-01-22 22:05",NA,0
"2025-01-22 22:10",NA,0
"2025-01-22 22:15",NA,0
"2025-01-22 22:20",NA,0
"2025-01-22 22:25",NA,0
"2025-01-22 22:30",-0.1,0
"2025-01-22 22:35",NA,0
"2025-01-22 22:40",NA,0
"2025-01-22 22:45",NA,0
"2025-01-22 22:50",NA,0
"2025-01-22 22:55",NA,0
"2025-01-22 23:00",-0.1,0
"2025-01-22 23:05",NA,0
"2025-01-22 23:10",NA,0
"2025-01-22 23:15",NA,0
"2025-01-22 23:20",NA,0
"2025-01-22 23:25",NA,0
"2025-01-22 23:30",-0.1,0
"2025-01-22 23:35",NA,0
"2025-01-22 23:40",NA,0
"2025-01-22 23:45",NA,0
"2025-01-22 23:50",NA,0
"2025-01-22 23:55",NA,0
"2025-01-23 00:00",-0.1,0
"2025-01-23 00:05",NA,0
"2025-01-23 00:10",NA,0
"2025-01-23 00:15",NA,0
"2025-01-23 00:20",NA,0
"2025-01-23 00:25",NA,0
"2025-01-23 00:30",-0.4,0
"2025-01-23 00:35",NA,0
"2025-01-23 00:40",NA,0
"2025-01-23 00:45",NA,0
"2025-01-23 00:50",NA,0
"2025-01-23 00:55",NA,0
"2025-01-23 01:00",-0.4,0
"2025-01-23 01:05",NA,0
"2025-01-23 01:10",NA,0
"2025-01-23 01:15",NA,0
"2025-01-23 01:20",NA,0
"2025-01-23 01:25",NA,0
"2025-01-23 01:30",-0.5,0
"2025-01-23 01:35",NA,0
"2025-01-23 01:40",NA,0
"2025-01-23 01:45",NA,0
"2025-01-23 01:50",NA,0
"2025-01-23 01:55",NA,0
"2025-01-23 02:00",-0.2,0
"2025-01-23 02:05",NA,0
"2025-01-23 02:10",NA,0
"2025-01-23 02:15",NA,0
"2025-01-23 02:20",NA,0
"2025-01-23 02:25",NA,0
"2025-01-23 02:30",-0.2,0
"2025-01-23 02:35",NA,0
"2025-01-23 02:40",NA,0
"2025-01-23 02:45",NA,0
"2025-01-23 02:50",NA,0
"2025-01-23 02:55",NA,0
"2025-01-23 03:00",-0.3,0
"2025-01-23 03:05",NA,0
"2025-01-23 03:10",NA,0
"2025-01-23 03:15",NA,0
"2025-01-23 03:20",NA,0
"2025-01-23 03:25",NA,0
"2025-01-23 03:30",-0.2,0
"2025-01-23 03:35",NA,0
"2025-01-23 03:40",NA,0
"2025-01-23 03:45",NA,0
"2025-01-23 03:50",NA,0
"2025-01-23 03:55",NA,0
"2025-01-23 04:00",-0.3,0
"2025-01-23 04:05",NA,0
"2025-01-23 04:10",NA,0
"2025-01-23 04:15",NA,0.106498999999999
"2025-01-23 04:20",NA,0.0335000000000001
"2025-01-23 04:25",NA,0.0234989999999975
"2025-01-23 04:30",-0.4,0.0480000000000018
"2025-01-23 04:35",NA,0.0680009999999989
"2025-01-23 04:40",NA,0.0670010000000012
"2025-01-23 04:45",NA,0.0550010000000007
"2025-01-23 04:50",NA,0.0869979999999977
"2025-01-23 04:55",NA,0.0650019999999998
"2025-01-23 05:00",-0.2,0.0835000000000008
"2025-01-23 05:05",NA,0.0544970000000013
"2025-01-23 05:10",NA,0.0549999999999997
"2025-01-23 05:15",NA,0.0270009999999985
"2025-01-23 05:20",NA,0.00600000000000023
"2025-01-23 05:25",NA,0.0154990000000019
"2025-01-23 05:30",-0.2,0.0110019999999977
"2025-01-23 05:35",NA,0.00999799999999951
"2025-01-23 05:40",NA,0.00300200000000217
"2025-01-23 05:45",NA,0.00899899999999931
"2025-01-23 05:50",NA,0.00500100000000003
"2025-01-23 05:55",NA,0.00799999999999912
"2025-01-23 06:00",-0.3,0.00949800000000067
"2025-01-23 06:05",NA,0.0130009999999992
"2025-01-23 06:10",NA,0.000499000000001359
"2025-01-23 06:15",NA,0
"2025-01-23 06:20",NA,0
"2025-01-23 06:25",NA,0
"2025-01-23 06:30",-0.1,0
"2025-01-23 06:35",NA,0
"2025-01-23 06:40",NA,0
"2025-01-23 06:45",NA,0
"2025-01-23 06:50",NA,0
"2025-01-23 06:55",NA,0
"2025-01-23 07:00",0.2,0
"2025-01-23 07:05",NA,0
"2025-01-23 07:10",NA,0
"2025-01-23 07:15",NA,0
"2025-01-23 07:20",NA,0
"2025-01-23 07:25",NA,0
"2025-01-23 07:30",0.5,0.0860030000000016
"2025-01-23 07:35",NA,0.108996999999999
"2025-01-23 07:40",NA,0.0350000000000001
"2025-01-23 07:45",NA,0.0110019999999977
"2025-01-23 07:50",NA,0.00949800000000067
"2025-01-23 07:55",NA,0.00950300000000226
"2025-01-23 08:00",1.2,0.0149989999999995
"2025-01-23 08:05",NA,0.00799899999999809
"2025-01-23 08:10",NA,0
"2025-01-23 08:15",NA,0
"2025-01-23 08:20",NA,0
"2025-01-23 08:25",NA,0
"2025-01-23 08:30",3.3,0
"2025-01-23 08:35",NA,0
"2025-01-23 08:40",NA,0
"2025-01-23 08:45",NA,0
"2025-01-23 08:50",NA,0
"2025-01-23 08:55",NA,0
"2025-01-23 09:00",5.7,0
"2025-01-23 09:05",NA,0
"2025-01-23 09:10",NA,0
"2025-01-23 09:15",NA,0
"2025-01-23 09:20",NA,0
"2025-01-23 09:25",NA,0
"2025-01-23 09:30",6.2,0
"2025-01-23 09:35",NA,0
"2025-01-23 09:40",NA,0
"2025-01-23 09:45",NA,0
"2025-01-23 09:50",NA,0
"2025-01-23 09:55",NA,0
"2025-01-23 10:00",8.299999,0
"2025-01-23 10:05",NA,0
"2025-01-23 10:10",NA,0
"2025-01-23 10:15",NA,0
"2025-01-23 10:20",NA,0
"2025-01-23 10:25",NA,0
"2025-01-23 10:30",8.199999,0
"2025-01-23 10:35",NA,0
"2025-01-23 10:40",NA,0
"2025-01-23 10:45",NA,0
"2025-01-23 10:50",NA,0
"2025-01-23 10:55",NA,0
"2025-01-23 11:00",8.9,0
"2025-01-23 11:05",NA,0
"2025-01-23 11:10",NA,0
"2025-01-23 11:15",NA,0
"2025-01-23 11:20",NA,0
"2025-01-23 11:25",NA,0
"2025-01-23 11:30",8.199999,0
"2025-01-23 11:35",NA,0
"2025-01-23 11:40",NA,0
"2025-01-23 11:45",NA,0
"2025-01-23 11:50",NA,0
"2025-01-23 11:55",NA,0
"2025-01-23 12:00",7.2,0
"2025-01-23 12:05",NA,0
"2025-01-23 12:10",NA,0
"2025-01-23 12:15",NA,0
"2025-01-23 12:20",NA,0
"2025-01-23 12:25",NA,0
"2025-01-23 12:30",6,0
"2025-01-23 12:35",NA,0
"2025-01-23 12:40",NA,0
"2025-01-23 12:45",NA,0
"2025-01-23 12:50",NA,0
"2025-01-23 12:55",NA,0
"2025-01-23 13:00",5.4,0
"2025-01-23 13:05",NA,0
"2025-01-23 13:10",NA,0
"2025-01-23 13:15",NA,0
"2025-01-23 13:20",NA,0
"2025-01-23 13:25",NA,0
"2025-01-23 13:30",4.3,0
"2025-01-23 13:35",NA,0
"2025-01-23 13:40",NA,0
"2025-01-23 13:45",NA,0
"2025-01-23 13:50",NA,0.445999
"2025-01-23 13:55",NA,0.865002
"2025-01-23 14:00",3,0.727497
"2025-01-23 14:05",NA,0.335502999999999
"2025-01-23 14:10",NA,0.431499000000002
"2025-01-23 14:15",NA,0.388000999999999
"2025-01-23 14:20",NA,0.195498999999998
"2025-01-23 14:25",NA,0.0449980000000032
"2025-01-23 14:30",2,0.0155029999999989
"2025-01-23 14:35",NA,0.0425000000000004
"2025-01-23 14:40",NA,0.00199899999999786
"2025-01-23 14:45",NA,0
"2025-01-23 14:50",NA,0
"2025-01-23 14:55",NA,0
"2025-01-23 15:00",2.7,0
"2025-01-23 15:05",NA,0
"2025-01-23 15:10",NA,0
"2025-01-23 15:15",NA,0
"2025-01-23 15:20",NA,0
"2025-01-23 15:25",NA,0
"2025-01-23 15:30",3.1,0
"2025-01-23 15:35",NA,0
"2025-01-23 15:40",NA,0
"2025-01-23 15:45",NA,0.189998000000003
"2025-01-23 15:50",NA,0.246502
"2025-01-23 15:55",NA,0.301997999999998
"2025-01-23 16:00",2.6,0.245003000000001
"2025-01-23 16:05",NA,0.119999
"2025-01-23 16:10",NA,0.0989990000000027
"2025-01-23 16:15",NA,0.0735019999999977
"2025-01-23 16:20",NA,0.0354990000000015
"2025-01-23 16:25",NA,0.0735019999999977
"2025-01-23 16:30",2,0.0685000000000002
"2025-01-23 16:35",NA,0.0814979999999998
"2025-01-23 16:40",NA,0.195999
"2025-01-23 16:45",NA,0.0855020000000017
"2025-01-23 16:50",NA,0.0474969999999999
"2025-01-23 16:55",NA,0.0740020000000001
"2025-01-23 17:00",1.7,0.0310019999999973
"2025-01-23 17:05",NA,0.0410000000000004
"2025-01-23 17:10",NA,0.00299800000000161
"2025-01-23 17:15",NA,0.0125010000000003
"2025-01-23 17:20",NA,0.155498999999999
"2025-01-23 17:25",NA,0.169001999999999
"2025-01-23 17:30",1.3,0.0869980000000012
"2025-01-23 17:35",NA,0.0470010000000016
"2025-01-23 17:40",NA,0.177498
"2025-01-23 17:45",NA,0.146003999999998
"2025-01-23 17:50",NA,0.243494999999999
"2025-01-23 17:55",NA,0.231003000000001
"2025-01-23 18:00",0.8,0.2225
"2025-01-23 18:05",NA,0.176499
"2025-01-23 18:10",NA,0.125999
"2025-01-23 18:15",NA,0.120502000000002
"2025-01-23 18:20",NA,0.094497999999998
"2025-01-23 18:25",NA,0.0499989999999997
"2025-01-23 18:30",0.5,0.0345010000000023
"2025-01-23 18:35",NA,0.0139989999999983
"2025-01-23 18:40",NA,0.0125010000000003
"2025-01-23 18:45",NA,0.00550099999999887
"2025-01-23 18:50",NA,0.021999000000001
"2025-01-23 18:55",NA,0.00900299999999987
"2025-01-23 19:00",0.3,0.00299800000000161
"2025-01-23 19:05",NA,0.0240019999999994
"2025-01-23 19:10",NA,0.00549699999999831
"2025-01-23 19:15",NA,0
"2025-01-23 19:20",NA,0
"2025-01-23 19:25",NA,0
"2025-01-23 19:30",0.1,0
"2025-01-23 19:35",NA,0
"2025-01-23 19:40",NA,0
"2025-01-23 19:45",NA,0
"2025-01-23 19:50",NA,0
"2025-01-23 19:55",NA,0
"2025-01-23 20:00",0.1,0
"2025-01-23 20:05",NA,0
"2025-01-23 20:10",NA,0
"2025-01-23 20:15",NA,0
"2025-01-23 20:20",NA,0
"2025-01-23 20:25",NA,0
"2025-01-23 20:30",-0.1,0
"2025-01-23 20:35",NA,0
"2025-01-23 20:40",NA,0
"2025-01-23 20:45",NA,0
"2025-01-23 20:50",NA,0.040500999999999
"2025-01-23 20:55",NA,0.0875020000000006
"2025-01-23 21:00",0,0.021999000000001
"2025-01-23 21:05",NA,0.057499
"2025-01-23 21:10",NA,0.0105019999999989
"2025-01-23 21:15",NA,0.0124969999999998
"2025-01-23 21:20",NA,0.0295030000000018
"2025-01-23 21:25",NA,0.016998000000001
"2025-01-23 21:30",-0.1,0.00799899999999809
"2025-01-23 21:35",NA,0.0145000000000017
"2025-01-23 21:40",NA,0.00750000000000028
"2025-01-23 21:45",NA,0.00500100000000003
"2025-01-23 21:50",NA,0.0120009999999979
"2025-01-23 21:55",NA,0.00999799999999951
"2025-01-23 22:00",-0.1,0.0125010000000003
"2025-01-23 22:05",NA,0.00249799999999922
"2025-01-23 22:10",NA,0.000504000000002947
"2025-01-23 22:15",NA,0.000499999999998835
"2025-01-23 22:20",NA,0.0599969999999992
"2025-01-23 22:25",NA,0.134503000000002
"2025-01-23 22:30",-0.2,0.0934979999999968
"2025-01-23 22:35",NA,0.066002000000001
"2025-01-23 22:40",NA,0.0534970000000001
"2025-01-23 22:45",NA,0.0530019999999993
"2025-01-23 22:50",NA,0.0670010000000012
"2025-01-23 22:55",NA,0.0924990000000001
"2025-01-23 23:00",-0.4,0.0520019999999981
"2025-01-23 23:05",NA,0.0359990000000003
"2025-01-23 23:10",NA,0.0229990000000022
"2025-01-23 23:15",NA,0.00500100000000003
"2025-01-23 23:20",NA,0.0109980000000007
"2025-01-23 23:25",NA,0
"2025-01-23 23:30",-0.2,0
"2025-01-23 23:35",NA,0
"2025-01-23 23:40",NA,0
"2025-01-23 23:45",NA,0
"2025-01-23 23:50",NA,0
"2025-01-23 23:55",NA,0
"2025-01-24 00:00",-0.4,0
"2025-01-24 00:05",NA,0
"2025-01-24 00:10",NA,0
"2025-01-24 00:15",NA,0
"2025-01-24 00:20",NA,0
"2025-01-24 00:25",NA,0
"2025-01-24 00:30",-0.4,0
"2025-01-24 00:35",NA,0
"2025-01-24 00:40",NA,0
"2025-01-24 00:45",NA,0
"2025-01-24 00:50",NA,0
"2025-01-24 00:55",NA,0
"2025-01-24 01:00",-0.3,0
"2025-01-24 01:05",NA,0
"2025-01-24 01:10",NA,0
"2025-01-24 01:15",NA,0
"2025-01-24 01:20",NA,0
"2025-01-24 01:25",NA,0
"2025-01-24 01:30",-0.3,0
"2025-01-24 01:35",NA,0
"2025-01-24 01:40",NA,0
"2025-01-24 01:45",NA,0
"2025-01-24 01:50",NA,0
"2025-01-24 01:55",NA,0
"2025-01-24 02:00",-0.5,0
"2025-01-24 02:05",NA,0
"2025-01-24 02:10",NA,0
"2025-01-24 02:15",NA,0
"2025-01-24 02:20",NA,0
"2025-01-24 02:25",NA,0
"2025-01-24 02:30",-0.6,0
"2025-01-24 02:35",NA,0
"2025-01-24 02:40",NA,0
"2025-01-24 02:45",NA,0
"2025-01-24 02:50",NA,0
"2025-01-24 02:55",NA,0
"2025-01-24 03:00",-0.6,0
"2025-01-24 03:05",NA,0
"2025-01-24 03:10",NA,0
"2025-01-24 03:15",NA,0
"2025-01-24 03:20",NA,0
"2025-01-24 03:25",NA,0
"2025-01-24 03:30",-0.5,0
"2025-01-24 03:35",NA,0
"2025-01-24 03:40",NA,0
"2025-01-24 03:45",NA,0
"2025-01-24 03:50",NA,0
"2025-01-24 03:55",NA,0
"2025-01-24 04:00",-0.5,0
"2025-01-24 04:05",NA,0
"2025-01-24 04:10",NA,0
"2025-01-24 04:15",NA,0
"2025-01-24 04:20",NA,0
"2025-01-24 04:25",NA,0
"2025-01-24 04:30",-0.4,0
"2025-01-24 04:35",NA,0
"2025-01-24 04:40",NA,0
"2025-01-24 04:45",NA,0
"2025-01-24 04:50",NA,0
"2025-01-24 04:55",NA,0
"2025-01-24 05:00",-0.5,0
"2025-01-24 05:05",NA,0
"2025-01-24 05:10",NA,0
"2025-01-24 05:15",NA,0
"2025-01-24 05:20",NA,0
"2025-01-24 05:25",NA,0
"2025-01-24 05:30",-0.4,0
"2025-01-24 05:35",NA,0
"2025-01-24 05:40",NA,0
"2025-01-24 05:45",NA,0
"2025-01-24 05:50",NA,0
"2025-01-24 05:55",NA,0
"2025-01-24 06:00",-0.2,0
"2025-01-24 06:05",NA,0
"2025-01-24 06:10",NA,0
"2025-01-24 06:15",NA,0
"2025-01-24 06:20",NA,0
"2025-01-24 06:25",NA,0
"2025-01-24 06:30",-0.2,0
"2025-01-24 06:35",NA,0
"2025-01-24 06:40",NA,0
"2025-01-24 06:45",NA,0
"2025-01-24 06:50",NA,0
"2025-01-24 06:55",NA,0
"2025-01-24 07:00",0.3,0
"2025-01-24 07:05",NA,0
"2025-01-24 07:10",NA,0
"2025-01-24 07:15",NA,0
"2025-01-24 07:20",NA,0
"2025-01-24 07:25",NA,0
"2025-01-24 07:30",0.9,0.115500999999998
"2025-01-24 07:35",NA,0.0444980000000008
"2025-01-24 07:40",NA,0.013500999999998
"2025-01-24 07:45",NA,0.00500100000000003
"2025-01-24 07:50",NA,0.00149900000000258
"2025-01-24 07:55",NA,0
"2025-01-24 08:00",1.4,0
"2025-01-24 08:05",NA,0
"2025-01-24 08:10",NA,0
"2025-01-24 08:15",NA,0
"2025-01-24 08:20",NA,0
"2025-01-24 08:25",NA,0
"2025-01-24 08:30",2,0
"2025-01-24 08:35",NA,0
"2025-01-24 08:40",NA,0
"2025-01-24 08:45",NA,0
"2025-01-24 08:50",NA,0
"2025-01-24 08:55",NA,0
"2025-01-24 09:00",2.4,0
"2025-01-24 09:05",NA,0
"2025-01-24 09:10",NA,0
"2025-01-24 09:15",NA,0
"2025-01-24 09:20",NA,0
"2025-01-24 09:25",NA,0
"2025-01-24 09:30",2.7,0
"2025-01-24 09:35",NA,0
"2025-01-24 09:40",NA,0
"2025-01-24 09:45",NA,0
"2025-01-24 09:50",NA,0
"2025-01-24 09:55",NA,0
"2025-01-24 10:00",3.4,0
"2025-01-24 10:05",NA,0
"2025-01-24 10:10",NA,0
"2025-01-24 10:15",NA,0
"2025-01-24 10:20",NA,0
"2025-01-24 10:25",NA,0
"2025-01-24 10:30",4,0
"2025-01-24 10:35",NA,0
"2025-01-24 10:40",NA,0
"2025-01-24 10:45",NA,0
"2025-01-24 10:50",NA,0
"2025-01-24 10:55",NA,0
"2025-01-24 11:00",4.599999,0
"2025-01-24 11:05",NA,0
"2025-01-24 11:10",NA,0
"2025-01-24 11:15",NA,0
"2025-01-24 11:20",NA,0
"2025-01-24 11:25",NA,0
"2025-01-24 11:30",5.599999,0
"2025-01-24 11:35",NA,0
"2025-01-24 11:40",NA,0
"2025-01-24 11:45",NA,0
"2025-01-24 11:50",NA,0
"2025-01-24 11:55",NA,0
"2025-01-24 12:00",7.4,0
"2025-01-24 12:05",NA,0
"2025-01-24 12:10",NA,0
"2025-01-24 12:15",NA,0
"2025-01-24 12:20",NA,0
"2025-01-24 12:25",NA,0
"2025-01-24 12:30",9.5,0
"2025-01-24 12:35",NA,0
"2025-01-24 12:40",NA,0
"2025-01-24 12:45",NA,0
"2025-01-24 12:50",NA,0
"2025-01-24 12:55",NA,0
"2025-01-24 13:00",10.1,0
"2025-01-24 13:05",NA,0
"2025-01-24 13:10",NA,0
"2025-01-24 13:15",NA,0
"2025-01-24 13:20",NA,0
"2025-01-24 13:25",NA,0
"2025-01-24 13:30",8.799999,0
"2025-01-24 13:35",NA,0
"2025-01-24 13:40",NA,0
"2025-01-24 13:45",NA,0
"2025-01-24 13:50",NA,0.447998000000002
"2025-01-24 13:55",NA,0.496001999999997
"2025-01-24 14:00",6.5,0.119498999999998
"2025-01-24 14:05",NA,0.0190049999999999
"2025-01-24 14:10",NA,0.057495000000003
"2025-01-24 14:15",NA,0.0120009999999979
"2025-01-24 14:20",NA,0.0110019999999977
"2025-01-24 14:25",NA,0.00499700000000303
"2025-01-24 14:30",4,0.0059970000000007
"2025-01-24 14:35",NA,0
"2025-01-24 14:40",NA,0
"2025-01-24 14:45",NA,0
"2025-01-24 14:50",NA,0
"2025-01-24 14:55",NA,0
"2025-01-24 15:00",2.7,0
"2025-01-24 15:05",NA,0
"2025-01-24 15:10",NA,0
"2025-01-24 15:15",NA,0
"2025-01-24 15:20",NA,0
"2025-01-24 15:25",NA,0
"2025-01-24 15:30",2.5,0
"2025-01-24 15:35",NA,0
"2025-01-24 15:40",NA,0
"2025-01-24 15:45",NA,0
"2025-01-24 15:50",NA,0
"2025-01-24 15:55",NA,0
"2025-01-24 16:00",3.5,0
"2025-01-24 16:05",NA,0
"2025-01-24 16:10",NA,0
"2025-01-24 16:15",NA,0
"2025-01-24 16:20",NA,0
"2025-01-24 16:25",NA,0
"2025-01-24 16:30",4.3,0
"2025-01-24 16:35",NA,0
"2025-01-24 16:40",NA,0
"2025-01-24 16:45",NA,0
"2025-01-24 16:50",NA,0
"2025-01-24 16:55",NA,0
"2025-01-24 17:00",4.4,0
"2025-01-24 17:05",NA,0
"2025-01-24 17:10",NA,0
"2025-01-24 17:15",NA,0
"2025-01-24 17:20",NA,0
"2025-01-24 17:25",NA,0
"2025-01-24 17:30",3.6,0
"2025-01-24 17:35",NA,0
"2025-01-24 17:40",NA,0
"2025-01-24 17:45",NA,0
"2025-01-24 17:50",NA,0
"2025-01-24 17:55",NA,0
"2025-01-24 18:00",2.7,0.0710070000000016
"2025-01-24 18:05",NA,0.272994999999995
"2025-01-24 18:10",NA,0.556503000000006
"2025-01-24 18:15",NA,0.661994999999997
"2025-01-24 18:20",NA,0.286003000000001
"2025-01-24 18:25",NA,0.146499999999996
"2025-01-24 18:30",1.9,0.123001000000002
"2025-01-24 18:35",NA,0.182997999999998
"2025-01-24 18:40",NA,0.0885010000000008
"2025-01-24 18:45",NA,0.179497000000005
"2025-01-24 18:50",NA,0.136505
"2025-01-24 18:55",NA,0.0595019999999948
"2025-01-24 19:00",1.4,0.126495000000006
"2025-01-24 19:05",NA,0.138999999999996
"2025-01-24 19:10",NA,0.383003000000002
"2025-01-24 19:15",NA,0.333000999999996
"2025-01-24 19:20",NA,0.149498000000001
"2025-01-24 19:25",NA,0.196998000000001
"2025-01-24 19:30",0.9,0.361000000000004
"2025-01-24 19:35",NA,0.636505
"2025-01-24 19:40",NA,0.499001
"2025-01-24 19:45",NA,0.386496999999999
"2025-01-24 19:50",NA,0.177498
"2025-01-24 19:55",NA,0.184998
"2025-01-24 20:00",0.6,0.284507999999995
"2025-01-24 20:05",NA,0.318992000000001
"2025-01-24 20:10",NA,0.262001000000005
"2025-01-24 20:15",NA,0.244498999999998
"2025-01-24 20:20",NA,0.206001999999998
"2025-01-24 20:25",NA,0.325004
"2025-01-24 20:30",0.5,0.306000000000004
"2025-01-24 20:35",NA,0.166495999999995
"2025-01-24 20:40",NA,0.223998999999999
"2025-01-24 20:45",NA,0.401505
"2025-01-24 20:50",NA,0.522995000000002
"2025-01-24 20:55",NA,0.315497999999998
"2025-01-24 21:00",0.2,0.0540009999999995
"2025-01-24 21:05",NA,0.0080030000000022
"2025-01-24 21:10",NA,0.0244980000000012
"2025-01-24 21:15",NA,0.0114980000000031
"2025-01-24 21:20",NA,0
"2025-01-24 21:25",NA,0
"2025-01-24 21:30",0,0
"2025-01-24 21:35",NA,0
"2025-01-24 21:40",NA,0
"2025-01-24 21:45",NA,0
"2025-01-24 21:50",NA,0
"2025-01-24 21:55",NA,0
"2025-01-24 22:00",0,0
"2025-01-24 22:05",NA,0
"2025-01-24 22:10",NA,0
"2025-01-24 22:15",NA,0
"2025-01-24 22:20",NA,0
"2025-01-24 22:25",NA,0
"2025-01-24 22:30",0.1,0
"2025-01-24 22:35",NA,0
"2025-01-24 22:40",NA,0
"2025-01-24 22:45",NA,0
"2025-01-24 22:50",NA,0
"2025-01-24 22:55",NA,0
"2025-01-24 23:00",-0.3,0
"2025-01-24 23:05",NA,0
"2025-01-24 23:10",NA,0
"2025-01-24 23:15",NA,0
"2025-01-24 23:20",NA,0
"2025-01-24 23:25",NA,0
"2025-01-24 23:30",-0.6,0
"2025-01-24 23:35",NA,0
"2025-01-24 23:40",NA,0
"2025-01-24 23:45",NA,0
"2025-01-24 23:50",NA,0
"2025-01-24 23:55",NA,0
"2025-01-25 00:00",-0.9,0
"2025-01-25 00:05",NA,0
"2025-01-25 00:10",NA,0
"2025-01-25 00:15",NA,0
"2025-01-25 00:20",NA,0
"2025-01-25 00:25",NA,0
"2025-01-25 00:30",-1.3,0
"2025-01-25 00:35",NA,0
"2025-01-25 00:40",NA,0
"2025-01-25 00:45",NA,0
"2025-01-25 00:50",NA,0
"2025-01-25 00:55",NA,0
"2025-01-25 01:00",-1.6,0
"2025-01-25 01:05",NA,0
"2025-01-25 01:10",NA,0
"2025-01-25 01:15",NA,0
"2025-01-25 01:20",NA,0
"2025-01-25 01:25",NA,0
"2025-01-25 01:30",-1.9,0
"2025-01-25 01:35",NA,0
"2025-01-25 01:40",NA,0
"2025-01-25 01:45",NA,0
"2025-01-25 01:50",NA,0
"2025-01-25 01:55",NA,0
"2025-01-25 02:00",-1.9,0
"2025-01-25 02:05",NA,0
"2025-01-25 02:10",NA,0
"2025-01-25 02:15",NA,0
"2025-01-25 02:20",NA,0
"2025-01-25 02:25",NA,0
"2025-01-25 02:30",-2.2,0
"2025-01-25 02:35",NA,0
"2025-01-25 02:40",NA,0
"2025-01-25 02:45",NA,0
"2025-01-25 02:50",NA,0
"2025-01-25 02:55",NA,0
"2025-01-25 03:00",-2.4,0
"2025-01-25 03:05",NA,0
"2025-01-25 03:10",NA,0
"2025-01-25 03:15",NA,0
"2025-01-25 03:20",NA,0
"2025-01-25 03:25",NA,0
"2025-01-25 03:30",-2.7,0
"2025-01-25 03:35",NA,0
"2025-01-25 03:40",NA,0
"2025-01-25 03:45",NA,0
"2025-01-25 03:50",NA,0
"2025-01-25 03:55",NA,0
"2025-01-25 04:00",-2.8,0
"2025-01-25 04:05",NA,0
"2025-01-25 04:10",NA,0
"2025-01-25 04:15",NA,0
"2025-01-25 04:20",NA,0
"2025-01-25 04:25",NA,0
"2025-01-25 04:30",-2.6,0
"2025-01-25 04:35",NA,0
"2025-01-25 04:40",NA,0
"2025-01-25 04:45",NA,0
"2025-01-25 04:50",NA,0
"2025-01-25 04:55",NA,0
"2025-01-25 05:00",-2.2,0
"2025-01-25 05:05",NA,0
"2025-01-25 05:10",NA,0
"2025-01-25 05:15",NA,0
"2025-01-25 05:20",NA,0
"2025-01-25 05:25",NA,0
"2025-01-25 05:30",-1.7,0
"2025-01-25 05:35",NA,0
"2025-01-25 05:40",NA,0
"2025-01-25 05:45",NA,0
"2025-01-25 05:50",NA,0
"2025-01-25 05:55",NA,0
"2025-01-25 06:00",-1.5,0
"2025-01-25 06:05",NA,0
"2025-01-25 06:10",NA,0
"2025-01-25 06:15",NA,0
"2025-01-25 06:20",NA,0
"2025-01-25 06:25",NA,0
"2025-01-25 06:30",-1.3,0
"2025-01-25 06:35",NA,0
"2025-01-25 06:40",NA,0
"2025-01-25 06:45",NA,0
"2025-01-25 06:50",NA,0
"2025-01-25 06:55",NA,0
"2025-01-25 07:00",-0.5,0
"2025-01-25 07:05",NA,0
"2025-01-25 07:10",NA,0
"2025-01-25 07:15",NA,0
"2025-01-25 07:20",NA,0
"2025-01-25 07:25",NA,0
"2025-01-25 07:30",0.6,0
"2025-01-25 07:35",NA,0
"2025-01-25 07:40",NA,0
"2025-01-25 07:45",NA,0
"2025-01-25 07:50",NA,0
"2025-01-25 07:55",NA,0
"2025-01-25 08:00",1.8,0
"2025-01-25 08:05",NA,0
"2025-01-25 08:10",NA,0
"2025-01-25 08:15",NA,0
"2025-01-25 08:20",NA,0.647002999999998
"2025-01-25 08:25",NA,0.195999
"2025-01-25 08:30",4.8,0
"2025-01-25 08:35",NA,0
"2025-01-25 08:40",NA,0
"2025-01-25 08:45",NA,0
"2025-01-25 08:50",NA,0
"2025-01-25 08:55",NA,0
"2025-01-25 09:00",5.9,0
"2025-01-25 09:05",NA,0
"2025-01-25 09:10",NA,0
"2025-01-25 09:15",NA,0
"2025-01-25 09:20",NA,0
"2025-01-25 09:25",NA,0
"2025-01-25 09:30",6.4,0
"2025-01-25 09:35",NA,0
"2025-01-25 09:40",NA,0
"2025-01-25 09:45",NA,0
"2025-01-25 09:50",NA,0
"2025-01-25 09:55",NA,0
"2025-01-25 10:00",8.4,0
"2025-01-25 10:05",NA,0
"2025-01-25 10:10",NA,0
"2025-01-25 10:15",NA,0
"2025-01-25 10:20",NA,0
"2025-01-25 10:25",NA,0
"2025-01-25 10:30",10.799999,0
"2025-01-25 10:35",NA,0
"2025-01-25 10:40",NA,0
"2025-01-25 10:45",NA,0
"2025-01-25 10:50",NA,0
"2025-01-25 10:55",NA,0
"2025-01-25 11:00",12.4,0
"2025-01-25 11:05",NA,0
"2025-01-25 11:10",NA,0
"2025-01-25 11:15",NA,0
"2025-01-25 11:20",NA,0
"2025-01-25 11:25",NA,0
"2025-01-25 11:30",12.1,0
"2025-01-25 11:35",NA,0
"2025-01-25 11:40",NA,0
"2025-01-25 11:45",NA,0
"2025-01-25 11:50",NA,0
"2025-01-25 11:55",NA,0
"2025-01-25 12:00",8.799999,0
"2025-01-25 12:05",NA,0
"2025-01-25 12:10",NA,0
"2025-01-25 12:15",NA,0
"2025-01-25 12:20",NA,0
"2025-01-25 12:25",NA,0
"2025-01-25 12:30",11.9,0
"2025-01-25 12:35",NA,0
"2025-01-25 12:40",NA,0
"2025-01-25 12:45",NA,0
"2025-01-25 12:50",NA,0
"2025-01-25 12:55",NA,0
"2025-01-25 13:00",14.199999,0
"2025-01-25 13:05",NA,0
"2025-01-25 13:10",NA,0
"2025-01-25 13:15",NA,0
"2025-01-25 13:20",NA,0
"2025-01-25 13:25",NA,0
"2025-01-25 13:30",11.699999,0.1325
"2025-01-25 13:35",NA,1.014
"2025-01-25 13:40",NA,0.971000000000004
"2025-01-25 13:45",NA,0.119003999999997
"2025-01-25 13:50",NA,0.0124970000000033
"2025-01-25 13:55",NA,0.00500499999999704
"2025-01-25 14:00",7.599999,0.00499700000000303
"2025-01-25 14:05",NA,0
"2025-01-25 14:10",NA,0
"2025-01-25 14:15",NA,0
"2025-01-25 14:20",NA,0
"2025-01-25 14:25",NA,0
"2025-01-25 14:30",5.3,0
"2025-01-25 14:35",NA,0.0349959999999996
"2025-01-25 14:40",NA,0.0700069999999968
"2025-01-25 14:45",NA,0.0704959999999986
"2025-01-25 14:50",NA,0.0185010000000005
"2025-01-25 14:55",NA,0.0134960000000035
"2025-01-25 15:00",4.099999,0.00150299999999959
"2025-01-25 15:05",NA,0
"2025-01-25 15:10",NA,0
"2025-01-25 15:15",NA,0
"2025-01-25 15:20",NA,0
"2025-01-25 15:25",NA,0
"2025-01-25 15:30",5.2,0
"2025-01-25 15:35",NA,0
"2025-01-25 15:40",NA,0
"2025-01-25 15:45",NA,0
"2025-01-25 15:50",NA,0
"2025-01-25 15:55",NA,0
"2025-01-25 16:00",4.599999,0
"2025-01-25 16:05",NA,0
"2025-01-25 16:10",NA,0
"2025-01-25 16:15",NA,0
"2025-01-25 16:20",NA,0
"2025-01-25 16:25",NA,0
"2025-01-25 16:30",4.8,0
"2025-01-25 16:35",NA,0
"2025-01-25 16:40",NA,0
"2025-01-25 16:45",NA,0
"2025-01-25 16:50",NA,0
"2025-01-25 16:55",NA,0
"2025-01-25 17:00",4.3,0
"2025-01-25 17:05",NA,0
"2025-01-25 17:10",NA,0
"2025-01-25 17:15",NA,0
"2025-01-25 17:20",NA,0
"2025-01-25 17:25",NA,0
"2025-01-25 17:30",4.3,0
"2025-01-25 17:35",NA,0
"2025-01-25 17:40",NA,0
"2025-01-25 17:45",NA,0
"2025-01-25 17:50",NA,0
"2025-01-25 17:55",NA,0
"2025-01-25 18:00",3.7,0
"2025-01-25 18:05",NA,0
"2025-01-25 18:10",NA,0
"2025-01-25 18:15",NA,0
"2025-01-25 18:20",NA,0
"2025-01-25 18:25",NA,0
"2025-01-25 18:30",2.8,0
"2025-01-25 18:35",NA,0
"2025-01-25 18:40",NA,0
"2025-01-25 18:45",NA,0
"2025-01-25 18:50",NA,0
"2025-01-25 18:55",NA,0
"2025-01-25 19:00",2,0
"2025-01-25 19:05",NA,0
"2025-01-25 19:10",NA,0
"2025-01-25 19:15",NA,0
"2025-01-25 19:20",NA,0
"2025-01-25 19:25",NA,0
"2025-01-25 19:30",1.5,0
"2025-01-25 19:35",NA,0
"2025-01-25 19:40",NA,0
"2025-01-25 19:45",NA,0
"2025-01-25 19:50",NA,0
"2025-01-25 19:55",NA,0
"2025-01-25 20:00",1.2,0
"2025-01-25 20:05",NA,0
"2025-01-25 20:10",NA,0
"2025-01-25 20:15",NA,0
"2025-01-25 20:20",NA,0
"2025-01-25 20:25",NA,0
"2025-01-25 20:30",1,0
"2025-01-25 20:35",NA,0
"2025-01-25 20:40",NA,0
"2025-01-25 20:45",NA,0.162498999999997
"2025-01-25 20:50",NA,0.016998000000001
"2025-01-25 20:55",NA,0.00650000000000261
"2025-01-25 21:00",0.9,0
"2025-01-25 21:05",NA,0
"2025-01-25 21:10",NA,0
"2025-01-25 21:15",NA,0
"2025-01-25 21:20",NA,0
"2025-01-25 21:25",NA,0
"2025-01-25 21:30",0.9,0
"2025-01-25 21:35",NA,0
"2025-01-25 21:40",NA,0
"2025-01-25 21:45",NA,0
"2025-01-25 21:50",NA,0
"2025-01-25 21:55",NA,0
"2025-01-25 22:00",0.8,0
"2025-01-25 22:05",NA,0
"2025-01-25 22:10",NA,0
"2025-01-25 22:15",NA,0
"2025-01-25 22:20",NA,0
"2025-01-25 22:25",NA,0
"2025-01-25 22:30",0.6,0
"2025-01-25 22:35",NA,0
"2025-01-25 22:40",NA,0
"2025-01-25 22:45",NA,0
"2025-01-25 22:50",NA,0
"2025-01-25 22:55",NA,0
"2025-01-25 23:00",0.7,0
"2025-01-25 23:05",NA,0
"2025-01-25 23:10",NA,0
"2025-01-25 23:15",NA,0
"2025-01-25 23:20",NA,0
"2025-01-25 23:25",NA,0
"2025-01-25 23:30",0.6,0
"2025-01-25 23:35",NA,0
"2025-01-25 23:40",NA,0
"2025-01-25 23:45",NA,0
"2025-01-25 23:50",NA,0
"2025-01-25 23:55",NA,0
"2025-01-26 00:00",0.6,0
"2025-01-26 00:05",NA,0
"2025-01-26 00:10",NA,0
"2025-01-26 00:15",NA,0
"2025-01-26 00:20",NA,0
"2025-01-26 00:25",NA,0
"2025-01-26 00:30",0.5,0
"2025-01-26 00:35",NA,0
"2025-01-26 00:40",NA,0
"2025-01-26 00:45",NA,0
"2025-01-26 00:50",NA,0
"2025-01-26 00:55",NA,0
"2025-01-26 01:00",0.4,0
"2025-01-26 01:05",NA,0
"2025-01-26 01:10",NA,0
"2025-01-26 01:15",NA,0
"2025-01-26 01:20",NA,0
"2025-01-26 01:25",NA,0
"2025-01-26 01:30",0.2,0
"2025-01-26 01:35",NA,0
"2025-01-26 01:40",NA,0
"2025-01-26 01:45",NA,0
"2025-01-26 01:50",NA,0
"2025-01-26 01:55",NA,0
"2025-01-26 02:00",-0.1,0
"2025-01-26 02:05",NA,0
"2025-01-26 02:10",NA,0
"2025-01-26 02:15",NA,0
"2025-01-26 02:20",NA,0
"2025-01-26 02:25",NA,0
"2025-01-26 02:30",-0.1,0
"2025-01-26 02:35",NA,0
"2025-01-26 02:40",NA,0
"2025-01-26 02:45",NA,0
"2025-01-26 02:50",NA,0
"2025-01-26 02:55",NA,0
"2025-01-26 03:00",-0.1,0
"2025-01-26 03:05",NA,0
"2025-01-26 03:10",NA,0
"2025-01-26 03:15",NA,0
"2025-01-26 03:20",NA,0
"2025-01-26 03:25",NA,0
"2025-01-26 03:30",-0.2,0
"2025-01-26 03:35",NA,0
"2025-01-26 03:40",NA,0
"2025-01-26 03:45",NA,0
"2025-01-26 03:50",NA,0
"2025-01-26 03:55",NA,0
"2025-01-26 04:00",-0.4,0
"2025-01-26 04:05",NA,0
"2025-01-26 04:10",NA,0
"2025-01-26 04:15",NA,0
"2025-01-26 04:20",NA,0
"2025-01-26 04:25",NA,0
"2025-01-26 04:30",-0.6,0
"2025-01-26 04:35",NA,0
"2025-01-26 04:40",NA,0
"2025-01-26 04:45",NA,0
"2025-01-26 04:50",NA,0
"2025-01-26 04:55",NA,0
"2025-01-26 05:00",-0.7,0
"2025-01-26 05:05",NA,0
"2025-01-26 05:10",NA,0
"2025-01-26 05:15",NA,0
"2025-01-26 05:20",NA,0
"2025-01-26 05:25",NA,0
"2025-01-26 05:30",-0.8,0
"2025-01-26 05:35",NA,0
"2025-01-26 05:40",NA,0
"2025-01-26 05:45",NA,0
"2025-01-26 05:50",NA,0
"2025-01-26 05:55",NA,0
"2025-01-26 06:00",-0.6,0
"2025-01-26 06:05",NA,0
"2025-01-26 06:10",NA,0
"2025-01-26 06:15",NA,0
"2025-01-26 06:20",NA,0
"2025-01-26 06:25",NA,0
"2025-01-26 06:30",-0.2,0
"2025-01-26 06:35",NA,0
"2025-01-26 06:40",NA,0
"2025-01-26 06:45",NA,0
"2025-01-26 06:50",NA,0
"2025-01-26 06:55",NA,0
"2025-01-26 07:00",0.8,0
"2025-01-26 07:05",NA,0
"2025-01-26 07:10",NA,0
"2025-01-26 07:15",NA,0
"2025-01-26 07:20",NA,0
"2025-01-26 07:25",NA,0
"2025-01-26 07:30",4.8,0
"2025-01-26 07:35",NA,0
"2025-01-26 07:40",NA,0
"2025-01-26 07:45",NA,0
"2025-01-26 07:50",NA,0
"2025-01-26 07:55",NA,0
"2025-01-26 08:00",7.2,0
"2025-01-26 08:05",NA,0
"2025-01-26 08:10",NA,0
"2025-01-26 08:15",NA,0
"2025-01-26 08:20",NA,0
"2025-01-26 08:25",NA,0
"2025-01-26 08:30",8.1,0
"2025-01-26 08:35",NA,0
"2025-01-26 08:40",NA,0
"2025-01-26 08:45",NA,0
"2025-01-26 08:50",NA,0
"2025-01-26 08:55",NA,0
"2025-01-26 09:00",8.299999,0
"2025-01-26 09:05",NA,0
"2025-01-26 09:10",NA,0
"2025-01-26 09:15",NA,0
"2025-01-26 09:20",NA,0
"2025-01-26 09:25",NA,0
"2025-01-26 09:30",9.199999,0
"2025-01-26 09:35",NA,0
"2025-01-26 09:40",NA,0
"2025-01-26 09:45",NA,0
"2025-01-26 09:50",NA,0
"2025-01-26 09:55",NA,0
"2025-01-26 10:00",9.699999,0
"2025-01-26 10:05",NA,0
"2025-01-26 10:10",NA,0
"2025-01-26 10:15",NA,0
"2025-01-26 10:20",NA,0
"2025-01-26 10:25",NA,0
"2025-01-26 10:30",8.9,0
"2025-01-26 10:35",NA,0
"2025-01-26 10:40",NA,0
"2025-01-26 10:45",NA,0
"2025-01-26 10:50",NA,0
"2025-01-26 10:55",NA,0
"2025-01-26 11:00",7.099999,0
"2025-01-26 11:05",NA,0
"2025-01-26 11:10",NA,0
"2025-01-26 11:15",NA,0
"2025-01-26 11:20",NA,0
"2025-01-26 11:25",NA,0
"2025-01-26 11:30",9.199999,0
"2025-01-26 11:35",NA,0
"2025-01-26 11:40",NA,0
"2025-01-26 11:45",NA,0
"2025-01-26 11:50",NA,0
"2025-01-26 11:55",NA,0
"2025-01-26 12:00",9.299999,0
"2025-01-26 12:05",NA,0
"2025-01-26 12:10",NA,0
"2025-01-26 12:15",NA,0
"2025-01-26 12:20",NA,0
"2025-01-26 12:25",NA,0
"2025-01-26 12:30",7.099999,0.0435030000000012
"2025-01-26 12:35",NA,0.2575
"2025-01-26 12:40",NA,0.611503999999996
"2025-01-26 12:45",NA,0.253996999999998
"2025-01-26 12:50",NA,0.140000000000001
"2025-01-26 12:55",NA,0.0294950000000043
"2025-01-26 13:00",4.599999,0.0300060000000002
"2025-01-26 13:05",NA,0.0130009999999956
"2025-01-26 13:10",NA,0.177498
"2025-01-26 13:15",NA,0.205497000000001
"2025-01-26 13:20",NA,0.103005000000003
"2025-01-26 13:25",NA,0.0970000000000013
"2025-01-26 13:30",3.6,0.0469969999999975
"2025-01-26 13:35",NA,0.0230030000000028
"2025-01-26 13:40",NA,0.0819929999999971
"2025-01-26 13:45",NA,0.0925060000000002
"2025-01-26 13:50",NA,0.109496999999998
"2025-01-26 13:55",NA,0.106498999999999
"2025-01-26 14:00",2.7,0.129006000000004
"2025-01-26 14:05",NA,0.0669929999999965
"2025-01-26 14:10",NA,0.00750000000000028
"2025-01-26 14:15",NA,0
"2025-01-26 14:20",NA,0
"2025-01-26 14:25",NA,0
"2025-01-26 14:30",2.4,0
"2025-01-26 14:35",NA,0
"2025-01-26 14:40",NA,0
"2025-01-26 14:45",NA,0
"2025-01-26 14:50",NA,0
"2025-01-26 14:55",NA,0
"2025-01-26 15:00",2.8,0
"2025-01-26 15:05",NA,0
"2025-01-26 15:10",NA,0
"2025-01-26 15:15",NA,0
"2025-01-26 15:20",NA,0
"2025-01-26 15:25",NA,0
"2025-01-26 15:30",2.7,0.0580059999999989
"2025-01-26 15:35",NA,0.133995000000006
"2025-01-26 15:40",NA,0.0625
"2025-01-26 15:45",NA,0.0260009999999937
"2025-01-26 15:50",NA,0.0145040000000023
"2025-01-26 15:55",NA,0.00899499999999875
"2025-01-26 16:00",2.2,0.0110010000000003
"2025-01-26 16:05",NA,0.0299990000000037
"2025-01-26 16:10",NA,0.0654979999999981
"2025-01-26 16:15",NA,0.100006999999998
"2025-01-26 16:20",NA,0.079498000000001
"2025-01-26 16:25",NA,0.0585020000000043
"2025-01-26 16:30",1.8,0.0194929999999971
"2025-01-26 16:35",NA,0.0395049999999983
"2025-01-26 16:40",NA,0.0244980000000012
"2025-01-26 16:45",NA,0.035499999999999
"2025-01-26 16:50",NA,0.375999
"2025-01-26 16:55",NA,0.379502000000002
"2025-01-26 17:00",1.4,0.341003000000001
"2025-01-26 17:05",NA,0.314994999999996
"2025-01-26 17:10",NA,0.226005000000001
"2025-01-26 17:15",NA,0.181496000000003
"2025-01-26 17:20",NA,0.118003999999999
"2025-01-26 17:25",NA,0.0599970000000027
"2025-01-26 17:30",1.1,0.115501999999999
"2025-01-26 17:35",NA,0.0549999999999997
"2025-01-26 17:40",NA,0.0339969999999994
"2025-01-26 17:45",NA,0.0240019999999959
"2025-01-26 17:50",NA,0.0104980000000054
"2025-01-26 17:55",NA,0.00450099999999765
"2025-01-26 18:00",0.9,0
"2025-01-26 18:05",NA,0
"2025-01-26 18:10",NA,0
"2025-01-26 18:15",NA,0
"2025-01-26 18:20",NA,0
"2025-01-26 18:25",NA,0
"2025-01-26 18:30",0.7,0
"2025-01-26 18:35",NA,0
"2025-01-26 18:40",NA,0
"2025-01-26 18:45",NA,0
"2025-01-26 18:50",NA,0
"2025-01-26 18:55",NA,0
"2025-01-26 19:00",0.4,0
"2025-01-26 19:05",NA,0
"2025-01-26 19:10",NA,0
"2025-01-26 19:15",NA,0
"2025-01-26 19:20",NA,0
"2025-01-26 19:25",NA,0
"2025-01-26 19:30",0.4,0
"2025-01-26 19:35",NA,0
"2025-01-26 19:40",NA,0
"2025-01-26 19:45",NA,0
"2025-01-26 19:50",NA,0
"2025-01-26 19:55",NA,0
"2025-01-26 20:00",0.3,0
"2025-01-26 20:05",NA,0
"2025-01-26 20:10",NA,0
"2025-01-26 20:15",NA,0
"2025-01-26 20:20",NA,0
"2025-01-26 20:25",NA,0
"2025-01-26 20:30",0.1,0
"2025-01-26 20:35",NA,0
"2025-01-26 20:40",NA,0
"2025-01-26 20:45",NA,0
"2025-01-26 20:50",NA,0
"2025-01-26 20:55",NA,0
"2025-01-26 21:00",0.2,0
"2025-01-26 21:05",NA,0
"2025-01-26 21:10",NA,0
"2025-01-26 21:15",NA,0
"2025-01-26 21:20",NA,0
"2025-01-26 21:25",NA,0
"2025-01-26 21:30",0,0
"2025-01-26 21:35",NA,0
"2025-01-26 21:40",NA,0
"2025-01-26 21:45",NA,0
"2025-01-26 21:50",NA,0
"2025-01-26 21:55",NA,0
"2025-01-26 22:00",0,0
"2025-01-26 22:05",NA,0
"2025-01-26 22:10",NA,0
"2025-01-26 22:15",NA,0
"2025-01-26 22:20",NA,0
"2025-01-26 22:25",NA,0
"2025-01-26 22:30",0.1,0
"2025-01-26 22:35",NA,0
"2025-01-26 22:40",NA,0
"2025-01-26 22:45",NA,0
"2025-01-26 22:50",NA,0
"2025-01-26 22:55",NA,0
"2025-01-26 23:00",0,0
"2025-01-26 23:05",NA,0
"2025-01-26 23:10",NA,0
"2025-01-26 23:15",NA,0
"2025-01-26 23:20",NA,0
"2025-01-26 23:25",NA,0
"2025-01-26 23:30",0,0
"2025-01-26 23:35",NA,0
"2025-01-26 23:40",NA,0
"2025-01-26 23:45",NA,0
"2025-01-26 23:50",NA,0
"2025-01-26 23:55",NA,0
"2025-01-27 00:00",0.2,0
"2025-01-27 00:05",NA,0
"2025-01-27 00:10",NA,0
"2025-01-27 00:15",NA,0
"2025-01-27 00:20",NA,0
"2025-01-27 00:25",NA,0
"2025-01-27 00:30",0.3,0
"2025-01-27 00:35",NA,0
"2025-01-27 00:40",NA,0
"2025-01-27 00:45",NA,0
"2025-01-27 00:50",NA,0
"2025-01-27 00:55",NA,0
"2025-01-27 01:00",0.3,0
"2025-01-27 01:05",NA,0
"2025-01-27 01:10",NA,0
"2025-01-27 01:15",NA,0
"2025-01-27 01:20",NA,0
"2025-01-27 01:25",NA,0
"2025-01-27 01:30",0.3,0
"2025-01-27 01:35",NA,0
"2025-01-27 01:40",NA,0
"2025-01-27 01:45",NA,0
"2025-01-27 01:50",NA,0
"2025-01-27 01:55",NA,0
"2025-01-27 02:00",0.3,0
"2025-01-27 02:05",NA,0
"2025-01-27 02:10",NA,0
"2025-01-27 02:15",NA,0
"2025-01-27 02:20",NA,0
"2025-01-27 02:25",NA,0
"2025-01-27 02:30",0.3,0
"2025-01-27 02:35",NA,0
"2025-01-27 02:40",NA,0
"2025-01-27 02:45",NA,0
"2025-01-27 02:50",NA,0
"2025-01-27 02:55",NA,0
"2025-01-27 03:00",0.3,0
"2025-01-27 03:05",NA,0
"2025-01-27 03:10",NA,0
"2025-01-27 03:15",NA,0
"2025-01-27 03:20",NA,0
"2025-01-27 03:25",NA,0
"2025-01-27 03:30",0.5,0
"2025-01-27 03:35",NA,0
"2025-01-27 03:40",NA,0
"2025-01-27 03:45",NA,0
"2025-01-27 03:50",NA,0
"2025-01-27 03:55",NA,0
"2025-01-27 04:00",0.5,0
"2025-01-27 04:05",NA,0
"2025-01-27 04:10",NA,0
"2025-01-27 04:15",NA,0
"2025-01-27 04:20",NA,0
"2025-01-27 04:25",NA,0
"2025-01-27 04:30",0.5,0
"2025-01-27 04:35",NA,0
"2025-01-27 04:40",NA,0
"2025-01-27 04:45",NA,0
"2025-01-27 04:50",NA,0
"2025-01-27 04:55",NA,0
"2025-01-27 05:00",0.2,0
"2025-01-27 05:05",NA,0
"2025-01-27 05:10",NA,0
"2025-01-27 05:15",NA,0
"2025-01-27 05:20",NA,0
"2025-01-27 05:25",NA,0
"2025-01-27 05:30",0.2,0
"2025-01-27 05:35",NA,0
"2025-01-27 05:40",NA,0
"2025-01-27 05:45",NA,0
"2025-01-27 05:50",NA,0
"2025-01-27 05:55",NA,0
"2025-01-27 06:00",0.2,0
"2025-01-27 06:05",NA,0
"2025-01-27 06:10",NA,0
"2025-01-27 06:15",NA,0
"2025-01-27 06:20",NA,0
"2025-01-27 06:25",NA,0
"2025-01-27 06:30",0.5,0
"2025-01-27 06:35",NA,0
"2025-01-27 06:40",NA,0
"2025-01-27 06:45",NA,0
"2025-01-27 06:50",NA,0
"2025-01-27 06:55",NA,0
"2025-01-27 07:00",0.6,0
"2025-01-27 07:05",NA,0
"2025-01-27 07:10",NA,0
"2025-01-27 07:15",NA,0
"2025-01-27 07:20",NA,0
"2025-01-27 07:25",NA,0
"2025-01-27 07:30",2.3,0
"2025-01-27 07:35",NA,0
"2025-01-27 07:40",NA,0
"2025-01-27 07:45",NA,0
"2025-01-27 07:50",NA,0
"2025-01-27 07:55",NA,0
"2025-01-27 08:00",3.2,0
"2025-01-27 08:05",NA,0
"2025-01-27 08:10",NA,0
"2025-01-27 08:15",NA,0
"2025-01-27 08:20",NA,0
"2025-01-27 08:25",NA,0
"2025-01-27 08:30",4.3,0
"2025-01-27 08:35",NA,0
"2025-01-27 08:40",NA,0
"2025-01-27 08:45",NA,0
"2025-01-27 08:50",NA,0
"2025-01-27 08:55",NA,0
"2025-01-27 09:00",5.5,0
"2025-01-27 09:05",NA,0
"2025-01-27 09:10",NA,0
"2025-01-27 09:15",NA,0
"2025-01-27 09:20",NA,0
"2025-01-27 09:25",NA,0
"2025-01-27 09:30",7.599999,0
"2025-01-27 09:35",NA,0
"2025-01-27 09:40",NA,0
"2025-01-27 09:45",NA,0
"2025-01-27 09:50",NA,0
"2025-01-27 09:55",NA,0
"2025-01-27 10:00",7.9,0
"2025-01-27 10:05",NA,0
"2025-01-27 10:10",NA,0
"2025-01-27 10:15",NA,0
"2025-01-27 10:20",NA,0
"2025-01-27 10:25",NA,0
"2025-01-27 10:30",7.599999,0
"2025-01-27 10:35",NA,0
"2025-01-27 10:40",NA,0
"2025-01-27 10:45",NA,0
"2025-01-27 10:50",NA,0
"2025-01-27 10:55",NA,0
"2025-01-27 11:00",6.3,0
"2025-01-27 11:05",NA,0
"2025-01-27 11:10",NA,0
"2025-01-27 11:15",NA,0
"2025-01-27 11:20",NA,0
"2025-01-27 11:25",NA,0
"2025-01-27 11:30",6.099999,0
"2025-01-27 11:35",NA,0
"2025-01-27 11:40",NA,0
"2025-01-27 11:45",NA,0
"2025-01-27 11:50",NA,0
"2025-01-27 11:55",NA,0
"2025-01-27 12:00",8.5,0
"2025-01-27 12:05",NA,0
"2025-01-27 12:10",NA,0.224502999999999
"2025-01-27 12:15",NA,3.0765
"2025-01-27 12:20",NA,2.573494
"2025-01-27 12:25",NA,0.774505000000005
"2025-01-27 12:30",6,0.0994949999999974
"2025-01-27 12:35",NA,0.0204999999999984
"2025-01-27 12:40",NA,0.0100020000000001
"2025-01-27 12:45",NA,0.0049980000000005
"2025-01-27 12:50",NA,0.00199899999999786
"2025-01-27 12:55",NA,0
"2025-01-27 13:00",4,0
"2025-01-27 13:05",NA,0
"2025-01-27 13:10",NA,0.165001000000004
"2025-01-27 13:15",NA,0.107504999999996
"2025-01-27 13:20",NA,0.215500000000006
"2025-01-27 13:25",NA,0.137000999999998
"2025-01-27 13:30",2.6,0.115493999999998
"2025-01-27 13:35",NA,0.0655059999999992
"2025-01-27 13:40",NA,0.0294950000000043
"2025-01-27 13:45",NA,0.0285039999999981
"2025-01-27 13:50",NA,0.0654979999999981
"2025-01-27 13:55",NA,0.182503000000004
"2025-01-27 14:00",1.6,0.146498999999999
"2025-01-27 14:05",NA,0.207000999999998
"2025-01-27 14:10",NA,0.254500999999998
"2025-01-27 14:15",NA,0.251999000000005
"2025-01-27 14:20",NA,0.240997999999998
"2025-01-27 14:25",NA,0.144500000000001
"2025-01-27 14:30",1.1,0.129998000000001
"2025-01-27 14:35",NA,0.0185010000000005
"2025-01-27 14:40",NA,0.016998000000001
"2025-01-27 14:45",NA,0.00150299999999959
"2025-01-27 14:50",NA,0.00149599999999595
"2025-01-27 14:55",NA,0
"2025-01-27 15:00",0.9,0
"2025-01-27 15:05",NA,0
"2025-01-27 15:10",NA,0
"2025-01-27 15:15",NA,0
"2025-01-27 15:20",NA,0
"2025-01-27 15:25",NA,0
"2025-01-27 15:30",1.1,0
"2025-01-27 15:35",NA,0
"2025-01-27 15:40",NA,0
"2025-01-27 15:45",NA,0
"2025-01-27 15:50",NA,0
"2025-01-27 15:55",NA,0
"2025-01-27 16:00",1.4,0
"2025-01-27 16:05",NA,0
"2025-01-27 16:10",NA,0
"2025-01-27 16:15",NA,0
"2025-01-27 16:20",NA,0
"2025-01-27 16:25",NA,0
"2025-01-27 16:30",2.2,0
"2025-01-27 16:35",NA,0
"2025-01-27 16:40",NA,0
"2025-01-27 16:45",NA,0
"2025-01-27 16:50",NA,0
"2025-01-27 16:55",NA,0
"2025-01-27 17:00",2,0
"2025-01-27 17:05",NA,0.167503000000004
"2025-01-27 17:10",NA,0.0914989999999989
"2025-01-27 17:15",NA,0.0634999999999977
"2025-01-27 17:20",NA,0.169502000000001
"2025-01-27 17:25",NA,0.108497999999997
"2025-01-27 17:30",1.7,0.0135040000000046
"2025-01-27 17:35",NA,0
"2025-01-27 17:40",NA,0.00699600000000089
"2025-01-27 17:45",NA,0.0070039999999949
"2025-01-27 17:50",NA,0.000999000000000194
"2025-01-27 17:55",NA,0
"2025-01-27 18:00",1.2,0
"2025-01-27 18:05",NA,0
"2025-01-27 18:10",NA,0
"2025-01-27 18:15",NA,0
"2025-01-27 18:20",NA,0
"2025-01-27 18:25",NA,0
"2025-01-27 18:30",0.9,0
"2025-01-27 18:35",NA,0
"2025-01-27 18:40",NA,0
"2025-01-27 18:45",NA,0
"2025-01-27 18:50",NA,0
"2025-01-27 18:55",NA,0
"2025-01-27 19:00",0.6,0
"2025-01-27 19:05",NA,0
"2025-01-27 19:10",NA,0
"2025-01-27 19:15",NA,0
"2025-01-27 19:20",NA,0
"2025-01-27 19:25",NA,0
"2025-01-27 19:30",0.4,0
"2025-01-27 19:35",NA,0
"2025-01-27 19:40",NA,0
"2025-01-27 19:45",NA,0
"2025-01-27 19:50",NA,0
"2025-01-27 19:55",NA,0
"2025-01-27 20:00",0.2,0
"2025-01-27 20:05",NA,0
"2025-01-27 20:10",NA,0
"2025-01-27 20:15",NA,0
"2025-01-27 20:20",NA,0
"2025-01-27 20:25",NA,0
"2025-01-27 20:30",0.1,0
"2025-01-27 20:35",NA,0
"2025-01-27 20:40",NA,0
"2025-01-27 20:45",NA,0
"2025-01-27 20:50",NA,0
"2025-01-27 20:55",NA,0
"2025-01-27 21:00",-0.1,0
"2025-01-27 21:05",NA,0
"2025-01-27 21:10",NA,0
"2025-01-27 21:15",NA,0
"2025-01-27 21:20",NA,0
"2025-01-27 21:25",NA,0
"2025-01-27 21:30",-0.2,0
"2025-01-27 21:35",NA,0
"2025-01-27 21:40",NA,0
"2025-01-27 21:45",NA,0
"2025-01-27 21:50",NA,0
"2025-01-27 21:55",NA,0
"2025-01-27 22:00",-0.4,0
"2025-01-27 22:05",NA,0
"2025-01-27 22:10",NA,0
"2025-01-27 22:15",NA,0
"2025-01-27 22:20",NA,0
"2025-01-27 22:25",NA,0
"2025-01-27 22:30",-0.5,0
"2025-01-27 22:35",NA,0
"2025-01-27 22:40",NA,0
"2025-01-27 22:45",NA,0
"2025-01-27 22:50",NA,0
"2025-01-27 22:55",NA,0
"2025-01-27 23:00",-0.5,0
"2025-01-27 23:05",NA,0
"2025-01-27 23:10",NA,0
"2025-01-27 23:15",NA,0
"2025-01-27 23:20",NA,0
"2025-01-27 23:25",NA,0
"2025-01-27 23:30",-0.6,0
"2025-01-27 23:35",NA,0
"2025-01-27 23:40",NA,0
"2025-01-27 23:45",NA,0
"2025-01-27 23:50",NA,0
"2025-01-27 23:55",NA,0
"2025-01-28 00:00",-0.7,0
"2025-01-28 00:05",NA,0
"2025-01-28 00:10",NA,0
"2025-01-28 00:15",NA,0
"2025-01-28 00:20",NA,0
"2025-01-28 00:25",NA,0
"2025-01-28 00:30",-0.8,0
"2025-01-28 00:35",NA,0
"2025-01-28 00:40",NA,0
"2025-01-28 00:45",NA,0
"2025-01-28 00:50",NA,0
"2025-01-28 00:55",NA,0
"2025-01-28 01:00",-1,0
"2025-01-28 01:05",NA,0
"2025-01-28 01:10",NA,0
"2025-01-28 01:15",NA,0
"2025-01-28 01:20",NA,0
"2025-01-28 01:25",NA,0
"2025-01-28 01:30",-1.1,0
"2025-01-28 01:35",NA,0
"2025-01-28 01:40",NA,0
"2025-01-28 01:45",NA,0
"2025-01-28 01:50",NA,0
"2025-01-28 01:55",NA,0
"2025-01-28 02:00",-1.5,0
"2025-01-28 02:05",NA,0
"2025-01-28 02:10",NA,0
"2025-01-28 02:15",NA,0
"2025-01-28 02:20",NA,0
"2025-01-28 02:25",NA,0
"2025-01-28 02:30",-2.3,0
"2025-01-28 02:35",NA,0
"2025-01-28 02:40",NA,0
"2025-01-28 02:45",NA,0
"2025-01-28 02:50",NA,0
"2025-01-28 02:55",NA,0
"2025-01-28 03:00",-2.9,0
"2025-01-28 03:05",NA,0
"2025-01-28 03:10",NA,0
"2025-01-28 03:15",NA,0
"2025-01-28 03:20",NA,0
"2025-01-28 03:25",NA,0
"2025-01-28 03:30",-3.3,0
"2025-01-28 03:35",NA,0
"2025-01-28 03:40",NA,0
"2025-01-28 03:45",NA,0
"2025-01-28 03:50",NA,0
"2025-01-28 03:55",NA,0
"2025-01-28 04:00",-3.3,0
"2025-01-28 04:05",NA,0
"2025-01-28 04:10",NA,0
"2025-01-28 04:15",NA,0
"2025-01-28 04:20",NA,0
"2025-01-28 04:25",NA,0
"2025-01-28 04:30",-3.2,0
"2025-01-28 04:35",NA,0
"2025-01-28 04:40",NA,0
"2025-01-28 04:45",NA,0
"2025-01-28 04:50",NA,0
"2025-01-28 04:55",NA,0
"2025-01-28 05:00",-3.3,0
"2025-01-28 05:05",NA,0
"2025-01-28 05:10",NA,0
"2025-01-28 05:15",NA,0
"2025-01-28 05:20",NA,0
"2025-01-28 05:25",NA,0
"2025-01-28 05:30",-3.3,0
"2025-01-28 05:35",NA,0
"2025-01-28 05:40",NA,0
"2025-01-28 05:45",NA,0
"2025-01-28 05:50",NA,0
"2025-01-28 05:55",NA,0
"2025-01-28 06:00",-2.6,0
"2025-01-28 06:05",NA,0
"2025-01-28 06:10",NA,0
"2025-01-28 06:15",NA,0
"2025-01-28 06:20",NA,0
"2025-01-28 06:25",NA,0
"2025-01-28 06:30",-1.3,0
"2025-01-28 06:35",NA,0
"2025-01-28 06:40",NA,0
"2025-01-28 06:45",NA,0
"2025-01-28 06:50",NA,0
"2025-01-28 06:55",NA,0
"2025-01-28 07:00",-0.2,0
"2025-01-28 07:05",NA,0
"2025-01-28 07:10",NA,0
"2025-01-28 07:15",NA,0
"2025-01-28 07:20",NA,0
"2025-01-28 07:25",NA,0
"2025-01-28 07:30",0.5,0
"2025-01-28 07:35",NA,0
"2025-01-28 07:40",NA,0
"2025-01-28 07:45",NA,0
"2025-01-28 07:50",NA,0
"2025-01-28 07:55",NA,0
"2025-01-28 08:00",1.9,0.045501999999999
"2025-01-28 08:05",NA,0.045494000000005
"2025-01-28 08:10",NA,0
"2025-01-28 08:15",NA,0
"2025-01-28 08:20",NA,0
"2025-01-28 08:25",NA,0
"2025-01-28 08:30",4.3,0
"2025-01-28 08:35",NA,0
"2025-01-28 08:40",NA,0
"2025-01-28 08:45",NA,0
"2025-01-28 08:50",NA,0
"2025-01-28 08:55",NA,0
"2025-01-28 09:00",7.099999,0
"2025-01-28 09:05",NA,0
"2025-01-28 09:10",NA,0
"2025-01-28 09:15",NA,0
"2025-01-28 09:20",NA,0
"2025-01-28 09:25",NA,0
"2025-01-28 09:30",8.799999,0
"2025-01-28 09:35",NA,0
"2025-01-28 09:40",NA,0
"2025-01-28 09:45",NA,0
"2025-01-28 09:50",NA,0
"2025-01-28 09:55",NA,0
"2025-01-28 10:00",11.299999,0
"2025-01-28 10:05",NA,0
"2025-01-28 10:10",NA,0
"2025-01-28 10:15",NA,0
"2025-01-28 10:20",NA,0
"2025-01-28 10:25",NA,0
"2025-01-28 10:30",13.799999,0
"2025-01-28 10:35",NA,0
"2025-01-28 10:40",NA,0
"2025-01-28 10:45",NA,0
"2025-01-28 10:50",NA,0
"2025-01-28 10:55",NA,0
"2025-01-28 11:00",12.199999,0
"2025-01-28 11:05",NA,0
"2025-01-28 11:10",NA,0
"2025-01-28 11:15",NA,0
"2025-01-28 11:20",NA,0
"2025-01-28 11:25",NA,0
"2025-01-28 11:30",11.299999,0
"2025-01-28 11:35",NA,0
"2025-01-28 11:40",NA,0
"2025-01-28 11:45",NA,0
"2025-01-28 11:50",NA,0.418998999999999
"2025-01-28 11:55",NA,0.100501999999999
"2025-01-28 12:00",10,0.00650000000000261
"2025-01-28 12:05",NA,0
"2025-01-28 12:10",NA,0.0790019999999956
"2025-01-28 12:15",NA,0.129502000000002
"2025-01-28 12:20",NA,0.134498000000001
"2025-01-28 12:25",NA,0.0195009999999982
"2025-01-28 12:30",8.4,0.0250010000000032
"2025-01-28 12:35",NA,0.0189979999999963
"2025-01-28 12:40",NA,0.0004950000000008
"2025-01-28 12:45",NA,0
"2025-01-28 12:50",NA,0
"2025-01-28 12:55",NA,0
"2025-01-28 13:00",6.2,0
"2025-01-28 13:05",NA,0
"2025-01-28 13:10",NA,0
"2025-01-28 13:15",NA,0
"2025-01-28 13:20",NA,0
"2025-01-28 13:25",NA,0
"2025-01-28 13:30",4.4,0
"2025-01-28 13:35",NA,0
"2025-01-28 13:40",NA,0
"2025-01-28 13:45",NA,0
"2025-01-28 13:50",NA,0
"2025-01-28 13:55",NA,0
"2025-01-28 14:00",3.1,0
"2025-01-28 14:05",NA,0
"2025-01-28 14:10",NA,0
"2025-01-28 14:15",NA,0
"2025-01-28 14:20",NA,0
"2025-01-28 14:25",NA,0
"2025-01-28 14:30",2.6,0
"2025-01-28 14:35",NA,0
"2025-01-28 14:40",NA,0
"2025-01-28 14:45",NA,0
"2025-01-28 14:50",NA,0
"2025-01-28 14:55",NA,0
"2025-01-28 15:00",2.3,0
"2025-01-28 15:05",NA,0
"2025-01-28 15:10",NA,0
"2025-01-28 15:15",NA,0
"2025-01-28 15:20",NA,0
"2025-01-28 15:25",NA,0
"2025-01-28 15:30",1.9,0.0625
"2025-01-28 15:35",NA,0.186501
"2025-01-28 15:40",NA,0.150505000000003
"2025-01-28 15:45",NA,0.640991
"2025-01-28 15:50",NA,0.602508999999998
"2025-01-28 15:55",NA,0.267502000000007
"2025-01-28 16:00",1.5,0.185500999999988
"2025-01-28 16:05",NA,0.11099200000001
"2025-01-28 16:10",NA,0.141998999999998
"2025-01-28 16:15",NA,0.356505999999996
"2025-01-28 16:20",NA,0.427993999999998
"2025-01-28 16:25",NA,0.207504
"2025-01-28 16:30",1.2,0.218994000000009
"2025-01-28 16:35",NA,0.223510999999988
"2025-01-28 16:40",NA,0.101990000000001
"2025-01-28 16:45",NA,0.0895080000000092
"2025-01-28 16:50",NA,0.0625
"2025-01-28 16:55",NA,0.131499999999988
"2025-01-28 17:00",1,0.223999000000006
"2025-01-28 17:05",NA,0.186995999999994
"2025-01-28 17:10",NA,0.0800020000000075
"2025-01-28 17:15",NA,0.0554960000000051
"2025-01-28 17:20",NA,0.0715029999999928
"2025-01-28 17:25",NA,0.0305019999999985
"2025-01-28 17:30",0.8,0.0244909999999976
"2025-01-28 17:35",NA,0.0115049999999997
"2025-01-28 17:40",NA,0.0420070000000123
"2025-01-28 17:45",NA,0.0169989999999984
"2025-01-28 17:50",NA,0.0274959999999993
"2025-01-28 17:55",NA,0.0310059999999908
"2025-01-28 18:00",0.9,0.00700400000000911
"2025-01-28 18:05",NA,0.0129850000000005
"2025-01-28 18:10",NA,0.0160059999999902
"2025-01-28 18:15",NA,0
"2025-01-28 18:20",NA,0
"2025-01-28 18:25",NA,0
"2025-01-28 18:30",0.6,0
"2025-01-28 18:35",NA,0
"2025-01-28 18:40",NA,0
"2025-01-28 18:45",NA,0
"2025-01-28 18:50",NA,0
"2025-01-28 18:55",NA,0
"2025-01-28 19:00",0.5,0
"2025-01-28 19:05",NA,0
"2025-01-28 19:10",NA,0
"2025-01-28 19:15",NA,0
"2025-01-28 19:20",NA,0
"2025-01-28 19:25",NA,0
"2025-01-28 19:30",0.5,0
"2025-01-28 19:35",NA,0
"2025-01-28 19:40",NA,0
"2025-01-28 19:45",NA,0
"2025-01-28 19:50",NA,0
"2025-01-28 19:55",NA,0
"2025-01-28 20:00",0.5,0
"2025-01-28 20:05",NA,0
"2025-01-28 20:10",NA,0
"2025-01-28 20:15",NA,0
"2025-01-28 20:20",NA,0
"2025-01-28 20:25",NA,0
"2025-01-28 20:30",0.4,0
"2025-01-28 20:35",NA,0
"2025-01-28 20:40",NA,0
"2025-01-28 20:45",NA,0
"2025-01-28 20:50",NA,0
"2025-01-28 20:55",NA,0
"2025-01-28 21:00",0.4,0
"2025-01-28 21:05",NA,0
"2025-01-28 21:10",NA,0
"2025-01-28 21:15",NA,0
"2025-01-28 21:20",NA,0
"2025-01-28 21:25",NA,0
"2025-01-28 21:30",0.4,0
"2025-01-28 21:35",NA,0
"2025-01-28 21:40",NA,0
"2025-01-28 21:45",NA,0
"2025-01-28 21:50",NA,0
"2025-01-28 21:55",NA,0
"2025-01-28 22:00",0.4,0
"2025-01-28 22:05",NA,0
"2025-01-28 22:10",NA,0
"2025-01-28 22:15",NA,0
"2025-01-28 22:20",NA,0
"2025-01-28 22:25",NA,0
"2025-01-28 22:30",0.3,0
"2025-01-28 22:35",NA,0
"2025-01-28 22:40",NA,0
"2025-01-28 22:45",NA,0
"2025-01-28 22:50",NA,0
"2025-01-28 22:55",NA,0
"2025-01-28 23:00",0.2,0
"2025-01-28 23:05",NA,0
"2025-01-28 23:10",NA,0
"2025-01-28 23:15",NA,0
"2025-01-28 23:20",NA,0
"2025-01-28 23:25",NA,0
"2025-01-28 23:30",0.1,0
"2025-01-28 23:35",NA,0
"2025-01-28 23:40",NA,0
"2025-01-28 23:45",NA,0
"2025-01-28 23:50",NA,0
"2025-01-28 23:55",NA,0
"2025-01-29 00:00",-0.1,0
"2025-01-29 00:05",NA,0
"2025-01-29 00:10",NA,0
"2025-01-29 00:15",NA,0
"2025-01-29 00:20",NA,0
"2025-01-29 00:25",NA,0
"2025-01-29 00:30",-0.1,0
"2025-01-29 00:35",NA,0
"2025-01-29 00:40",NA,0
"2025-01-29 00:45",NA,0
"2025-01-29 00:50",NA,0
"2025-01-29 00:55",NA,0
"2025-01-29 01:00",-0.2,0
"2025-01-29 01:05",NA,0
"2025-01-29 01:10",NA,0
"2025-01-29 01:15",NA,0
"2025-01-29 01:20",NA,0
"2025-01-29 01:25",NA,0
"2025-01-29 01:30",-0.4,0
"2025-01-29 01:35",NA,0
"2025-01-29 01:40",NA,0
"2025-01-29 01:45",NA,0
"2025-01-29 01:50",NA,0
"2025-01-29 01:55",NA,0
"2025-01-29 02:00",-0.8,0
"2025-01-29 02:05",NA,0
"2025-01-29 02:10",NA,0
"2025-01-29 02:15",NA,0
"2025-01-29 02:20",NA,0
"2025-01-29 02:25",NA,0
"2025-01-29 02:30",-1.5,0
"2025-01-29 02:35",NA,0
"2025-01-29 02:40",NA,0
"2025-01-29 02:45",NA,0
"2025-01-29 02:50",NA,0
"2025-01-29 02:55",NA,0
"2025-01-29 03:00",-1.8,0
"2025-01-29 03:05",NA,0
"2025-01-29 03:10",NA,0
"2025-01-29 03:15",NA,0
"2025-01-29 03:20",NA,0
"2025-01-29 03:25",NA,0
"2025-01-29 03:30",-2,0
"2025-01-29 03:35",NA,0
"2025-01-29 03:40",NA,0
"2025-01-29 03:45",NA,0
"2025-01-29 03:50",NA,0
"2025-01-29 03:55",NA,0
"2025-01-29 04:00",-2.2,0
"2025-01-29 04:05",NA,0
"2025-01-29 04:10",NA,0
"2025-01-29 04:15",NA,0
"2025-01-29 04:20",NA,0
"2025-01-29 04:25",NA,0
"2025-01-29 04:30",-2,0
"2025-01-29 04:35",NA,0
"2025-01-29 04:40",NA,0
"2025-01-29 04:45",NA,0
"2025-01-29 04:50",NA,0
"2025-01-29 04:55",NA,0
"2025-01-29 05:00",-2.1,0
"2025-01-29 05:05",NA,0
"2025-01-29 05:10",NA,0
"2025-01-29 05:15",NA,0
"2025-01-29 05:20",NA,0
"2025-01-29 05:25",NA,0
"2025-01-29 05:30",-2.2,0
"2025-01-29 05:35",NA,0
"2025-01-29 05:40",NA,0
"2025-01-29 05:45",NA,0
"2025-01-29 05:50",NA,0
"2025-01-29 05:55",NA,0
"2025-01-29 06:00",-1.5,0
"2025-01-29 06:05",NA,0
"2025-01-29 06:10",NA,0
"2025-01-29 06:15",NA,0
"2025-01-29 06:20",NA,0
"2025-01-29 06:25",NA,0
"2025-01-29 06:30",-0.5,0
"2025-01-29 06:35",NA,0
"2025-01-29 06:40",NA,0
"2025-01-29 06:45",NA,0
"2025-01-29 06:50",NA,0
"2025-01-29 06:55",NA,0
"2025-01-29 07:00",1.3,0
"2025-01-29 07:05",NA,0
"2025-01-29 07:10",NA,0.134003000000007
"2025-01-29 07:15",NA,0.0755000000000052
"2025-01-29 07:20",NA,0.0690010000000001
"2025-01-29 07:25",NA,0.0844879999999932
"2025-01-29 07:30",4.3,0.0904989999999941
"2025-01-29 07:35",NA,0.0565040000000039
"2025-01-29 07:40",NA,0.0610039999999969
"2025-01-29 07:45",NA,0.0625
"2025-01-29 07:50",NA,0.0615090000000009
"2025-01-29 07:55",NA,0.0744930000000039
"2025-01-29 08:00",7.5,0.0114899999999949
"2025-01-29 08:05",NA,0
"2025-01-29 08:10",NA,0
"2025-01-29 08:15",NA,0
"2025-01-29 08:20",NA,0
"2025-01-29 08:25",NA,0
"2025-01-29 08:30",8.9,0
"2025-01-29 08:35",NA,0
"2025-01-29 08:40",NA,0
"2025-01-29 08:45",NA,0
"2025-01-29 08:50",NA,0
"2025-01-29 08:55",NA,0
"2025-01-29 09:00",15.4,0
"2025-01-29 09:05",NA,0
"2025-01-29 09:10",NA,0
"2025-01-29 09:15",NA,0
"2025-01-29 09:20",NA,0
"2025-01-29 09:25",NA,0
"2025-01-29 09:30",18.099998,0
"2025-01-29 09:35",NA,0
"2025-01-29 09:40",NA,0
"2025-01-29 09:45",NA,0
"2025-01-29 09:50",NA,0
"2025-01-29 09:55",NA,0
"2025-01-29 10:00",14.4,0
"2025-01-29 10:05",NA,0
"2025-01-29 10:10",NA,0
"2025-01-29 10:15",NA,0
"2025-01-29 10:20",NA,0
"2025-01-29 10:25",NA,0
"2025-01-29 10:30",11.1,0
"2025-01-29 10:35",NA,0
"2025-01-29 10:40",NA,0.0595090000000056
"2025-01-29 10:45",NA,0.229491999999993
"2025-01-29 10:50",NA,0.296509
"2025-01-29 10:55",NA,1.460999
"2025-01-29 11:00",8.1,0.825500000000005
"2025-01-29 11:05",NA,0.114502000000002
"2025-01-29 11:10",NA,0.0284879999999958
"2025-01-29 11:15",NA,0.547516000000002
"2025-01-29 11:20",NA,0.119995000000003
"2025-01-29 11:25",NA,0.152999999999992
"2025-01-29 11:30",5.5,0.182006999999999
"2025-01-29 11:35",NA,0.191986000000014
"2025-01-29 11:40",NA,0.0565029999999922
"2025-01-29 11:45",NA,0.0059970000000078
"2025-01-29 11:50",NA,0.00500499999999704
"2025-01-29 11:55",NA,0
"2025-01-29 12:00",5.3,0
"2025-01-29 12:05",NA,0
"2025-01-29 12:10",NA,0
"2025-01-29 12:15",NA,0
"2025-01-29 12:20",NA,0
"2025-01-29 12:25",NA,0
"2025-01-29 12:30",6,0
"2025-01-29 12:35",NA,0
"2025-01-29 12:40",NA,0
"2025-01-29 12:45",NA,0
"2025-01-29 12:50",NA,0
"2025-01-29 12:55",NA,0
"2025-01-29 13:00",5.599999,0
"2025-01-29 13:05",NA,0
"2025-01-29 13:10",NA,0
"2025-01-29 13:15",NA,0
"2025-01-29 13:20",NA,0
"2025-01-29 13:25",NA,0
"2025-01-29 13:30",6,0
"2025-01-29 13:35",NA,0
"2025-01-29 13:40",NA,0
"2025-01-29 13:45",NA,0
"2025-01-29 13:50",NA,0
"2025-01-29 13:55",NA,0
"2025-01-29 14:00",9.699999,0
"2025-01-29 14:05",NA,0
"2025-01-29 14:10",NA,0
"2025-01-29 14:15",NA,0
"2025-01-29 14:20",NA,0
"2025-01-29 14:25",NA,0
"2025-01-29 14:30",8.799999,0
"2025-01-29 14:35",NA,0
"2025-01-29 14:40",NA,0
"2025-01-29 14:45",NA,0
"2025-01-29 14:50",NA,0.152495999999999
"2025-01-29 14:55",NA,0.111007999999998
"2025-01-29 15:00",6.5,0.0204930000000019
"2025-01-29 15:05",NA,0.016998000000001
"2025-01-29 15:10",NA,0.0189969999999988
"2025-01-29 15:15",NA,0.0070039999999949
"2025-01-29 15:20",NA,0.00399799999999573
"2025-01-29 15:25",NA,0.00399700000001246
"2025-01-29 15:30",4.4,0
"2025-01-29 15:35",NA,0
"2025-01-29 15:40",NA,0
"2025-01-29 15:45",NA,0
"2025-01-29 15:50",NA,0
"2025-01-29 15:55",NA,0
"2025-01-29 16:00",3.3,0
"2025-01-29 16:05",NA,0
"2025-01-29 16:10",NA,0
"2025-01-29 16:15",NA,0
"2025-01-29 16:20",NA,0
"2025-01-29 16:25",NA,0
"2025-01-29 16:30",3,0
"2025-01-29 16:35",NA,0
"2025-01-29 16:40",NA,0
"2025-01-29 16:45",NA,0.0410009999999943
"2025-01-29 16:50",NA,0.0455170000000038
"2025-01-29 16:55",NA,0.026488999999998
"2025-01-29 17:00",2.6,0.0364989999999921
"2025-01-29 17:05",NA,0.0124970000000104
"2025-01-29 17:10",NA,0.00199899999999786
"2025-01-29 17:15",NA,0.00199899999999786
"2025-01-29 17:20",NA,0
"2025-01-29 17:25",NA,0
"2025-01-29 17:30",2.2,0
"2025-01-29 17:35",NA,0
"2025-01-29 17:40",NA,0
"2025-01-29 17:45",NA,0
"2025-01-29 17:50",NA,0
"2025-01-29 17:55",NA,0
"2025-01-29 18:00",1.9,0
"2025-01-29 18:05",NA,0
"2025-01-29 18:10",NA,0
"2025-01-29 18:15",NA,0
"2025-01-29 18:20",NA,0
"2025-01-29 18:25",NA,0
"2025-01-29 18:30",1.4,0
"2025-01-29 18:35",NA,0
"2025-01-29 18:40",NA,0
"2025-01-29 18:45",NA,0
"2025-01-29 18:50",NA,0
"2025-01-29 18:55",NA,0
"2025-01-29 19:00",1.1,0
"2025-01-29 19:05",NA,0
"2025-01-29 19:10",NA,0
"2025-01-29 19:15",NA,0
"2025-01-29 19:20",NA,0
"2025-01-29 19:25",NA,0
"2025-01-29 19:30",1,0
"2025-01-29 19:35",NA,0
"2025-01-29 19:40",NA,0
"2025-01-29 19:45",NA,0
"2025-01-29 19:50",NA,0
"2025-01-29 19:55",NA,0
"2025-01-29 20:00",0.8,0
"2025-01-29 20:05",NA,0
"2025-01-29 20:10",NA,0
"2025-01-29 20:15",NA,0
"2025-01-29 20:20",NA,0
"2025-01-29 20:25",NA,0
"2025-01-29 20:30",0.8,0
"2025-01-29 20:35",NA,0
"2025-01-29 20:40",NA,0
"2025-01-29 20:45",NA,0
"2025-01-29 20:50",NA,0
"2025-01-29 20:55",NA,0
"2025-01-29 21:00",0.6,0
"2025-01-29 21:05",NA,0
"2025-01-29 21:10",NA,0
"2025-01-29 21:15",NA,0
"2025-01-29 21:20",NA,0
"2025-01-29 21:25",NA,0
"2025-01-29 21:30",0.6,0
"2025-01-29 21:35",NA,0
"2025-01-29 21:40",NA,0
"2025-01-29 21:45",NA,0
"2025-01-29 21:50",NA,0
"2025-01-29 21:55",NA,0
"2025-01-29 22:00",0.7,0
"2025-01-29 22:05",NA,0
"2025-01-29 22:10",NA,0
"2025-01-29 22:15",NA,0
"2025-01-29 22:20",NA,0
"2025-01-29 22:25",NA,0
"2025-01-29 22:30",0.6,0
"2025-01-29 22:35",NA,0
"2025-01-29 22:40",NA,0
"2025-01-29 22:45",NA,0
"2025-01-29 22:50",NA,0
"2025-01-29 22:55",NA,0
"2025-01-29 23:00",0.5,0
"2025-01-29 23:05",NA,0
"2025-01-29 23:10",NA,0
"2025-01-29 23:15",NA,0
"2025-01-29 23:20",NA,0
"2025-01-29 23:25",NA,0
"2025-01-29 23:30",0.1,0
"2025-01-29 23:35",NA,0
"2025-01-29 23:40",NA,0
"2025-01-29 23:45",NA,0
"2025-01-29 23:50",NA,0
"2025-01-29 23:55",NA,0
"2025-01-30 00:00",-0.1,0
"2025-01-30 00:05",NA,0
"2025-01-30 00:10",NA,0
"2025-01-30 00:15",NA,0
"2025-01-30 00:20",NA,0
"2025-01-30 00:25",NA,0
"2025-01-30 00:30",0.1,0
"2025-01-30 00:35",NA,0
"2025-01-30 00:40",NA,0
"2025-01-30 00:45",NA,0
"2025-01-30 00:50",NA,0
"2025-01-30 00:55",NA,0
"2025-01-30 01:00",-0.1,0
"2025-01-30 01:05",NA,0
"2025-01-30 01:10",NA,0
"2025-01-30 01:15",NA,0
"2025-01-30 01:20",NA,0
"2025-01-30 01:25",NA,0
"2025-01-30 01:30",-0.2,0
"2025-01-30 01:35",NA,0
"2025-01-30 01:40",NA,0
"2025-01-30 01:45",NA,0
"2025-01-30 01:50",NA,0
"2025-01-30 01:55",NA,0
"2025-01-30 02:00",-0.5,0
"2025-01-30 02:05",NA,0
"2025-01-30 02:10",NA,0
"2025-01-30 02:15",NA,0
"2025-01-30 02:20",NA,0
"2025-01-30 02:25",NA,0
"2025-01-30 02:30",-0.5,0
"2025-01-30 02:35",NA,0
"2025-01-30 02:40",NA,0
"2025-01-30 02:45",NA,0
"2025-01-30 02:50",NA,0
"2025-01-30 02:55",NA,0
"2025-01-30 03:00",-0.6,0
"2025-01-30 03:05",NA,0
"2025-01-30 03:10",NA,0
"2025-01-30 03:15",NA,0
"2025-01-30 03:20",NA,0
"2025-01-30 03:25",NA,0
"2025-01-30 03:30",-0.7,0
"2025-01-30 03:35",NA,0
"2025-01-30 03:40",NA,0
"2025-01-30 03:45",NA,0
"2025-01-30 03:50",NA,0
"2025-01-30 03:55",NA,0
"2025-01-30 04:00",-0.8,0
"2025-01-30 04:05",NA,0
"2025-01-30 04:10",NA,0
"2025-01-30 04:15",NA,0
"2025-01-30 04:20",NA,0
"2025-01-30 04:25",NA,0
"2025-01-30 04:30",-1,0
"2025-01-30 04:35",NA,0
"2025-01-30 04:40",NA,0
"2025-01-30 04:45",NA,0
"2025-01-30 04:50",NA,0
"2025-01-30 04:55",NA,0
"2025-01-30 05:00",-1.3,0
"2025-01-30 05:05",NA,0
"2025-01-30 05:10",NA,0
"2025-01-30 05:15",NA,0
"2025-01-30 05:20",NA,0
"2025-01-30 05:25",NA,0
"2025-01-30 05:30",-1.2,0
"2025-01-30 05:35",NA,0
"2025-01-30 05:40",NA,0
"2025-01-30 05:45",NA,0
"2025-01-30 05:50",NA,0
"2025-01-30 05:55",NA,0
"2025-01-30 06:00",-0.9,0
"2025-01-30 06:05",NA,0
"2025-01-30 06:10",NA,0
"2025-01-30 06:15",NA,0
"2025-01-30 06:20",NA,0
"2025-01-30 06:25",NA,0
"2025-01-30 06:30",-0.4,0
"2025-01-30 06:35",NA,0
"2025-01-30 06:40",NA,0
"2025-01-30 06:45",NA,0
"2025-01-30 06:50",NA,0
"2025-01-30 06:55",NA,0
"2025-01-30 07:00",0.6,0
"2025-01-30 07:05",NA,0
"2025-01-30 07:10",NA,0
"2025-01-30 07:15",NA,0
"2025-01-30 07:20",NA,0
"2025-01-30 07:25",NA,0
"2025-01-30 07:30",2.4,0
"2025-01-30 07:35",NA,0
"2025-01-30 07:40",NA,0
"2025-01-30 07:45",NA,0
"2025-01-30 07:50",NA,0
"2025-01-30 07:55",NA,0
"2025-01-30 08:00",5.3,0
"2025-01-30 08:05",NA,0
"2025-01-30 08:10",NA,0
"2025-01-30 08:15",NA,0
"2025-01-30 08:20",NA,0
"2025-01-30 08:25",NA,0
"2025-01-30 08:30",7.3,0
"2025-01-30 08:35",NA,0
"2025-01-30 08:40",NA,0
"2025-01-30 08:45",NA,0
"2025-01-30 08:50",NA,0
"2025-01-30 08:55",NA,0
"2025-01-30 09:00",9.5,0
"2025-01-30 09:05",NA,0
"2025-01-30 09:10",NA,0
"2025-01-30 09:15",NA,0
"2025-01-30 09:20",NA,0
"2025-01-30 09:25",NA,0
"2025-01-30 09:30",9.1,0
"2025-01-30 09:35",NA,0
"2025-01-30 09:40",NA,0
"2025-01-30 09:45",NA,0
"2025-01-30 09:50",NA,0
"2025-01-30 09:55",NA,0
"2025-01-30 10:00",9.1,0
"2025-01-30 10:05",NA,0
"2025-01-30 10:10",NA,0
"2025-01-30 10:15",NA,0
"2025-01-30 10:20",NA,0
"2025-01-30 10:25",NA,0
"2025-01-30 10:30",8.1,0
"2025-01-30 10:35",NA,0
"2025-01-30 10:40",NA,0
"2025-01-30 10:45",NA,0
"2025-01-30 10:50",NA,0
"2025-01-30 10:55",NA,0
"2025-01-30 11:00",7.099999,0
"2025-01-30 11:05",NA,0
"2025-01-30 11:10",NA,0
"2025-01-30 11:15",NA,0
"2025-01-30 11:20",NA,0
"2025-01-30 11:25",NA,0
"2025-01-30 11:30",7.2,0
"2025-01-30 11:35",NA,0
"2025-01-30 11:40",NA,0
"2025-01-30 11:45",NA,0
"2025-01-30 11:50",NA,0
"2025-01-30 11:55",NA,0
"2025-01-30 12:00",6.9,0
"2025-01-30 12:05",NA,0
"2025-01-30 12:10",NA,0
"2025-01-30 12:15",NA,0
"2025-01-30 12:20",NA,0
"2025-01-30 12:25",NA,0
"2025-01-30 12:30",7.5,0
"2025-01-30 12:35",NA,0
"2025-01-30 12:40",NA,0
"2025-01-30 12:45",NA,0
"2025-01-30 12:50",NA,0
"2025-01-30 12:55",NA,0.200500000000005
"2025-01-30 13:00",7.8,0.109009
"2025-01-30 13:05",NA,0.083999999999989
"2025-01-30 13:10",NA,0.0514980000000094
"2025-01-30 13:15",NA,0.0424959999999999
"2025-01-30 13:20",NA,0.0590059999999966
"2025-01-30 13:25",NA,0.00849900000000048
"2025-01-30 13:30",7,0.0449979999999925
"2025-01-30 13:35",NA,0.117508000000001
"2025-01-30 13:40",NA,0.381988000000007
"2025-01-30 13:45",NA,0.212508999999997
"2025-01-30 13:50",NA,0.178498000000005
"2025-01-30 13:55",NA,0.0944969999999898
"2025-01-30 14:00",6.099999,0.0249940000000066
"2025-01-30 14:05",NA,0.104004000000003
"2025-01-30 14:10",NA,0.0279999999999916
"2025-01-30 14:15",NA,0
"2025-01-30 14:20",NA,0
"2025-01-30 14:25",NA,0
"2025-01-30 14:30",5.599999,0
"2025-01-30 14:35",NA,0
"2025-01-30 14:40",NA,0
"2025-01-30 14:45",NA,0
"2025-01-30 14:50",NA,0
"2025-01-30 14:55",NA,0
"2025-01-30 15:00",5.5,0
"2025-01-30 15:05",NA,0
"2025-01-30 15:10",NA,0
"2025-01-30 15:15",NA,0
"2025-01-30 15:20",NA,0
"2025-01-30 15:25",NA,0
"2025-01-30 15:30",4.9,0
"2025-01-30 15:35",NA,0
"2025-01-30 15:40",NA,0
"2025-01-30 15:45",NA,0
"2025-01-30 15:50",NA,0
"2025-01-30 15:55",NA,0
"2025-01-30 16:00",4,0
"2025-01-30 16:05",NA,0.125
"2025-01-30 16:10",NA,0.137009000000006
"2025-01-30 16:15",NA,0.0659940000000034
"2025-01-30 16:20",NA,0.0469969999999904
"2025-01-30 16:25",NA,0
"2025-01-30 16:30",3.3,0
"2025-01-30 16:35",NA,0
"2025-01-30 16:40",NA,0
"2025-01-30 16:45",NA,0
"2025-01-30 16:50",NA,0.120499000000009
"2025-01-30 16:55",NA,0.0815119999999894
"2025-01-30 17:00",2.7,0.0519870000000111
"2025-01-30 17:05",NA,0.0445099999999883
"2025-01-30 17:10",NA,0.0435030000000012
"2025-01-30 17:15",NA,0.218490000000003
"2025-01-30 17:20",NA,0.139008000000004
"2025-01-30 17:25",NA,0.321990999999997
"2025-01-30 17:30",2.1,0.292999000000009
"2025-01-30 17:35",NA,0.0765079999999898
"2025-01-30 17:40",NA,0.0419920000000076
"2025-01-30 17:45",NA,0.0395049999999912
"2025-01-30 17:50",NA,0.0269930000000045
"2025-01-30 17:55",NA,0.0175009999999958
"2025-01-30 18:00",1.6,0.0290070000000071
"2025-01-30 18:05",NA,0.0494999999999948
"2025-01-30 18:10",NA,0.0334930000000071
"2025-01-30 18:15",NA,0.161513999999997
"2025-01-30 18:20",NA,0.217986999999994
"2025-01-30 18:25",NA,0.133499
"2025-01-30 18:30",1.3,0.0805059999999997
"2025-01-30 18:35",NA,0.0639950000000056
"2025-01-30 18:40",NA,0.126007000000001
"2025-01-30 18:45",NA,0.142501999999993
"2025-01-30 18:50",NA,0.222000000000008
"2025-01-30 18:55",NA,0.284499999999994
"2025-01-30 19:00",0.9,0.207001000000005
"2025-01-30 19:05",NA,0.150497000000001
"2025-01-30 19:10",NA,0.10099799999999
"2025-01-30 19:15",NA,0.023499000000001
"2025-01-30 19:20",NA,0.0330050000000028
"2025-01-30 19:25",NA,0.0489960000000025
"2025-01-30 19:30",0.7,0.0780029999999954
"2025-01-30 19:35",NA,0.0345000000000084
"2025-01-30 19:40",NA,0
"2025-01-30 19:45",NA,0
"2025-01-30 19:50",NA,0
"2025-01-30 19:55",NA,0
"2025-01-30 20:00",0.7,0
"2025-01-30 20:05",NA,0
"2025-01-30 20:10",NA,0
"2025-01-30 20:15",NA,0
"2025-01-30 20:20",NA,0
"2025-01-30 20:25",NA,0
"2025-01-30 20:30",0.7,0
"2025-01-30 20:35",NA,0
"2025-01-30 20:40",NA,0
"2025-01-30 20:45",NA,0
"2025-01-30 20:50",NA,0
"2025-01-30 20:55",NA,0
"2025-01-30 21:00",0.5,0
"2025-01-30 21:05",NA,0
"2025-01-30 21:10",NA,0
"2025-01-30 21:15",NA,0
"2025-01-30 21:20",NA,0
"2025-01-30 21:25",NA,0
"2025-01-30 21:30",0.6,0
"2025-01-30 21:35",NA,0
"2025-01-30 21:40",NA,0
"2025-01-30 21:45",NA,0
"2025-01-30 21:50",NA,0
"2025-01-30 21:55",NA,0
"2025-01-30 22:00",0.5,0
"2025-01-30 22:05",NA,0
"2025-01-30 22:10",NA,0
"2025-01-30 22:15",NA,0
"2025-01-30 22:20",NA,0
"2025-01-30 22:25",NA,0
"2025-01-30 22:30",0.4,0
"2025-01-30 22:35",NA,0
"2025-01-30 22:40",NA,0
"2025-01-30 22:45",NA,0
"2025-01-30 22:50",NA,0
"2025-01-30 22:55",NA,0
"2025-01-30 23:00",0.5,0
"2025-01-30 23:05",NA,0
"2025-01-30 23:10",NA,0
"2025-01-30 23:15",NA,0
"2025-01-30 23:20",NA,0
"2025-01-30 23:25",NA,0
"2025-01-30 23:30",0.4,0
"2025-01-30 23:35",NA,0
"2025-01-30 23:40",NA,0
"2025-01-30 23:45",NA,0
"2025-01-30 23:50",NA,0
"2025-01-30 23:55",NA,0
"2025-01-31 00:00",0.3,0
"2025-01-31 00:05",NA,0
"2025-01-31 00:10",NA,0
"2025-01-31 00:15",NA,0
"2025-01-31 00:20",NA,0
"2025-01-31 00:25",NA,0
"2025-01-31 00:30",0.2,0
"2025-01-31 00:35",NA,0
"2025-01-31 00:40",NA,0
"2025-01-31 00:45",NA,0
"2025-01-31 00:50",NA,0
"2025-01-31 00:55",NA,0
"2025-01-31 01:00",-0.1,0
"2025-01-31 01:05",NA,0
"2025-01-31 01:10",NA,0
"2025-01-31 01:15",NA,0
"2025-01-31 01:20",NA,0
"2025-01-31 01:25",NA,0
"2025-01-31 01:30",-0.2,0
"2025-01-31 01:35",NA,0
"2025-01-31 01:40",NA,0
"2025-01-31 01:45",NA,0
"2025-01-31 01:50",NA,0
"2025-01-31 01:55",NA,0
"2025-01-31 02:00",-0.5,0
"2025-01-31 02:05",NA,0
"2025-01-31 02:10",NA,0
"2025-01-31 02:15",NA,0
"2025-01-31 02:20",NA,0
"2025-01-31 02:25",NA,0
"2025-01-31 02:30",-0.5,0
"2025-01-31 02:35",NA,0
"2025-01-31 02:40",NA,0
"2025-01-31 02:45",NA,0
"2025-01-31 02:50",NA,0
"2025-01-31 02:55",NA,0
"2025-01-31 03:00",-0.5,0
"2025-01-31 03:05",NA,0
"2025-01-31 03:10",NA,0
"2025-01-31 03:15",NA,0
"2025-01-31 03:20",NA,0
"2025-01-31 03:25",NA,0
"2025-01-31 03:30",-0.4,0
"2025-01-31 03:35",NA,0
"2025-01-31 03:40",NA,0
"2025-01-31 03:45",NA,0
"2025-01-31 03:50",NA,0
"2025-01-31 03:55",NA,0
"2025-01-31 04:00",-0.5,0
"2025-01-31 04:05",NA,0
"2025-01-31 04:10",NA,0
"2025-01-31 04:15",NA,0
"2025-01-31 04:20",NA,0
"2025-01-31 04:25",NA,0
"2025-01-31 04:30",-0.8,0
"2025-01-31 04:35",NA,0
"2025-01-31 04:40",NA,0
"2025-01-31 04:45",NA,0
"2025-01-31 04:50",NA,0
"2025-01-31 04:55",NA,0
"2025-01-31 05:00",-0.7,0
"2025-01-31 05:05",NA,0
"2025-01-31 05:10",NA,0
"2025-01-31 05:15",NA,0
"2025-01-31 05:20",NA,0
"2025-01-31 05:25",NA,0
"2025-01-31 05:30",-0.5,0
"2025-01-31 05:35",NA,0
"2025-01-31 05:40",NA,0
"2025-01-31 05:45",NA,0
"2025-01-31 05:50",NA,0
"2025-01-31 05:55",NA,0
"2025-01-31 06:00",-0.3,0
"2025-01-31 06:05",NA,0
"2025-01-31 06:10",NA,0
"2025-01-31 06:15",NA,0
"2025-01-31 06:20",NA,0
"2025-01-31 06:25",NA,0
"2025-01-31 06:30",0.1,0
"2025-01-31 06:35",NA,0
"2025-01-31 06:40",NA,0
"2025-01-31 06:45",NA,0
"2025-01-31 06:50",NA,0
"2025-01-31 06:55",NA,0
"2025-01-31 07:00",0.9,0
"2025-01-31 07:05",NA,0
"2025-01-31 07:10",NA,0
"2025-01-31 07:15",NA,0
"2025-01-31 07:20",NA,0
"2025-01-31 07:25",NA,0
"2025-01-31 07:30",4.099999,0
"2025-01-31 07:35",NA,0
"2025-01-31 07:40",NA,0
"2025-01-31 07:45",NA,0
"2025-01-31 07:50",NA,0
"2025-01-31 07:55",NA,0
"2025-01-31 08:00",4.099999,0
"2025-01-31 08:05",NA,0
"2025-01-31 08:10",NA,0
"2025-01-31 08:15",NA,0
"2025-01-31 08:20",NA,0
"2025-01-31 08:25",NA,0
"2025-01-31 08:30",6.599999,0
"2025-01-31 08:35",NA,0
"2025-01-31 08:40",NA,0
"2025-01-31 08:45",NA,0
"2025-01-31 08:50",NA,0
"2025-01-31 08:55",NA,0
"2025-01-31 09:00",8.4,0
"2025-01-31 09:05",NA,0
"2025-01-31 09:10",NA,0
"2025-01-31 09:15",NA,0
"2025-01-31 09:20",NA,0
"2025-01-31 09:25",NA,0
"2025-01-31 09:30",9.699999,0
"2025-01-31 09:35",NA,0
"2025-01-31 09:40",NA,0
"2025-01-31 09:45",NA,0
"2025-01-31 09:50",NA,0
"2025-01-31 09:55",NA,0
"2025-01-31 10:00",13.1,0
"2025-01-31 10:05",NA,0
"2025-01-31 10:10",NA,0
"2025-01-31 10:15",NA,0
"2025-01-31 10:20",NA,0
"2025-01-31 10:25",NA,0
"2025-01-31 10:30",11.9,0
"2025-01-31 10:35",NA,0
"2025-01-31 10:40",NA,0
"2025-01-31 10:45",NA,0
"2025-01-31 10:50",NA,0
"2025-01-31 10:55",NA,0
"2025-01-31 11:00",8.5,0
"2025-01-31 11:05",NA,0
"2025-01-31 11:10",NA,0
"2025-01-31 11:15",NA,0
"2025-01-31 11:20",NA,0
"2025-01-31 11:25",NA,0
"2025-01-31 11:30",5.8,0
"2025-01-31 11:35",NA,0
"2025-01-31 11:40",NA,0
"2025-01-31 11:45",NA,0
"2025-01-31 11:50",NA,0
"2025-01-31 11:55",NA,0
"2025-01-31 12:00",5.3,0
"2025-01-31 12:05",NA,0
"2025-01-31 12:10",NA,0
"2025-01-31 12:15",NA,0
"2025-01-31 12:20",NA,0
"2025-01-31 12:25",NA,0
"2025-01-31 12:30",5.099999,0
"2025-01-31 12:35",NA,0
"2025-01-31 12:40",NA,0
"2025-01-31 12:45",NA,0
"2025-01-31 12:50",NA,0
"2025-01-31 12:55",NA,0
"2025-01-31 13:00",4,0
"2025-01-31 13:05",NA,0
"2025-01-31 13:10",NA,0
"2025-01-31 13:15",NA,0
"2025-01-31 13:20",NA,0
"2025-01-31 13:25",NA,0
"2025-01-31 13:30",3.8,0
"2025-01-31 13:35",NA,0
"2025-01-31 13:40",NA,0
"2025-01-31 13:45",NA,0
"2025-01-31 13:50",NA,0
"2025-01-31 13:55",NA,0.12100199999999
"2025-01-31 14:00",4.7,0.0854950000000088
"2025-01-31 14:05",NA,0.0545039999999943
"2025-01-31 14:10",NA,0.0804899999999975
"2025-01-31 14:15",NA,0.0865030000000075
"2025-01-31 14:20",NA,0.102004999999991
"2025-01-31 14:25",NA,0.0464930000000123
"2025-01-31 14:30",4.099999,0.0460049999999939
"2025-01-31 14:35",NA,0.0175019999999932
"2025-01-31 14:40",NA,0.0299990000000037
"2025-01-31 14:45",NA,0
"2025-01-31 14:50",NA,0
"2025-01-31 14:55",NA,0
"2025-01-31 15:00",3.3,0
"2025-01-31 15:05",NA,0
"2025-01-31 15:10",NA,0
"2025-01-31 15:15",NA,0
"2025-01-31 15:20",NA,0
"2025-01-31 15:25",NA,0
"2025-01-31 15:30",3.2,0
"2025-01-31 15:35",NA,0
"2025-01-31 15:40",NA,0
"2025-01-31 15:45",NA,0
"2025-01-31 15:50",NA,0
"2025-01-31 15:55",NA,0
"2025-01-31 16:00",3.6,0
"2025-01-31 16:05",NA,0
"2025-01-31 16:10",NA,0
"2025-01-31 16:15",NA,0
"2025-01-31 16:20",NA,0
"2025-01-31 16:25",NA,0
"2025-01-31 16:30",3.7,0
"2025-01-31 16:35",NA,0
"2025-01-31 16:40",NA,0
"2025-01-31 16:45",NA,0
"2025-01-31 16:50",NA,0
"2025-01-31 16:55",NA,0
"2025-01-31 17:00",3.2,0
"2025-01-31 17:05",NA,0
"2025-01-31 17:10",NA,0
"2025-01-31 17:15",NA,0
"2025-01-31 17:20",NA,0
"2025-01-31 17:25",NA,0
"2025-01-31 17:30",2.7,0
"2025-01-31 17:35",NA,0
"2025-01-31 17:40",NA,0.0930019999999985
"2025-01-31 17:45",NA,0.0820010000000053
"2025-01-31 17:50",NA,0.0279999999999916
"2025-01-31 17:55",NA,0.0455020000000133
"2025-01-31 18:00",1.9,0.0189969999999988
"2025-01-31 18:05",NA,0.00250199999999268
"2025-01-31 18:10",NA,0.000991999999996551
"2025-01-31 18:15",NA,0
"2025-01-31 18:20",NA,0
"2025-01-31 18:25",NA,0
"2025-01-31 18:30",1.6,0
"2025-01-31 18:35",NA,0
"2025-01-31 18:40",NA,0
"2025-01-31 18:45",NA,0
"2025-01-31 18:50",NA,0
"2025-01-31 18:55",NA,0
"2025-01-31 19:00",1.4,0
"2025-01-31 19:05",NA,0
"2025-01-31 19:10",NA,0
"2025-01-31 19:15",NA,0
"2025-01-31 19:20",NA,0
"2025-01-31 19:25",NA,0
"2025-01-31 19:30",1.1,0
"2025-01-31 19:35",NA,0
"2025-01-31 19:40",NA,0
"2025-01-31 19:45",NA,0
"2025-01-31 19:50",NA,0
"2025-01-31 19:55",NA,0
"2025-01-31 20:00",0.9,0
"2025-01-31 20:05",NA,0
"2025-01-31 20:10",NA,0
"2025-01-31 20:15",NA,0
"2025-01-31 20:20",NA,0
"2025-01-31 20:25",NA,0
"2025-01-31 20:30",0.9,0
"2025-01-31 20:35",NA,0
"2025-01-31 20:40",NA,0
"2025-01-31 20:45",NA,0
"2025-01-31 20:50",NA,0
"2025-01-31 20:55",NA,0
"2025-01-31 21:00",0.6,0
"2025-01-31 21:05",NA,0
"2025-01-31 21:10",NA,0
"2025-01-31 21:15",NA,0
"2025-01-31 21:20",NA,0
"2025-01-31 21:25",NA,0
"2025-01-31 21:30",0.5,0
"2025-01-31 21:35",NA,0
"2025-01-31 21:40",NA,0
"2025-01-31 21:45",NA,0
"2025-01-31 21:50",NA,0
"2025-01-31 21:55",NA,0
"2025-01-31 22:00",0.3,0
"2025-01-31 22:05",NA,0
"2025-01-31 22:10",NA,0
"2025-01-31 22:15",NA,0
"2025-01-31 22:20",NA,0
"2025-01-31 22:25",NA,0
"2025-01-31 22:30",0.2,0
"2025-01-31 22:35",NA,0
"2025-01-31 22:40",NA,0
"2025-01-31 22:45",NA,0
"2025-01-31 22:50",NA,0
"2025-01-31 22:55",NA,0
"2025-01-31 23:00",0.1,0
"2025-01-31 23:05",NA,0
"2025-01-31 23:10",NA,0
"2025-01-31 23:15",NA,0
"2025-01-31 23:20",NA,0
"2025-01-31 23:25",NA,0
"2025-01-31 23:30",0.2,0
"2025-01-31 23:35",NA,0
"2025-01-31 23:40",NA,0
"2025-01-31 23:45",NA,0
"2025-01-31 23:50",NA,0
"2025-01-31 23:55",NA,0
"2025-02-01 00:00",-0.1,0
"2025-02-01 00:05",NA,0
"2025-02-01 00:10",NA,0
"2025-02-01 00:15",NA,0
"2025-02-01 00:20",NA,0
"2025-02-01 00:25",NA,0
"2025-02-01 00:30",-0.2,0
"2025-02-01 00:35",NA,0
"2025-02-01 00:40",NA,0
"2025-02-01 00:45",NA,0
"2025-02-01 00:50",NA,0
"2025-02-01 00:55",NA,0
"2025-02-01 01:00",-0.5,0
"2025-02-01 01:05",NA,0
"2025-02-01 01:10",NA,0
"2025-02-01 01:15",NA,0
"2025-02-01 01:20",NA,0
"2025-02-01 01:25",NA,0
"2025-02-01 01:30",-0.7,0
"2025-02-01 01:35",NA,0
"2025-02-01 01:40",NA,0
"2025-02-01 01:45",NA,0
"2025-02-01 01:50",NA,0
"2025-02-01 01:55",NA,0
"2025-02-01 02:00",-1,0
"2025-02-01 02:05",NA,0
"2025-02-01 02:10",NA,0
"2025-02-01 02:15",NA,0
"2025-02-01 02:20",NA,0
"2025-02-01 02:25",NA,0
"2025-02-01 02:30",-0.9,0
"2025-02-01 02:35",NA,0
"2025-02-01 02:40",NA,0
"2025-02-01 02:45",NA,0
"2025-02-01 02:50",NA,0
"2025-02-01 02:55",NA,0
"2025-02-01 03:00",-0.6,0
"2025-02-01 03:05",NA,0
"2025-02-01 03:10",NA,0
"2025-02-01 03:15",NA,0
"2025-02-01 03:20",NA,0
"2025-02-01 03:25",NA,0
"2025-02-01 03:30",-0.1,0
"2025-02-01 03:35",NA,0
"2025-02-01 03:40",NA,0
"2025-02-01 03:45",NA,0
"2025-02-01 03:50",NA,0
"2025-02-01 03:55",NA,0
"2025-02-01 04:00",0,0
"2025-02-01 04:05",NA,0
"2025-02-01 04:10",NA,0
"2025-02-01 04:15",NA,0
"2025-02-01 04:20",NA,0
"2025-02-01 04:25",NA,0
"2025-02-01 04:30",-0.1,0
"2025-02-01 04:35",NA,0
"2025-02-01 04:40",NA,0
"2025-02-01 04:45",NA,0
"2025-02-01 04:50",NA,0
"2025-02-01 04:55",NA,0
"2025-02-01 05:00",-0.3,0
"2025-02-01 05:05",NA,0
"2025-02-01 05:10",NA,0
"2025-02-01 05:15",NA,0
"2025-02-01 05:20",NA,0
"2025-02-01 05:25",NA,0
"2025-02-01 05:30",-1,0
"2025-02-01 05:35",NA,0
"2025-02-01 05:40",NA,0
"2025-02-01 05:45",NA,0
"2025-02-01 05:50",NA,0
"2025-02-01 05:55",NA,0
"2025-02-01 06:00",-0.9,0
"2025-02-01 06:05",NA,0
"2025-02-01 06:10",NA,0
"2025-02-01 06:15",NA,0
"2025-02-01 06:20",NA,0
"2025-02-01 06:25",NA,0
"2025-02-01 06:30",-0.4,0
"2025-02-01 06:35",NA,0
"2025-02-01 06:40",NA,0
"2025-02-01 06:45",NA,0
"2025-02-01 06:50",NA,0
"2025-02-01 06:55",NA,0
"2025-02-01 07:00",0.7,0
"2025-02-01 07:05",NA,0
"2025-02-01 07:10",NA,0
"2025-02-01 07:15",NA,0
"2025-02-01 07:20",NA,0
"2025-02-01 07:25",NA,0
"2025-02-01 07:30",5,0
"2025-02-01 07:35",NA,0
"2025-02-01 07:40",NA,0
"2025-02-01 07:45",NA,0
"2025-02-01 07:50",NA,0
"2025-02-01 07:55",NA,0
"2025-02-01 08:00",7.2,0
"2025-02-01 08:05",NA,0
"2025-02-01 08:10",NA,0
"2025-02-01 08:15",NA,0
"2025-02-01 08:20",NA,0
"2025-02-01 08:25",NA,0
"2025-02-01 08:30",8.4,0
"2025-02-01 08:35",NA,0
"2025-02-01 08:40",NA,0
"2025-02-01 08:45",NA,0
"2025-02-01 08:50",NA,0
"2025-02-01 08:55",NA,0
"2025-02-01 09:00",9.4,0
"2025-02-01 09:05",NA,0
"2025-02-01 09:10",NA,0
"2025-02-01 09:15",NA,0
"2025-02-01 09:20",NA,0
"2025-02-01 09:25",NA,0
"2025-02-01 09:30",10.699999,0
"2025-02-01 09:35",NA,0
"2025-02-01 09:40",NA,0
"2025-02-01 09:45",NA,0
"2025-02-01 09:50",NA,0
"2025-02-01 09:55",NA,0
"2025-02-01 10:00",12.299999,0
"2025-02-01 10:05",NA,0
"2025-02-01 10:10",NA,0
"2025-02-01 10:15",NA,0
"2025-02-01 10:20",NA,0
"2025-02-01 10:25",NA,0
"2025-02-01 10:30",12.4,0
"2025-02-01 10:35",NA,0
"2025-02-01 10:40",NA,0
"2025-02-01 10:45",NA,0
"2025-02-01 10:50",NA,0
"2025-02-01 10:55",NA,0
"2025-02-01 11:00",13.6,0
"2025-02-01 11:05",NA,0
"2025-02-01 11:10",NA,0
"2025-02-01 11:15",NA,0
"2025-02-01 11:20",NA,0
"2025-02-01 11:25",NA,0
"2025-02-01 11:30",14.299999,0
"2025-02-01 11:35",NA,0
"2025-02-01 11:40",NA,0
"2025-02-01 11:45",NA,0
"2025-02-01 11:50",NA,0
"2025-02-01 11:55",NA,0
"2025-02-01 12:00",14.299999,0
"2025-02-01 12:05",NA,0
"2025-02-01 12:10",NA,0
"2025-02-01 12:15",NA,0
"2025-02-01 12:20",NA,0
"2025-02-01 12:25",NA,0
"2025-02-01 12:30",14,0
"2025-02-01 12:35",NA,0
"2025-02-01 12:40",NA,0
"2025-02-01 12:45",NA,0
"2025-02-01 12:50",NA,0
"2025-02-01 12:55",NA,0
"2025-02-01 13:00",12.299999,0
"2025-02-01 13:05",NA,0
"2025-02-01 13:10",NA,0
"2025-02-01 13:15",NA,0
"2025-02-01 13:20",NA,0
"2025-02-01 13:25",NA,0
"2025-02-01 13:30",11.6,0
"2025-02-01 13:35",NA,0
"2025-02-01 13:40",NA,0
"2025-02-01 13:45",NA,0
"2025-02-01 13:50",NA,0
"2025-02-01 13:55",NA,0
"2025-02-01 14:00",10.6,0
"2025-02-01 14:05",NA,0
"2025-02-01 14:10",NA,0
"2025-02-01 14:15",NA,0
"2025-02-01 14:20",NA,0
"2025-02-01 14:25",NA,0
"2025-02-01 14:30",8.6,0
"2025-02-01 14:35",NA,0
"2025-02-01 14:40",NA,0
"2025-02-01 14:45",NA,0
"2025-02-01 14:50",NA,0
"2025-02-01 14:55",NA,0
"2025-02-01 15:00",7.099999,0
"2025-02-01 15:05",NA,0
"2025-02-01 15:10",NA,0
"2025-02-01 15:15",NA,0.254501000000005
"2025-02-01 15:20",NA,0.141007000000002
"2025-02-01 15:25",NA,0.0839990000000057
"2025-02-01 15:30",5.4,0.071990999999997
"2025-02-01 15:35",NA,0.329498999999998
"2025-02-01 15:40",NA,0.652511000000004
"2025-02-01 15:45",NA,0.509994999999989
"2025-02-01 15:50",NA,0.981994
"2025-02-01 15:55",NA,0.553513000000009
"2025-02-01 16:00",3.7,0.229996
"2025-02-01 16:05",NA,2.741501
"2025-02-01 16:10",NA,1.927002
"2025-02-01 16:15",NA,0.858000999999987
"2025-02-01 16:20",NA,0.196488000000002
"2025-02-01 16:25",NA,0.0160060000000044
"2025-02-01 16:30",2.6,0.0054930000000013
"2025-02-01 16:35",NA,0.00550900000000354
"2025-02-01 16:40",NA,0
"2025-02-01 16:45",NA,0.239989999999992
"2025-02-01 16:50",NA,0.426513999999997
"2025-02-01 16:55",NA,0.169998000000007
"2025-02-01 17:00",2.1,0.132994999999994
"2025-02-01 17:05",NA,0.138504000000012
"2025-02-01 17:10",NA,0.180496999999988
"2025-02-01 17:15",NA,0.0924980000000062
"2025-02-01 17:20",NA,0.0070039999999949
"2025-02-01 17:25",NA,0
"2025-02-01 17:30",1.7,0
"2025-02-01 17:35",NA,0
"2025-02-01 17:40",NA,0
"2025-02-01 17:45",NA,0
"2025-02-01 17:50",NA,0
"2025-02-01 17:55",NA,0
"2025-02-01 18:00",1.3,0
"2025-02-01 18:05",NA,0
"2025-02-01 18:10",NA,0
"2025-02-01 18:15",NA,0
"2025-02-01 18:20",NA,0
"2025-02-01 18:25",NA,0
"2025-02-01 18:30",0.9,0
"2025-02-01 18:35",NA,0
"2025-02-01 18:40",NA,0
"2025-02-01 18:45",NA,0
"2025-02-01 18:50",NA,0
"2025-02-01 18:55",NA,0
"2025-02-01 19:00",0.5,0
"2025-02-01 19:05",NA,0
"2025-02-01 19:10",NA,0
"2025-02-01 19:15",NA,0
"2025-02-01 19:20",NA,0
"2025-02-01 19:25",NA,0
"2025-02-01 19:30",0.2,0
"2025-02-01 19:35",NA,0
"2025-02-01 19:40",NA,0
"2025-02-01 19:45",NA,0
"2025-02-01 19:50",NA,0
"2025-02-01 19:55",NA,0
"2025-02-01 20:00",-0.1,0
"2025-02-01 20:05",NA,0
"2025-02-01 20:10",NA,0
"2025-02-01 20:15",NA,0
"2025-02-01 20:20",NA,0
"2025-02-01 20:25",NA,0
"2025-02-01 20:30",-0.2,0
"2025-02-01 20:35",NA,0
"2025-02-01 20:40",NA,0
"2025-02-01 20:45",NA,0
"2025-02-01 20:50",NA,0
"2025-02-01 20:55",NA,0
"2025-02-01 21:00",-0.7,0
"2025-02-01 21:05",NA,0
"2025-02-01 21:10",NA,0
"2025-02-01 21:15",NA,0
"2025-02-01 21:20",NA,0
"2025-02-01 21:25",NA,0
"2025-02-01 21:30",-0.9,0
"2025-02-01 21:35",NA,0
"2025-02-01 21:40",NA,0
"2025-02-01 21:45",NA,0
"2025-02-01 21:50",NA,0
"2025-02-01 21:55",NA,0
"2025-02-01 22:00",-0.7,0
"2025-02-01 22:05",NA,0
"2025-02-01 22:10",NA,0
"2025-02-01 22:15",NA,0
"2025-02-01 22:20",NA,0
"2025-02-01 22:25",NA,0
"2025-02-01 22:30",-0.7,0
"2025-02-01 22:35",NA,0
"2025-02-01 22:40",NA,0
"2025-02-01 22:45",NA,0
"2025-02-01 22:50",NA,0
"2025-02-01 22:55",NA,0
"2025-02-01 23:00",-0.6,0
"2025-02-01 23:05",NA,0
"2025-02-01 23:10",NA,0
"2025-02-01 23:15",NA,0
"2025-02-01 23:20",NA,0
"2025-02-01 23:25",NA,0
"2025-02-01 23:30",-0.5,0
"2025-02-01 23:35",NA,0
"2025-02-01 23:40",NA,0
"2025-02-01 23:45",NA,0
"2025-02-01 23:50",NA,0
"2025-02-01 23:55",NA,0
"2025-02-02 00:00",-0.8,0
"2025-02-02 00:05",NA,0
"2025-02-02 00:10",NA,0
"2025-02-02 00:15",NA,0
"2025-02-02 00:20",NA,0
"2025-02-02 00:25",NA,0
"2025-02-02 00:30",-1.3,0
"2025-02-02 00:35",NA,0
"2025-02-02 00:40",NA,0
"2025-02-02 00:45",NA,0
"2025-02-02 00:50",NA,0
"2025-02-02 00:55",NA,0
"2025-02-02 01:00",-1.5,0
"2025-02-02 01:05",NA,0
"2025-02-02 01:10",NA,0
"2025-02-02 01:15",NA,0
"2025-02-02 01:20",NA,0
"2025-02-02 01:25",NA,0
"2025-02-02 01:30",-1.4,0
"2025-02-02 01:35",NA,0
"2025-02-02 01:40",NA,0
"2025-02-02 01:45",NA,0
"2025-02-02 01:50",NA,0
"2025-02-02 01:55",NA,0
"2025-02-02 02:00",-1.4,0
"2025-02-02 02:05",NA,0
"2025-02-02 02:10",NA,0
"2025-02-02 02:15",NA,0
"2025-02-02 02:20",NA,0
"2025-02-02 02:25",NA,0
"2025-02-02 02:30",-1.7,0
"2025-02-02 02:35",NA,0
"2025-02-02 02:40",NA,0
"2025-02-02 02:45",NA,0
"2025-02-02 02:50",NA,0
"2025-02-02 02:55",NA,0
"2025-02-02 03:00",-1.8,0
"2025-02-02 03:05",NA,0
"2025-02-02 03:10",NA,0
"2025-02-02 03:15",NA,0
"2025-02-02 03:20",NA,0
"2025-02-02 03:25",NA,0
"2025-02-02 03:30",-1.8,0
"2025-02-02 03:35",NA,0
"2025-02-02 03:40",NA,0
"2025-02-02 03:45",NA,0
"2025-02-02 03:50",NA,0
"2025-02-02 03:55",NA,0
"2025-02-02 04:00",-1.8,0
"2025-02-02 04:05",NA,0
"2025-02-02 04:10",NA,0
"2025-02-02 04:15",NA,0
"2025-02-02 04:20",NA,0
"2025-02-02 04:25",NA,0
"2025-02-02 04:30",-1.8,0
"2025-02-02 04:35",NA,0
"2025-02-02 04:40",NA,0
"2025-02-02 04:45",NA,0
"2025-02-02 04:50",NA,0
"2025-02-02 04:55",NA,0
"2025-02-02 05:00",-1.7,0
"2025-02-02 05:05",NA,0
"2025-02-02 05:10",NA,0
"2025-02-02 05:15",NA,0
"2025-02-02 05:20",NA,0
"2025-02-02 05:25",NA,0
"2025-02-02 05:30",-1.6,0
"2025-02-02 05:35",NA,0
"2025-02-02 05:40",NA,0
"2025-02-02 05:45",NA,0
"2025-02-02 05:50",NA,0
"2025-02-02 05:55",NA,0
"2025-02-02 06:00",-1.4,0
"2025-02-02 06:05",NA,0
"2025-02-02 06:10",NA,0
"2025-02-02 06:15",NA,0
"2025-02-02 06:20",NA,0
"2025-02-02 06:25",NA,0
"2025-02-02 06:30",-1.1,0
"2025-02-02 06:35",NA,0
"2025-02-02 06:40",NA,0
"2025-02-02 06:45",NA,0
"2025-02-02 06:50",NA,0
"2025-02-02 06:55",NA,0
"2025-02-02 07:00",-0.1,0
"2025-02-02 07:05",NA,0
"2025-02-02 07:10",NA,0
"2025-02-02 07:15",NA,0
"2025-02-02 07:20",NA,0
"2025-02-02 07:25",NA,0
"2025-02-02 07:30",4.7,0
"2025-02-02 07:35",NA,0
"2025-02-02 07:40",NA,0
"2025-02-02 07:45",NA,0
"2025-02-02 07:50",NA,0
"2025-02-02 07:55",NA,0
"2025-02-02 08:00",7.599999,0
"2025-02-02 08:05",NA,0
"2025-02-02 08:10",NA,0
"2025-02-02 08:15",NA,0
"2025-02-02 08:20",NA,0
"2025-02-02 08:25",NA,0
"2025-02-02 08:30",10.1,0
"2025-02-02 08:35",NA,0
"2025-02-02 08:40",NA,0
"2025-02-02 08:45",NA,0
"2025-02-02 08:50",NA,0
"2025-02-02 08:55",NA,0
"2025-02-02 09:00",11,0
"2025-02-02 09:05",NA,0
"2025-02-02 09:10",NA,0
"2025-02-02 09:15",NA,0
"2025-02-02 09:20",NA,0
"2025-02-02 09:25",NA,0
"2025-02-02 09:30",11.4,0
"2025-02-02 09:35",NA,0
"2025-02-02 09:40",NA,0
"2025-02-02 09:45",NA,0
"2025-02-02 09:50",NA,0
"2025-02-02 09:55",NA,0
"2025-02-02 10:00",13.6,0
"2025-02-02 10:05",NA,0
"2025-02-02 10:10",NA,0
"2025-02-02 10:15",NA,0
"2025-02-02 10:20",NA,0
"2025-02-02 10:25",NA,0
"2025-02-02 10:30",15.199999,0
"2025-02-02 10:35",NA,0
"2025-02-02 10:40",NA,0
"2025-02-02 10:45",NA,0
"2025-02-02 10:50",NA,0
"2025-02-02 10:55",NA,0
"2025-02-02 11:00",12,0
"2025-02-02 11:05",NA,0
"2025-02-02 11:10",NA,0
"2025-02-02 11:15",NA,0
"2025-02-02 11:20",NA,0
"2025-02-02 11:25",NA,0
"2025-02-02 11:30",10.5,0
"2025-02-02 11:35",NA,0
"2025-02-02 11:40",NA,0
"2025-02-02 11:45",NA,0
"2025-02-02 11:50",NA,0
"2025-02-02 11:55",NA,0
"2025-02-02 12:00",10.299999,0
"2025-02-02 12:05",NA,0
"2025-02-02 12:10",NA,0
"2025-02-02 12:15",NA,0
"2025-02-02 12:20",NA,0
"2025-02-02 12:25",NA,0
"2025-02-02 12:30",8.799999,0
"2025-02-02 12:35",NA,0
"2025-02-02 12:40",NA,0
"2025-02-02 12:45",NA,0
"2025-02-02 12:50",NA,0
"2025-02-02 12:55",NA,0
"2025-02-02 13:00",9.299999,0
"2025-02-02 13:05",NA,0
"2025-02-02 13:10",NA,0
"2025-02-02 13:15",NA,0
"2025-02-02 13:20",NA,0
"2025-02-02 13:25",NA,0
"2025-02-02 13:30",9.799999,0
"2025-02-02 13:35",NA,0
"2025-02-02 13:40",NA,0
"2025-02-02 13:45",NA,0
"2025-02-02 13:50",NA,0
"2025-02-02 13:55",NA,0
"2025-02-02 14:00",9.5,0
"2025-02-02 14:05",NA,0
"2025-02-02 14:10",NA,0
"2025-02-02 14:15",NA,0
"2025-02-02 14:20",NA,0
"2025-02-02 14:25",NA,0
"2025-02-02 14:30",8,0
"2025-02-02 14:35",NA,0
"2025-02-02 14:40",NA,0
"2025-02-02 14:45",NA,0
"2025-02-02 14:50",NA,0
"2025-02-02 14:55",NA,0
"2025-02-02 15:00",7.3,0
"2025-02-02 15:05",NA,0
"2025-02-02 15:10",NA,0
"2025-02-02 15:15",NA,0
"2025-02-02 15:20",NA,0
"2025-02-02 15:25",NA,0
"2025-02-02 15:30",6.2,0
"2025-02-02 15:35",NA,0
"2025-02-02 15:40",NA,0
"2025-02-02 15:45",NA,0
"2025-02-02 15:50",NA,0
"2025-02-02 15:55",NA,0
"2025-02-02 16:00",6,0
"2025-02-02 16:05",NA,0
"2025-02-02 16:10",NA,0
"2025-02-02 16:15",NA,0
"2025-02-02 16:20",NA,0
"2025-02-02 16:25",NA,0
"2025-02-02 16:30",5.9,0
"2025-02-02 16:35",NA,0
"2025-02-02 16:40",NA,0
"2025-02-02 16:45",NA,0
"2025-02-02 16:50",NA,0
"2025-02-02 16:55",NA,0
"2025-02-02 17:00",4.599999,0
"2025-02-02 17:05",NA,0
"2025-02-02 17:10",NA,0
"2025-02-02 17:15",NA,0
"2025-02-02 17:20",NA,0
"2025-02-02 17:25",NA,0
"2025-02-02 17:30",3.8,0
"2025-02-02 17:35",NA,0
"2025-02-02 17:40",NA,0
"2025-02-02 17:45",NA,0
"2025-02-02 17:50",NA,0
"2025-02-02 17:55",NA,0
"2025-02-02 18:00",3.4,0
"2025-02-02 18:05",NA,0
"2025-02-02 18:10",NA,0
"2025-02-02 18:15",NA,0
"2025-02-02 18:20",NA,0
"2025-02-02 18:25",NA,0
"2025-02-02 18:30",2.8,0
"2025-02-02 18:35",NA,0
"2025-02-02 18:40",NA,0
"2025-02-02 18:45",NA,0
"2025-02-02 18:50",NA,0
"2025-02-02 18:55",NA,0
"2025-02-02 19:00",2.1,0
"2025-02-02 19:05",NA,0
"2025-02-02 19:10",NA,0
"2025-02-02 19:15",NA,0
"2025-02-02 19:20",NA,0
"2025-02-02 19:25",NA,0
"2025-02-02 19:30",1.8,0.122498000000007
"2025-02-02 19:35",NA,0.177504999999996
"2025-02-02 19:40",NA,0.0834959999999967
"2025-02-02 19:45",NA,0.0130010000000027
"2025-02-02 19:50",NA,0.00450100000000475
"2025-02-02 19:55",NA,0.00399799999999573
"2025-02-02 20:00",1.4,0
"2025-02-02 20:05",NA,0
"2025-02-02 20:10",NA,0
"2025-02-02 20:15",NA,0
"2025-02-02 20:20",NA,0
"2025-02-02 20:25",NA,0
"2025-02-02 20:30",1.1,0
"2025-02-02 20:35",NA,0
"2025-02-02 20:40",NA,0
"2025-02-02 20:45",NA,0
"2025-02-02 20:50",NA,0
"2025-02-02 20:55",NA,0
"2025-02-02 21:00",0.4,0
"2025-02-02 21:05",NA,0
"2025-02-02 21:10",NA,0
"2025-02-02 21:15",NA,0
"2025-02-02 21:20",NA,0
"2025-02-02 21:25",NA,0
"2025-02-02 21:30",0.1,0
"2025-02-02 21:35",NA,0
"2025-02-02 21:40",NA,0
"2025-02-02 21:45",NA,0
"2025-02-02 21:50",NA,0
"2025-02-02 21:55",NA,0
"2025-02-02 22:00",-0.3,0
"2025-02-02 22:05",NA,0
"2025-02-02 22:10",NA,0
"2025-02-02 22:15",NA,0
"2025-02-02 22:20",NA,0
"2025-02-02 22:25",NA,0
"2025-02-02 22:30",-0.9,0
"2025-02-02 22:35",NA,0
"2025-02-02 22:40",NA,0
"2025-02-02 22:45",NA,0
"2025-02-02 22:50",NA,0
"2025-02-02 22:55",NA,0
"2025-02-02 23:00",-1.3,0
"2025-02-02 23:05",NA,0
"2025-02-02 23:10",NA,0
"2025-02-02 23:15",NA,0
"2025-02-02 23:20",NA,0
"2025-02-02 23:25",NA,0
"2025-02-02 23:30",-1.5,0
"2025-02-02 23:35",NA,0
"2025-02-02 23:40",NA,0
"2025-02-02 23:45",NA,0
"2025-02-02 23:50",NA,0
"2025-02-02 23:55",NA,0
"2025-02-03 00:00",-1.7,0
"2025-02-03 00:05",NA,0
"2025-02-03 00:10",NA,0
"2025-02-03 00:15",NA,0
"2025-02-03 00:20",NA,0
"2025-02-03 00:25",NA,0
"2025-02-03 00:30",-1.3,0
"2025-02-03 00:35",NA,0
"2025-02-03 00:40",NA,0
"2025-02-03 00:45",NA,0
"2025-02-03 00:50",NA,0
"2025-02-03 00:55",NA,0
"2025-02-03 01:00",-1,0
"2025-02-03 01:05",NA,0
"2025-02-03 01:10",NA,0
"2025-02-03 01:15",NA,0
"2025-02-03 01:20",NA,0
"2025-02-03 01:25",NA,0
"2025-02-03 01:30",-0.7,0
"2025-02-03 01:35",NA,0
"2025-02-03 01:40",NA,0
"2025-02-03 01:45",NA,0
"2025-02-03 01:50",NA,0
"2025-02-03 01:55",NA,0
"2025-02-03 02:00",-1,0
"2025-02-03 02:05",NA,0
"2025-02-03 02:10",NA,0
"2025-02-03 02:15",NA,0
"2025-02-03 02:20",NA,0
"2025-02-03 02:25",NA,0
"2025-02-03 02:30",-1.3,0
"2025-02-03 02:35",NA,0
"2025-02-03 02:40",NA,0
"2025-02-03 02:45",NA,0
"2025-02-03 02:50",NA,0
"2025-02-03 02:55",NA,0
"2025-02-03 03:00",-1.5,0
"2025-02-03 03:05",NA,0
"2025-02-03 03:10",NA,0
"2025-02-03 03:15",NA,0
"2025-02-03 03:20",NA,0
"2025-02-03 03:25",NA,0
"2025-02-03 03:30",-1.5,0
"2025-02-03 03:35",NA,0
"2025-02-03 03:40",NA,0
"2025-02-03 03:45",NA,0
"2025-02-03 03:50",NA,0
"2025-02-03 03:55",NA,0
"2025-02-03 04:00",-1.8,0
"2025-02-03 04:05",NA,0
"2025-02-03 04:10",NA,0
"2025-02-03 04:15",NA,0
"2025-02-03 04:20",NA,0
"2025-02-03 04:25",NA,0
"2025-02-03 04:30",-1.4,0
"2025-02-03 04:35",NA,0
"2025-02-03 04:40",NA,0
"2025-02-03 04:45",NA,0
"2025-02-03 04:50",NA,0
"2025-02-03 04:55",NA,0
"2025-02-03 05:00",-1.2,0
"2025-02-03 05:05",NA,0
"2025-02-03 05:10",NA,0
"2025-02-03 05:15",NA,0
"2025-02-03 05:20",NA,0
"2025-02-03 05:25",NA,0
"2025-02-03 05:30",-1.4,0
"2025-02-03 05:35",NA,0
"2025-02-03 05:40",NA,0
"2025-02-03 05:45",NA,0
"2025-02-03 05:50",NA,0
"2025-02-03 05:55",NA,0
"2025-02-03 06:00",-1.6,0
"2025-02-03 06:05",NA,0
"2025-02-03 06:10",NA,0
"2025-02-03 06:15",NA,0
"2025-02-03 06:20",NA,0
"2025-02-03 06:25",NA,0
"2025-02-03 06:30",-1.5,0
"2025-02-03 06:35",NA,0
"2025-02-03 06:40",NA,0
"2025-02-03 06:45",NA,0
"2025-02-03 06:50",NA,0
"2025-02-03 06:55",NA,0
"2025-02-03 07:00",-0.9,0
"2025-02-03 07:05",NA,0
"2025-02-03 07:10",NA,0
"2025-02-03 07:15",NA,0
"2025-02-03 07:20",NA,0
"2025-02-03 07:25",NA,0
"2025-02-03 07:30",3.7,0
"2025-02-03 07:35",NA,0
"2025-02-03 07:40",NA,0
"2025-02-03 07:45",NA,0
"2025-02-03 07:50",NA,0
"2025-02-03 07:55",NA,0
"2025-02-03 08:00",6.8,0
"2025-02-03 08:05",NA,0
"2025-02-03 08:10",NA,0
"2025-02-03 08:15",NA,0
"2025-02-03 08:20",NA,0
"2025-02-03 08:25",NA,0
"2025-02-03 08:30",9.799999,0
"2025-02-03 08:35",NA,0
"2025-02-03 08:40",NA,0
"2025-02-03 08:45",NA,0
"2025-02-03 08:50",NA,0
"2025-02-03 08:55",NA,0
"2025-02-03 09:00",12.199999,0
"2025-02-03 09:05",NA,0
"2025-02-03 09:10",NA,0
"2025-02-03 09:15",NA,0
"2025-02-03 09:20",NA,0
"2025-02-03 09:25",NA,0
"2025-02-03 09:30",12.199999,0
"2025-02-03 09:35",NA,0
"2025-02-03 09:40",NA,0
"2025-02-03 09:45",NA,0
"2025-02-03 09:50",NA,0
"2025-02-03 09:55",NA,0
"2025-02-03 10:00",11.299999,0
"2025-02-03 10:05",NA,0
"2025-02-03 10:10",NA,0
"2025-02-03 10:15",NA,0
"2025-02-03 10:20",NA,0
"2025-02-03 10:25",NA,0
"2025-02-03 10:30",10,0
"2025-02-03 10:35",NA,0
"2025-02-03 10:40",NA,0
"2025-02-03 10:45",NA,0
"2025-02-03 10:50",NA,0
"2025-02-03 10:55",NA,0
"2025-02-03 11:00",9.1,0
"2025-02-03 11:05",NA,0
"2025-02-03 11:10",NA,0
"2025-02-03 11:15",NA,0
"2025-02-03 11:20",NA,0
"2025-02-03 11:25",NA,0
"2025-02-03 11:30",9,0
"2025-02-03 11:35",NA,0
"2025-02-03 11:40",NA,0
"2025-02-03 11:45",NA,0
"2025-02-03 11:50",NA,0
"2025-02-03 11:55",NA,0
"2025-02-03 12:00",9.299999,0
"2025-02-03 12:05",NA,0
"2025-02-03 12:10",NA,0
"2025-02-03 12:15",NA,0
"2025-02-03 12:20",NA,0
"2025-02-03 12:25",NA,0
"2025-02-03 12:30",9.5,0
"2025-02-03 12:35",NA,0
"2025-02-03 12:40",NA,0
"2025-02-03 12:45",NA,0
"2025-02-03 12:50",NA,0
"2025-02-03 12:55",NA,0
"2025-02-03 13:00",9.799999,0
"2025-02-03 13:05",NA,0
"2025-02-03 13:10",NA,0
"2025-02-03 13:15",NA,0
"2025-02-03 13:20",NA,0
"2025-02-03 13:25",NA,0
"2025-02-03 13:30",9.4,0
"2025-02-03 13:35",NA,0
"2025-02-03 13:40",NA,0
"2025-02-03 13:45",NA,0
"2025-02-03 13:50",NA,0
"2025-02-03 13:55",NA,0
"2025-02-03 14:00",7.599999,0
"2025-02-03 14:05",NA,0
"2025-02-03 14:10",NA,0
"2025-02-03 14:15",NA,0
"2025-02-03 14:20",NA,0
"2025-02-03 14:25",NA,0
"2025-02-03 14:30",6.5,0
"2025-02-03 14:35",NA,0
"2025-02-03 14:40",NA,0
"2025-02-03 14:45",NA,0
"2025-02-03 14:50",NA,0
"2025-02-03 14:55",NA,0
"2025-02-03 15:00",5.9,0
"2025-02-03 15:05",NA,0
"2025-02-03 15:10",NA,0
"2025-02-03 15:15",NA,0
"2025-02-03 15:20",NA,0
"2025-02-03 15:25",NA,0
"2025-02-03 15:30",5.4,0
"2025-02-03 15:35",NA,0
"2025-02-03 15:40",NA,0
"2025-02-03 15:45",NA,0
"2025-02-03 15:50",NA,0
"2025-02-03 15:55",NA,0
"2025-02-03 16:00",3.3,0
"2025-02-03 16:05",NA,0
"2025-02-03 16:10",NA,0
"2025-02-03 16:15",NA,0
"2025-02-03 16:20",NA,0
"2025-02-03 16:25",NA,0
"2025-02-03 16:30",2.3,0
"2025-02-03 16:35",NA,0
"2025-02-03 16:40",NA,0
"2025-02-03 16:45",NA,0
"2025-02-03 16:50",NA,0
"2025-02-03 16:55",NA,0
"2025-02-03 17:00",2,0
"2025-02-03 17:05",NA,0
"2025-02-03 17:10",NA,0
"2025-02-03 17:15",NA,0
"2025-02-03 17:20",NA,0
"2025-02-03 17:25",NA,0
"2025-02-03 17:30",1.8,0
"2025-02-03 17:35",NA,0
"2025-02-03 17:40",NA,0
"2025-02-03 17:45",NA,0
"2025-02-03 17:50",NA,0
"2025-02-03 17:55",NA,0
"2025-02-03 18:00",1.9,0
"2025-02-03 18:05",NA,0
"2025-02-03 18:10",NA,0
"2025-02-03 18:15",NA,0
"2025-02-03 18:20",NA,0
"2025-02-03 18:25",NA,0
"2025-02-03 18:30",1.5,0
"2025-02-03 18:35",NA,0
"2025-02-03 18:40",NA,0
"2025-02-03 18:45",NA,0
"2025-02-03 18:50",NA,0
"2025-02-03 18:55",NA,0
"2025-02-03 19:00",1.1,0
"2025-02-03 19:05",NA,0
"2025-02-03 19:10",NA,0
"2025-02-03 19:15",NA,0
"2025-02-03 19:20",NA,0
"2025-02-03 19:25",NA,0
"2025-02-03 19:30",0.9,0
"2025-02-03 19:35",NA,0
"2025-02-03 19:40",NA,0
"2025-02-03 19:45",NA,0
"2025-02-03 19:50",NA,0
"2025-02-03 19:55",NA,0
"2025-02-03 20:00",0.8,0
"2025-02-03 20:05",NA,0
"2025-02-03 20:10",NA,0
"2025-02-03 20:15",NA,0
"2025-02-03 20:20",NA,0
"2025-02-03 20:25",NA,0
"2025-02-03 20:30",0.5,0
"2025-02-03 20:35",NA,0
"2025-02-03 20:40",NA,0
"2025-02-03 20:45",NA,0
"2025-02-03 20:50",NA,0
"2025-02-03 20:55",NA,0
"2025-02-03 21:00",-0.1,0
"2025-02-03 21:05",NA,0
"2025-02-03 21:10",NA,0
"2025-02-03 21:15",NA,0
"2025-02-03 21:20",NA,0
"2025-02-03 21:25",NA,0
"2025-02-03 21:30",-0.4,0
"2025-02-03 21:35",NA,0
"2025-02-03 21:40",NA,0
"2025-02-03 21:45",NA,0
"2025-02-03 21:50",NA,0
"2025-02-03 21:55",NA,0
"2025-02-03 22:00",-0.9,0
"2025-02-03 22:05",NA,0
"2025-02-03 22:10",NA,0
"2025-02-03 22:15",NA,0
"2025-02-03 22:20",NA,0
"2025-02-03 22:25",NA,0
"2025-02-03 22:30",-1.2,0
"2025-02-03 22:35",NA,0
"2025-02-03 22:40",NA,0
"2025-02-03 22:45",NA,0
"2025-02-03 22:50",NA,0
"2025-02-03 22:55",NA,0
"2025-02-03 23:00",-1.3,0
"2025-02-03 23:05",NA,0
"2025-02-03 23:10",NA,0
"2025-02-03 23:15",NA,0
"2025-02-03 23:20",NA,0
"2025-02-03 23:25",NA,0
"2025-02-03 23:30",-1.4,0
"2025-02-03 23:35",NA,0
"2025-02-03 23:40",NA,0
"2025-02-03 23:45",NA,0
"2025-02-03 23:50",NA,0
"2025-02-03 23:55",NA,0
"2025-02-04 00:00",-1.5,0
"2025-02-04 00:05",NA,0
"2025-02-04 00:10",NA,0
"2025-02-04 00:15",NA,0
"2025-02-04 00:20",NA,0
"2025-02-04 00:25",NA,0
"2025-02-04 00:30",-1.4,0
"2025-02-04 00:35",NA,0
"2025-02-04 00:40",NA,0
"2025-02-04 00:45",NA,0
"2025-02-04 00:50",NA,0
"2025-02-04 00:55",NA,0
"2025-02-04 01:00",-0.8,0
"2025-02-04 01:05",NA,0
"2025-02-04 01:10",NA,0
"2025-02-04 01:15",NA,0
"2025-02-04 01:20",NA,0
"2025-02-04 01:25",NA,0
"2025-02-04 01:30",-0.3,0
"2025-02-04 01:35",NA,0
"2025-02-04 01:40",NA,0
"2025-02-04 01:45",NA,0
"2025-02-04 01:50",NA,0
"2025-02-04 01:55",NA,0
"2025-02-04 02:00",0.1,0
"2025-02-04 02:05",NA,0
"2025-02-04 02:10",NA,0
"2025-02-04 02:15",NA,0
"2025-02-04 02:20",NA,0
"2025-02-04 02:25",NA,0
"2025-02-04 02:30",0.2,0
"2025-02-04 02:35",NA,0
"2025-02-04 02:40",NA,0
"2025-02-04 02:45",NA,0
"2025-02-04 02:50",NA,0
"2025-02-04 02:55",NA,0
"2025-02-04 03:00",0,0
"2025-02-04 03:05",NA,0
"2025-02-04 03:10",NA,0
"2025-02-04 03:15",NA,0
"2025-02-04 03:20",NA,0
"2025-02-04 03:25",NA,0
"2025-02-04 03:30",-0.1,0
"2025-02-04 03:35",NA,0
"2025-02-04 03:40",NA,0
"2025-02-04 03:45",NA,0
"2025-02-04 03:50",NA,0
"2025-02-04 03:55",NA,0
"2025-02-04 04:00",-0.4,0
"2025-02-04 04:05",NA,0
"2025-02-04 04:10",NA,0
"2025-02-04 04:15",NA,0
"2025-02-04 04:20",NA,0
"2025-02-04 04:25",NA,0
"2025-02-04 04:30",-0.6,0
"2025-02-04 04:35",NA,0
"2025-02-04 04:40",NA,0
"2025-02-04 04:45",NA,0
"2025-02-04 04:50",NA,0
"2025-02-04 04:55",NA,0
"2025-02-04 05:00",-1,0
"2025-02-04 05:05",NA,0
"2025-02-04 05:10",NA,0
"2025-02-04 05:15",NA,0
"2025-02-04 05:20",NA,0
"2025-02-04 05:25",NA,0
"2025-02-04 05:30",-1.5,0
"2025-02-04 05:35",NA,0
"2025-02-04 05:40",NA,0
"2025-02-04 05:45",NA,0
"2025-02-04 05:50",NA,0
"2025-02-04 05:55",NA,0
"2025-02-04 06:00",-1.8,0
"2025-02-04 06:05",NA,0
"2025-02-04 06:10",NA,0
"2025-02-04 06:15",NA,0
"2025-02-04 06:20",NA,0
"2025-02-04 06:25",NA,0
"2025-02-04 06:30",-1.8,0
"2025-02-04 06:35",NA,0
"2025-02-04 06:40",NA,0
"2025-02-04 06:45",NA,0
"2025-02-04 06:50",NA,0
"2025-02-04 06:55",NA,0
"2025-02-04 07:00",-1,0
"2025-02-04 07:05",NA,0
"2025-02-04 07:10",NA,0
"2025-02-04 07:15",NA,0
"2025-02-04 07:20",NA,0
"2025-02-04 07:25",NA,0
"2025-02-04 07:30",3.7,0
"2025-02-04 07:35",NA,0
"2025-02-04 07:40",NA,0
"2025-02-04 07:45",NA,0
"2025-02-04 07:50",NA,0
"2025-02-04 07:55",NA,0
"2025-02-04 08:00",5.599999,0
"2025-02-04 08:05",NA,0
"2025-02-04 08:10",NA,0
"2025-02-04 08:15",NA,0
"2025-02-04 08:20",NA,0
"2025-02-04 08:25",NA,0
"2025-02-04 08:30",7.8,0
"2025-02-04 08:35",NA,0
"2025-02-04 08:40",NA,0
"2025-02-04 08:45",NA,0
"2025-02-04 08:50",NA,0
"2025-02-04 08:55",NA,0
"2025-02-04 09:00",8.6,0
"2025-02-04 09:05",NA,0
"2025-02-04 09:10",NA,0
"2025-02-04 09:15",NA,0
"2025-02-04 09:20",NA,0
"2025-02-04 09:25",NA,0
"2025-02-04 09:30",9.799999,0
"2025-02-04 09:35",NA,0
"2025-02-04 09:40",NA,0
"2025-02-04 09:45",NA,0
"2025-02-04 09:50",NA,0
"2025-02-04 09:55",NA,0
"2025-02-04 10:00",9.6,0
"2025-02-04 10:05",NA,0
"2025-02-04 10:10",NA,0
"2025-02-04 10:15",NA,0
"2025-02-04 10:20",NA,0
"2025-02-04 10:25",NA,0
"2025-02-04 10:30",9.799999,0
"2025-02-04 10:35",NA,0
"2025-02-04 10:40",NA,0
"2025-02-04 10:45",NA,0
"2025-02-04 10:50",NA,0
"2025-02-04 10:55",NA,0
"2025-02-04 11:00",11.1,0
"2025-02-04 11:05",NA,0
"2025-02-04 11:10",NA,0
"2025-02-04 11:15",NA,0
"2025-02-04 11:20",NA,0
"2025-02-04 11:25",NA,0
"2025-02-04 11:30",11.799999,0
"2025-02-04 11:35",NA,0
"2025-02-04 11:40",NA,0
"2025-02-04 11:45",NA,0
"2025-02-04 11:50",NA,0
"2025-02-04 11:55",NA,0
"2025-02-04 12:00",12,0
"2025-02-04 12:05",NA,0
"2025-02-04 12:10",NA,0
"2025-02-04 12:15",NA,0
"2025-02-04 12:20",NA,0
"2025-02-04 12:25",NA,0
"2025-02-04 12:30",11.9,0
"2025-02-04 12:35",NA,0
"2025-02-04 12:40",NA,0
"2025-02-04 12:45",NA,0
"2025-02-04 12:50",NA,0
"2025-02-04 12:55",NA,0
"2025-02-04 13:00",12.699999,0
"2025-02-04 13:05",NA,0
"2025-02-04 13:10",NA,0
"2025-02-04 13:15",NA,0
"2025-02-04 13:20",NA,0
"2025-02-04 13:25",NA,0
"2025-02-04 13:30",14,0
"2025-02-04 13:35",NA,0
"2025-02-04 13:40",NA,0
"2025-02-04 13:45",NA,0
"2025-02-04 13:50",NA,0
"2025-02-04 13:55",NA,0
"2025-02-04 14:00",14.4,0
"2025-02-04 14:05",NA,0
"2025-02-04 14:10",NA,0
"2025-02-04 14:15",NA,0
"2025-02-04 14:20",NA,0
"2025-02-04 14:25",NA,0
"2025-02-04 14:30",14.6,0
"2025-02-04 14:35",NA,0
"2025-02-04 14:40",NA,0
"2025-02-04 14:45",NA,0
"2025-02-04 14:50",NA,0
"2025-02-04 14:55",NA,0
"2025-02-04 15:00",13.5,0
"2025-02-04 15:05",NA,0
"2025-02-04 15:10",NA,0
"2025-02-04 15:15",NA,0
"2025-02-04 15:20",NA,0
"2025-02-04 15:25",NA,0
"2025-02-04 15:30",12.4,0
"2025-02-04 15:35",NA,0
"2025-02-04 15:40",NA,0
"2025-02-04 15:45",NA,0
"2025-02-04 15:50",NA,0
"2025-02-04 15:55",NA,0
"2025-02-04 16:00",11.4,0
"2025-02-04 16:05",NA,0
"2025-02-04 16:10",NA,0
"2025-02-04 16:15",NA,0
"2025-02-04 16:20",NA,0
"2025-02-04 16:25",NA,0
"2025-02-04 16:30",10.299999,0
"2025-02-04 16:35",NA,0
"2025-02-04 16:40",NA,0
"2025-02-04 16:45",NA,0
"2025-02-04 16:50",NA,0
"2025-02-04 16:55",NA,0
"2025-02-04 17:00",8.9,0
"2025-02-04 17:05",NA,0
"2025-02-04 17:10",NA,0
"2025-02-04 17:15",NA,0
"2025-02-04 17:20",NA,0
"2025-02-04 17:25",NA,0
"2025-02-04 17:30",7.2,0
"2025-02-04 17:35",NA,0
"2025-02-04 17:40",NA,0
"2025-02-04 17:45",NA,0
"2025-02-04 17:50",NA,0
"2025-02-04 17:55",NA,0
"2025-02-04 18:00",5.4,0
"2025-02-04 18:05",NA,0
"2025-02-04 18:10",NA,0
"2025-02-04 18:15",NA,0
"2025-02-04 18:20",NA,0
"2025-02-04 18:25",NA,0
"2025-02-04 18:30",4.099999,0
"2025-02-04 18:35",NA,0
"2025-02-04 18:40",NA,0
"2025-02-04 18:45",NA,0
"2025-02-04 18:50",NA,0
"2025-02-04 18:55",NA,0
"2025-02-04 19:00",3.1,0
"2025-02-04 19:05",NA,0
"2025-02-04 19:10",NA,0
"2025-02-04 19:15",NA,0
"2025-02-04 19:20",NA,0
"2025-02-04 19:25",NA,0
"2025-02-04 19:30",2.3,0
"2025-02-04 19:35",NA,0
"2025-02-04 19:40",NA,0
"2025-02-04 19:45",NA,0
"2025-02-04 19:50",NA,0
"2025-02-04 19:55",NA,0
"2025-02-04 20:00",1.5,0
"2025-02-04 20:05",NA,0
"2025-02-04 20:10",NA,0
"2025-02-04 20:15",NA,0
"2025-02-04 20:20",NA,0
"2025-02-04 20:25",NA,0
"2025-02-04 20:30",1.3,0
"2025-02-04 20:35",NA,0
"2025-02-04 20:40",NA,0
"2025-02-04 20:45",NA,0
"2025-02-04 20:50",NA,0
"2025-02-04 20:55",NA,0
"2025-02-04 21:00",0.9,0
"2025-02-04 21:05",NA,0
"2025-02-04 21:10",NA,0
"2025-02-04 21:15",NA,0
"2025-02-04 21:20",NA,0
"2025-02-04 21:25",NA,0
"2025-02-04 21:30",0.7,0
"2025-02-04 21:35",NA,0
"2025-02-04 21:40",NA,0
"2025-02-04 21:45",NA,0
"2025-02-04 21:50",NA,0
"2025-02-04 21:55",NA,0
"2025-02-04 22:00",0.8,0
"2025-02-04 22:05",NA,0
"2025-02-04 22:10",NA,0
"2025-02-04 22:15",NA,0
"2025-02-04 22:20",NA,0
"2025-02-04 22:25",NA,0
"2025-02-04 22:30",0.3,0
"2025-02-04 22:35",NA,0
"2025-02-04 22:40",NA,0
"2025-02-04 22:45",NA,0
"2025-02-04 22:50",NA,0
"2025-02-04 22:55",NA,0
"2025-02-04 23:00",-0.1,0
"2025-02-04 23:05",NA,0
"2025-02-04 23:10",NA,0
"2025-02-04 23:15",NA,0
"2025-02-04 23:20",NA,0
"2025-02-04 23:25",NA,0
"2025-02-04 23:30",-0.5,0
"2025-02-04 23:35",NA,0
"2025-02-04 23:40",NA,0
"2025-02-04 23:45",NA,0
"2025-02-04 23:50",NA,0
"2025-02-04 23:55",NA,0
"2025-02-05 00:00",-1,0
"2025-02-05 00:05",NA,0
"2025-02-05 00:10",NA,0
"2025-02-05 00:15",NA,0
"2025-02-05 00:20",NA,0
"2025-02-05 00:25",NA,0
"2025-02-05 00:30",-1.3,0
"2025-02-05 00:35",NA,0
"2025-02-05 00:40",NA,0
"2025-02-05 00:45",NA,0
"2025-02-05 00:50",NA,0
"2025-02-05 00:55",NA,0
"2025-02-05 01:00",-1.4,0
"2025-02-05 01:05",NA,0
"2025-02-05 01:10",NA,0
"2025-02-05 01:15",NA,0
"2025-02-05 01:20",NA,0
"2025-02-05 01:25",NA,0
"2025-02-05 01:30",-1.5,0
"2025-02-05 01:35",NA,0
"2025-02-05 01:40",NA,0
"2025-02-05 01:45",NA,0
"2025-02-05 01:50",NA,0
"2025-02-05 01:55",NA,0
"2025-02-05 02:00",-1.6,0
"2025-02-05 02:05",NA,0
"2025-02-05 02:10",NA,0
"2025-02-05 02:15",NA,0
"2025-02-05 02:20",NA,0
"2025-02-05 02:25",NA,0
"2025-02-05 02:30",-1.5,0
"2025-02-05 02:35",NA,0
"2025-02-05 02:40",NA,0
"2025-02-05 02:45",NA,0
"2025-02-05 02:50",NA,0
"2025-02-05 02:55",NA,0
"2025-02-05 03:00",-1.5,0
"2025-02-05 03:05",NA,0
"2025-02-05 03:10",NA,0
"2025-02-05 03:15",NA,0
"2025-02-05 03:20",NA,0
"2025-02-05 03:25",NA,0
"2025-02-05 03:30",-1.8,0
"2025-02-05 03:35",NA,0
"2025-02-05 03:40",NA,0
"2025-02-05 03:45",NA,0
"2025-02-05 03:50",NA,0
"2025-02-05 03:55",NA,0
"2025-02-05 04:00",-1.7,0
"2025-02-05 04:05",NA,0
"2025-02-05 04:10",NA,0
"2025-02-05 04:15",NA,0
"2025-02-05 04:20",NA,0
"2025-02-05 04:25",NA,0
"2025-02-05 04:30",-1.5,0
"2025-02-05 04:35",NA,0
"2025-02-05 04:40",NA,0
"2025-02-05 04:45",NA,0
"2025-02-05 04:50",NA,0
"2025-02-05 04:55",NA,0
"2025-02-05 05:00",-1.4,0
"2025-02-05 05:05",NA,0
"2025-02-05 05:10",NA,0
"2025-02-05 05:15",NA,0
"2025-02-05 05:20",NA,0
"2025-02-05 05:25",NA,0
"2025-02-05 05:30",-1.4,0
"2025-02-05 05:35",NA,0
"2025-02-05 05:40",NA,0
"2025-02-05 05:45",NA,0
"2025-02-05 05:50",NA,0
"2025-02-05 05:55",NA,0
"2025-02-05 06:00",-1.5,0
"2025-02-05 06:05",NA,0
"2025-02-05 06:10",NA,0
"2025-02-05 06:15",NA,0
"2025-02-05 06:20",NA,0
"2025-02-05 06:25",NA,0
"2025-02-05 06:30",-1.7,0
"2025-02-05 06:35",NA,0
"2025-02-05 06:40",NA,0
"2025-02-05 06:45",NA,0
"2025-02-05 06:50",NA,0
"2025-02-05 06:55",NA,0
"2025-02-05 07:00",-1.4,0
"2025-02-05 07:05",NA,0
"2025-02-05 07:10",NA,0
"2025-02-05 07:15",NA,0
"2025-02-05 07:20",NA,0
"2025-02-05 07:25",NA,0
"2025-02-05 07:30",4.9,0
"2025-02-05 07:35",NA,0
"2025-02-05 07:40",NA,0
"2025-02-05 07:45",NA,0
"2025-02-05 07:50",NA,0
"2025-02-05 07:55",NA,0
"2025-02-05 08:00",7.4,0
"2025-02-05 08:05",NA,0
"2025-02-05 08:10",NA,0
"2025-02-05 08:15",NA,0
"2025-02-05 08:20",NA,0
"2025-02-05 08:25",NA,0
"2025-02-05 08:30",8.5,0
"2025-02-05 08:35",NA,0
"2025-02-05 08:40",NA,0
"2025-02-05 08:45",NA,0
"2025-02-05 08:50",NA,0
"2025-02-05 08:55",NA,0
"2025-02-05 09:00",10,0
"2025-02-05 09:05",NA,0
"2025-02-05 09:10",NA,0
"2025-02-05 09:15",NA,0
"2025-02-05 09:20",NA,0
"2025-02-05 09:25",NA,0
"2025-02-05 09:30",11.699999,0
"2025-02-05 09:35",NA,0
"2025-02-05 09:40",NA,0
"2025-02-05 09:45",NA,0
"2025-02-05 09:50",NA,0
"2025-02-05 09:55",NA,0
"2025-02-05 10:00",12.199999,0
"2025-02-05 10:05",NA,0
"2025-02-05 10:10",NA,0
"2025-02-05 10:15",NA,0
"2025-02-05 10:20",NA,0
"2025-02-05 10:25",NA,0
"2025-02-05 10:30",11.5,0
"2025-02-05 10:35",NA,0
"2025-02-05 10:40",NA,0
"2025-02-05 10:45",NA,0
"2025-02-05 10:50",NA,0
"2025-02-05 10:55",NA,0
"2025-02-05 11:00",12,0
"2025-02-05 11:05",NA,0
"2025-02-05 11:10",NA,0
"2025-02-05 11:15",NA,0
"2025-02-05 11:20",NA,0
"2025-02-05 11:25",NA,0
"2025-02-05 11:30",12.299999,0
"2025-02-05 11:35",NA,0
"2025-02-05 11:40",NA,0
"2025-02-05 11:45",NA,0
"2025-02-05 11:50",NA,0
"2025-02-05 11:55",NA,0
"2025-02-05 12:00",11.9,0
"2025-02-05 12:05",NA,0
"2025-02-05 12:10",NA,0
"2025-02-05 12:15",NA,0
"2025-02-05 12:20",NA,0
"2025-02-05 12:25",NA,0
"2025-02-05 12:30",11.699999,0
"2025-02-05 12:35",NA,0
"2025-02-05 12:40",NA,0
"2025-02-05 12:45",NA,0
"2025-02-05 12:50",NA,0
"2025-02-05 12:55",NA,0
"2025-02-05 13:00",11.699999,0
"2025-02-05 13:05",NA,0
"2025-02-05 13:10",NA,0
"2025-02-05 13:15",NA,0
"2025-02-05 13:20",NA,0
"2025-02-05 13:25",NA,0
"2025-02-05 13:30",12.299999,0
"2025-02-05 13:35",NA,0
"2025-02-05 13:40",NA,0
"2025-02-05 13:45",NA,0
"2025-02-05 13:50",NA,0
"2025-02-05 13:55",NA,0
"2025-02-05 14:00",13.799999,0
"2025-02-05 14:05",NA,0
"2025-02-05 14:10",NA,0
"2025-02-05 14:15",NA,0
"2025-02-05 14:20",NA,0
"2025-02-05 14:25",NA,0
"2025-02-05 14:30",14.199999,0
"2025-02-05 14:35",NA,0
"2025-02-05 14:40",NA,0
"2025-02-05 14:45",NA,0
"2025-02-05 14:50",NA,0
"2025-02-05 14:55",NA,0
"2025-02-05 15:00",13.6,0
"2025-02-05 15:05",NA,0
"2025-02-05 15:10",NA,0
"2025-02-05 15:15",NA,0
"2025-02-05 15:20",NA,0
"2025-02-05 15:25",NA,0
"2025-02-05 15:30",12,0
"2025-02-05 15:35",NA,0
"2025-02-05 15:40",NA,0
"2025-02-05 15:45",NA,0
"2025-02-05 15:50",NA,0
"2025-02-05 15:55",NA,0
"2025-02-05 16:00",10.299999,0
"2025-02-05 16:05",NA,0
"2025-02-05 16:10",NA,0
"2025-02-05 16:15",NA,0
"2025-02-05 16:20",NA,0
"2025-02-05 16:25",NA,0
"2025-02-05 16:30",9.1,0
"2025-02-05 16:35",NA,0
"2025-02-05 16:40",NA,0
"2025-02-05 16:45",NA,0
"2025-02-05 16:50",NA,0
"2025-02-05 16:55",NA,0
"2025-02-05 17:00",7.8,0
"2025-02-05 17:05",NA,0
"2025-02-05 17:10",NA,0
"2025-02-05 17:15",NA,0
"2025-02-05 17:20",NA,0
"2025-02-05 17:25",NA,0
"2025-02-05 17:30",6.5,0
"2025-02-05 17:35",NA,0
"2025-02-05 17:40",NA,0
"2025-02-05 17:45",NA,0
"2025-02-05 17:50",NA,0
"2025-02-05 17:55",NA,0
"2025-02-05 18:00",5,0
"2025-02-05 18:05",NA,0
"2025-02-05 18:10",NA,0
"2025-02-05 18:15",NA,0
"2025-02-05 18:20",NA,0
"2025-02-05 18:25",NA,0
"2025-02-05 18:30",3.8,0
"2025-02-05 18:35",NA,0
"2025-02-05 18:40",NA,0
"2025-02-05 18:45",NA,0
"2025-02-05 18:50",NA,0
"2025-02-05 18:55",NA,0
"2025-02-05 19:00",2.8,0
"2025-02-05 19:05",NA,0
"2025-02-05 19:10",NA,0
"2025-02-05 19:15",NA,0
"2025-02-05 19:20",NA,0
"2025-02-05 19:25",NA,0
"2025-02-05 19:30",2.4,0
"2025-02-05 19:35",NA,0
"2025-02-05 19:40",NA,0
"2025-02-05 19:45",NA,0
"2025-02-05 19:50",NA,0
"2025-02-05 19:55",NA,0
"2025-02-05 20:00",1.9,0
"2025-02-05 20:05",NA,0
"2025-02-05 20:10",NA,0
"2025-02-05 20:15",NA,0
"2025-02-05 20:20",NA,0
"2025-02-05 20:25",NA,0
"2025-02-05 20:30",1.5,0
"2025-02-05 20:35",NA,0
"2025-02-05 20:40",NA,0
"2025-02-05 20:45",NA,0
"2025-02-05 20:50",NA,0
"2025-02-05 20:55",NA,0
"2025-02-05 21:00",1.6,0
"2025-02-05 21:05",NA,0
"2025-02-05 21:10",NA,0
"2025-02-05 21:15",NA,0
"2025-02-05 21:20",NA,0
"2025-02-05 21:25",NA,0
"2025-02-05 21:30",1.9,0
"2025-02-05 21:35",NA,0
"2025-02-05 21:40",NA,0
"2025-02-05 21:45",NA,0
"2025-02-05 21:50",NA,0
"2025-02-05 21:55",NA,0
"2025-02-05 22:00",1.8,0
"2025-02-05 22:05",NA,0
"2025-02-05 22:10",NA,0
"2025-02-05 22:15",NA,0
"2025-02-05 22:20",NA,0
"2025-02-05 22:25",NA,0
"2025-02-05 22:30",1.6,0
"2025-02-05 22:35",NA,0
"2025-02-05 22:40",NA,0
"2025-02-05 22:45",NA,0
"2025-02-05 22:50",NA,0
"2025-02-05 22:55",NA,0
"2025-02-05 23:00",1.2,0
"2025-02-05 23:05",NA,0
"2025-02-05 23:10",NA,0
"2025-02-05 23:15",NA,0
"2025-02-05 23:20",NA,0
"2025-02-05 23:25",NA,0
"2025-02-05 23:30",0.8,0
"2025-02-05 23:35",NA,0
"2025-02-05 23:40",NA,0
"2025-02-05 23:45",NA,0
"2025-02-05 23:50",NA,0
"2025-02-05 23:55",NA,0
"2025-02-06 00:00",0.6,0
"2025-02-06 00:05",NA,0
"2025-02-06 00:10",NA,0
"2025-02-06 00:15",NA,0
"2025-02-06 00:20",NA,0
"2025-02-06 00:25",NA,0
"2025-02-06 00:30",0.3,0
"2025-02-06 00:35",NA,0
"2025-02-06 00:40",NA,0
"2025-02-06 00:45",NA,0
"2025-02-06 00:50",NA,0
"2025-02-06 00:55",NA,0
"2025-02-06 01:00",0.1,0
"2025-02-06 01:05",NA,0
"2025-02-06 01:10",NA,0
"2025-02-06 01:15",NA,0
"2025-02-06 01:20",NA,0
"2025-02-06 01:25",NA,0
"2025-02-06 01:30",-0.1,0
"2025-02-06 01:35",NA,0
"2025-02-06 01:40",NA,0
"2025-02-06 01:45",NA,0
"2025-02-06 01:50",NA,0
"2025-02-06 01:55",NA,0
"2025-02-06 02:00",-0.1,0
"2025-02-06 02:05",NA,0
"2025-02-06 02:10",NA,0
"2025-02-06 02:15",NA,0
"2025-02-06 02:20",NA,0
"2025-02-06 02:25",NA,0
"2025-02-06 02:30",-0.2,0
"2025-02-06 02:35",NA,0
"2025-02-06 02:40",NA,0
"2025-02-06 02:45",NA,0
"2025-02-06 02:50",NA,0
"2025-02-06 02:55",NA,0
"2025-02-06 03:00",-0.4,0
"2025-02-06 03:05",NA,0
"2025-02-06 03:10",NA,0
"2025-02-06 03:15",NA,0
"2025-02-06 03:20",NA,0
"2025-02-06 03:25",NA,0
"2025-02-06 03:30",-0.5,0
"2025-02-06 03:35",NA,0
"2025-02-06 03:40",NA,0
"2025-02-06 03:45",NA,0
"2025-02-06 03:50",NA,0
"2025-02-06 03:55",NA,0
"2025-02-06 04:00",-1,0
"2025-02-06 04:05",NA,0
"2025-02-06 04:10",NA,0
"2025-02-06 04:15",NA,0
"2025-02-06 04:20",NA,0
"2025-02-06 04:25",NA,0
"2025-02-06 04:30",-1.4,0
"2025-02-06 04:35",NA,0
"2025-02-06 04:40",NA,0
"2025-02-06 04:45",NA,0
"2025-02-06 04:50",NA,0
"2025-02-06 04:55",NA,0
"2025-02-06 05:00",-1.9,0
"2025-02-06 05:05",NA,0
"2025-02-06 05:10",NA,0
"2025-02-06 05:15",NA,0
"2025-02-06 05:20",NA,0
"2025-02-06 05:25",NA,0
"2025-02-06 05:30",-2.3,0
"2025-02-06 05:35",NA,0
"2025-02-06 05:40",NA,0
"2025-02-06 05:45",NA,0
"2025-02-06 05:50",NA,0
"2025-02-06 05:55",NA,0
"2025-02-06 06:00",-2.5,0
"2025-02-06 06:05",NA,0
"2025-02-06 06:10",NA,0
"2025-02-06 06:15",NA,0
"2025-02-06 06:20",NA,0
"2025-02-06 06:25",NA,0
"2025-02-06 06:30",-2.4,0
"2025-02-06 06:35",NA,0
"2025-02-06 06:40",NA,0
"2025-02-06 06:45",NA,0
"2025-02-06 06:50",NA,0
"2025-02-06 06:55",NA,0
"2025-02-06 07:00",-1.4,0
"2025-02-06 07:05",NA,0
"2025-02-06 07:10",NA,0
"2025-02-06 07:15",NA,0
"2025-02-06 07:20",NA,0
"2025-02-06 07:25",NA,0
"2025-02-06 07:30",5.5,0
"2025-02-06 07:35",NA,0
"2025-02-06 07:40",NA,0
"2025-02-06 07:45",NA,0
"2025-02-06 07:50",NA,0
"2025-02-06 07:55",NA,0
"2025-02-06 08:00",10.1,0
"2025-02-06 08:05",NA,0
"2025-02-06 08:10",NA,0
"2025-02-06 08:15",NA,0
"2025-02-06 08:20",NA,0
"2025-02-06 08:25",NA,0
"2025-02-06 08:30",10.9,0
"2025-02-06 08:35",NA,0
"2025-02-06 08:40",NA,0
"2025-02-06 08:45",NA,0
"2025-02-06 08:50",NA,0
"2025-02-06 08:55",NA,0
"2025-02-06 09:00",11.699999,0
"2025-02-06 09:05",NA,0
"2025-02-06 09:10",NA,0
"2025-02-06 09:15",NA,0
"2025-02-06 09:20",NA,0
"2025-02-06 09:25",NA,0
"2025-02-06 09:30",12.199999,0
"2025-02-06 09:35",NA,0
"2025-02-06 09:40",NA,0
"2025-02-06 09:45",NA,0
"2025-02-06 09:50",NA,0
"2025-02-06 09:55",NA,0
"2025-02-06 10:00",12.699999,0
"2025-02-06 10:05",NA,0
"2025-02-06 10:10",NA,0
"2025-02-06 10:15",NA,0
"2025-02-06 10:20",NA,0
"2025-02-06 10:25",NA,0
"2025-02-06 10:30",13,0
"2025-02-06 10:35",NA,0
"2025-02-06 10:40",NA,0
"2025-02-06 10:45",NA,0
"2025-02-06 10:50",NA,0
"2025-02-06 10:55",NA,0
"2025-02-06 11:00",13.9,0
"2025-02-06 11:05",NA,0
"2025-02-06 11:10",NA,0
"2025-02-06 11:15",NA,0
"2025-02-06 11:20",NA,0
"2025-02-06 11:25",NA,0
"2025-02-06 11:30",12.699999,0
"2025-02-06 11:35",NA,0
"2025-02-06 11:40",NA,0
"2025-02-06 11:45",NA,0
"2025-02-06 11:50",NA,0
"2025-02-06 11:55",NA,0
"2025-02-06 12:00",11.6,0
"2025-02-06 12:05",NA,0
"2025-02-06 12:10",NA,0
"2025-02-06 12:15",NA,0
"2025-02-06 12:20",NA,0
"2025-02-06 12:25",NA,0
"2025-02-06 12:30",10.9,0
"2025-02-06 12:35",NA,0
"2025-02-06 12:40",NA,0
"2025-02-06 12:45",NA,0
"2025-02-06 12:50",NA,0
"2025-02-06 12:55",NA,0
"2025-02-06 13:00",10.4,0
"2025-02-06 13:05",NA,0
"2025-02-06 13:10",NA,0
"2025-02-06 13:15",NA,0
"2025-02-06 13:20",NA,0
"2025-02-06 13:25",NA,0
"2025-02-06 13:30",9.699999,0
"2025-02-06 13:35",NA,0
"2025-02-06 13:40",NA,0
"2025-02-06 13:45",NA,0
"2025-02-06 13:50",NA,0
"2025-02-06 13:55",NA,0
"2025-02-06 14:00",9.199999,0
"2025-02-06 14:05",NA,0
"2025-02-06 14:10",NA,0
"2025-02-06 14:15",NA,0
"2025-02-06 14:20",NA,0
"2025-02-06 14:25",NA,0
"2025-02-06 14:30",8.699999,0
"2025-02-06 14:35",NA,0
"2025-02-06 14:40",NA,0
"2025-02-06 14:45",NA,0
"2025-02-06 14:50",NA,0
"2025-02-06 14:55",NA,0
"2025-02-06 15:00",7.9,0
"2025-02-06 15:05",NA,0
"2025-02-06 15:10",NA,0
"2025-02-06 15:15",NA,0
"2025-02-06 15:20",NA,0
"2025-02-06 15:25",NA,0
"2025-02-06 15:30",7.2,0
"2025-02-06 15:35",NA,0
"2025-02-06 15:40",NA,0
"2025-02-06 15:45",NA,0
"2025-02-06 15:50",NA,0
"2025-02-06 15:55",NA,0
"2025-02-06 16:00",6.2,0
"2025-02-06 16:05",NA,0
"2025-02-06 16:10",NA,0
"2025-02-06 16:15",NA,0
"2025-02-06 16:20",NA,0
"2025-02-06 16:25",NA,0
"2025-02-06 16:30",5.7,0
"2025-02-06 16:35",NA,0
"2025-02-06 16:40",NA,0
"2025-02-06 16:45",NA,0
"2025-02-06 16:50",NA,0
"2025-02-06 16:55",NA,0
"2025-02-06 17:00",5.4,0
"2025-02-06 17:05",NA,0
"2025-02-06 17:10",NA,0
"2025-02-06 17:15",NA,0
"2025-02-06 17:20",NA,0
"2025-02-06 17:25",NA,0
"2025-02-06 17:30",4.7,0
"2025-02-06 17:35",NA,0
"2025-02-06 17:40",NA,0
"2025-02-06 17:45",NA,0
"2025-02-06 17:50",NA,0
"2025-02-06 17:55",NA,0
"2025-02-06 18:00",3.9,0
"2025-02-06 18:05",NA,0
"2025-02-06 18:10",NA,0
"2025-02-06 18:15",NA,0
"2025-02-06 18:20",NA,0
"2025-02-06 18:25",NA,0
"2025-02-06 18:30",3.1,0
"2025-02-06 18:35",NA,0
"2025-02-06 18:40",NA,0
"2025-02-06 18:45",NA,0
"2025-02-06 18:50",NA,0
"2025-02-06 18:55",NA,0
"2025-02-06 19:00",2.3,0
"2025-02-06 19:05",NA,0
"2025-02-06 19:10",NA,0
"2025-02-06 19:15",NA,0
"2025-02-06 19:20",NA,0
"2025-02-06 19:25",NA,0
"2025-02-06 19:30",1.5,0
"2025-02-06 19:35",NA,0
"2025-02-06 19:40",NA,0
"2025-02-06 19:45",NA,0
"2025-02-06 19:50",NA,0
"2025-02-06 19:55",NA,0
"2025-02-06 20:00",1.1,0
"2025-02-06 20:05",NA,0
"2025-02-06 20:10",NA,0
"2025-02-06 20:15",NA,0
"2025-02-06 20:20",NA,0
"2025-02-06 20:25",NA,0
"2025-02-06 20:30",1,0
"2025-02-06 20:35",NA,0
"2025-02-06 20:40",NA,0
"2025-02-06 20:45",NA,0
"2025-02-06 20:50",NA,0
"2025-02-06 20:55",NA,0
"2025-02-06 21:00",0.9,0
"2025-02-06 21:05",NA,0
"2025-02-06 21:10",NA,0
"2025-02-06 21:15",NA,0
"2025-02-06 21:20",NA,0
"2025-02-06 21:25",NA,0
"2025-02-06 21:30",0.8,0
"2025-02-06 21:35",NA,0
"2025-02-06 21:40",NA,0
"2025-02-06 21:45",NA,0
"2025-02-06 21:50",NA,0
"2025-02-06 21:55",NA,0
"2025-02-06 22:00",0.6,0
"2025-02-06 22:05",NA,0
"2025-02-06 22:10",NA,0
"2025-02-06 22:15",NA,0
"2025-02-06 22:20",NA,0
"2025-02-06 22:25",NA,0
"2025-02-06 22:30",0.6,0
"2025-02-06 22:35",NA,0
"2025-02-06 22:40",NA,0
"2025-02-06 22:45",NA,0
"2025-02-06 22:50",NA,0
"2025-02-06 22:55",NA,0
"2025-02-06 23:00",0.4,0
"2025-02-06 23:05",NA,0
"2025-02-06 23:10",NA,0
"2025-02-06 23:15",NA,0
"2025-02-06 23:20",NA,0
"2025-02-06 23:25",NA,0
"2025-02-06 23:30",0.3,0
"2025-02-06 23:35",NA,0
"2025-02-06 23:40",NA,0
"2025-02-06 23:45",NA,0
"2025-02-06 23:50",NA,0
"2025-02-06 23:55",NA,0
"2025-02-07 00:00",0,0
"2025-02-07 00:05",NA,0
"2025-02-07 00:10",NA,0
"2025-02-07 00:15",NA,0
"2025-02-07 00:20",NA,0
"2025-02-07 00:25",NA,0
"2025-02-07 00:30",-0.4,0
"2025-02-07 00:35",NA,0
"2025-02-07 00:40",NA,0
"2025-02-07 00:45",NA,0
"2025-02-07 00:50",NA,0
"2025-02-07 00:55",NA,0
"2025-02-07 01:00",-0.9,0
"2025-02-07 01:05",NA,0
"2025-02-07 01:10",NA,0
"2025-02-07 01:15",NA,0
"2025-02-07 01:20",NA,0
"2025-02-07 01:25",NA,0
"2025-02-07 01:30",-1,0
"2025-02-07 01:35",NA,0
"2025-02-07 01:40",NA,0
"2025-02-07 01:45",NA,0
"2025-02-07 01:50",NA,0
"2025-02-07 01:55",NA,0
"2025-02-07 02:00",-1.3,0
"2025-02-07 02:05",NA,0
"2025-02-07 02:10",NA,0
"2025-02-07 02:15",NA,0
"2025-02-07 02:20",NA,0
"2025-02-07 02:25",NA,0
"2025-02-07 02:30",-1.5,0
"2025-02-07 02:35",NA,0
"2025-02-07 02:40",NA,0
"2025-02-07 02:45",NA,0
"2025-02-07 02:50",NA,0
"2025-02-07 02:55",NA,0
"2025-02-07 03:00",-1.5,0
"2025-02-07 03:05",NA,0
"2025-02-07 03:10",NA,0
"2025-02-07 03:15",NA,0
"2025-02-07 03:20",NA,0
"2025-02-07 03:25",NA,0
"2025-02-07 03:30",-1.4,0
"2025-02-07 03:35",NA,0
"2025-02-07 03:40",NA,0
"2025-02-07 03:45",NA,0
"2025-02-07 03:50",NA,0
"2025-02-07 03:55",NA,0
"2025-02-07 04:00",-1.3,0
"2025-02-07 04:05",NA,0
"2025-02-07 04:10",NA,0
"2025-02-07 04:15",NA,0
"2025-02-07 04:20",NA,0
"2025-02-07 04:25",NA,0
"2025-02-07 04:30",-1,0
"2025-02-07 04:35",NA,0
"2025-02-07 04:40",NA,0
"2025-02-07 04:45",NA,0
"2025-02-07 04:50",NA,0
"2025-02-07 04:55",NA,0
"2025-02-07 05:00",-1.4,0
"2025-02-07 05:05",NA,0
"2025-02-07 05:10",NA,0
"2025-02-07 05:15",NA,0
"2025-02-07 05:20",NA,0
"2025-02-07 05:25",NA,0
"2025-02-07 05:30",-1.7,0
"2025-02-07 05:35",NA,0
"2025-02-07 05:40",NA,0
"2025-02-07 05:45",NA,0
"2025-02-07 05:50",NA,0
"2025-02-07 05:55",NA,0
"2025-02-07 06:00",-2,0
"2025-02-07 06:05",NA,0
"2025-02-07 06:10",NA,0
"2025-02-07 06:15",NA,0
"2025-02-07 06:20",NA,0
"2025-02-07 06:25",NA,0
"2025-02-07 06:30",-2.1,0
"2025-02-07 06:35",NA,0
"2025-02-07 06:40",NA,0
"2025-02-07 06:45",NA,0
"2025-02-07 06:50",NA,0
"2025-02-07 06:55",NA,0
"2025-02-07 07:00",-1.3,0
"2025-02-07 07:05",NA,0
"2025-02-07 07:10",NA,0
"2025-02-07 07:15",NA,0
"2025-02-07 07:20",NA,0
"2025-02-07 07:25",NA,0
"2025-02-07 07:30",5,0
"2025-02-07 07:35",NA,0
"2025-02-07 07:40",NA,0
"2025-02-07 07:45",NA,0
"2025-02-07 07:50",NA,0
"2025-02-07 07:55",NA,0
"2025-02-07 08:00",9.5,0
"2025-02-07 08:05",NA,0
"2025-02-07 08:10",NA,0
"2025-02-07 08:15",NA,0
"2025-02-07 08:20",NA,0
"2025-02-07 08:25",NA,0
"2025-02-07 08:30",10.6,0
"2025-02-07 08:35",NA,0
"2025-02-07 08:40",NA,0
"2025-02-07 08:45",NA,0
"2025-02-07 08:50",NA,0
"2025-02-07 08:55",NA,0
"2025-02-07 09:00",9.4,0
"2025-02-07 09:05",NA,0
"2025-02-07 09:10",NA,0
"2025-02-07 09:15",NA,0
"2025-02-07 09:20",NA,0
"2025-02-07 09:25",NA,0
"2025-02-07 09:30",8.9,0
"2025-02-07 09:35",NA,0
"2025-02-07 09:40",NA,0
"2025-02-07 09:45",NA,0
"2025-02-07 09:50",NA,0
"2025-02-07 09:55",NA,0
"2025-02-07 10:00",10.1,0
"2025-02-07 10:05",NA,0
"2025-02-07 10:10",NA,0
"2025-02-07 10:15",NA,0
"2025-02-07 10:20",NA,0
"2025-02-07 10:25",NA,0
"2025-02-07 10:30",9.4,0
"2025-02-07 10:35",NA,0
"2025-02-07 10:40",NA,0
"2025-02-07 10:45",NA,0
"2025-02-07 10:50",NA,0
"2025-02-07 10:55",NA,0
"2025-02-07 11:00",9,0
"2025-02-07 11:05",NA,0
"2025-02-07 11:10",NA,0
"2025-02-07 11:15",NA,0
"2025-02-07 11:20",NA,0
"2025-02-07 11:25",NA,0
"2025-02-07 11:30",8.5,0
"2025-02-07 11:35",NA,0
"2025-02-07 11:40",NA,0
"2025-02-07 11:45",NA,0
"2025-02-07 11:50",NA,0
"2025-02-07 11:55",NA,0
"2025-02-07 12:00",7.9,0
"2025-02-07 12:05",NA,0
"2025-02-07 12:10",NA,0
"2025-02-07 12:15",NA,0
"2025-02-07 12:20",NA,0
"2025-02-07 12:25",NA,0
"2025-02-07 12:30",6.599999,0
"2025-02-07 12:35",NA,0
"2025-02-07 12:40",NA,0.149001999999996
"2025-02-07 12:45",NA,0.252487000000002
"2025-02-07 12:50",NA,0.0375060000000076
"2025-02-07 12:55",NA,0.120498999999995
"2025-02-07 13:00",5.2,0.196502999999993
"2025-02-07 13:05",NA,0.0485070000000007
"2025-02-07 13:10",NA,0.0124970000000104
"2025-02-07 13:15",NA,0
"2025-02-07 13:20",NA,0
"2025-02-07 13:25",NA,0
"2025-02-07 13:30",4.3,0.0849919999999997
"2025-02-07 13:35",NA,0.46501099999999
"2025-02-07 13:40",NA,0.376999000000012
"2025-02-07 13:45",NA,0.0414889999999986
"2025-02-07 13:50",NA,0.0230099999999993
"2025-02-07 13:55",NA,0.0244909999999976
"2025-02-07 14:00",3.1,0.0140069999999923
"2025-02-07 14:05",NA,0.00399800000000994
"2025-02-07 14:10",NA,0
"2025-02-07 14:15",NA,0
"2025-02-07 14:20",NA,0
"2025-02-07 14:25",NA,0
"2025-02-07 14:30",2.8,0
"2025-02-07 14:35",NA,0
"2025-02-07 14:40",NA,0
"2025-02-07 14:45",NA,0.0914920000000023
"2025-02-07 14:50",NA,0.237013999999988
"2025-02-07 14:55",NA,0.0384980000000041
"2025-02-07 15:00",2.8,0.00349500000000091
"2025-02-07 15:05",NA,0.000502999999994813
"2025-02-07 15:10",NA,0
"2025-02-07 15:15",NA,0
"2025-02-07 15:20",NA,0
"2025-02-07 15:25",NA,0
"2025-02-07 15:30",2.8,0
"2025-02-07 15:35",NA,0
"2025-02-07 15:40",NA,0
"2025-02-07 15:45",NA,0.109497000000005
"2025-02-07 15:50",NA,0.0254979999999989
"2025-02-07 15:55",NA,0
"2025-02-07 16:00",2.7,0
"2025-02-07 16:05",NA,0
"2025-02-07 16:10",NA,0
"2025-02-07 16:15",NA,0
"2025-02-07 16:20",NA,0
"2025-02-07 16:25",NA,0
"2025-02-07 16:30",2.3,0
"2025-02-07 16:35",NA,0
"2025-02-07 16:40",NA,0
"2025-02-07 16:45",NA,0
"2025-02-07 16:50",NA,0
"2025-02-07 16:55",NA,0
"2025-02-07 17:00",2.2,0
"2025-02-07 17:05",NA,0
"2025-02-07 17:10",NA,0
"2025-02-07 17:15",NA,0
"2025-02-07 17:20",NA,0
"2025-02-07 17:25",NA,0
"2025-02-07 17:30",2,0
"2025-02-07 17:35",NA,0
"2025-02-07 17:40",NA,0
"2025-02-07 17:45",NA,0
"2025-02-07 17:50",NA,0
"2025-02-07 17:55",NA,0
"2025-02-07 18:00",1.7,0
"2025-02-07 18:05",NA,0
"2025-02-07 18:10",NA,0
"2025-02-07 18:15",NA,0
"2025-02-07 18:20",NA,0
"2025-02-07 18:25",NA,0
"2025-02-07 18:30",1.2,0
"2025-02-07 18:35",NA,0
"2025-02-07 18:40",NA,0
"2025-02-07 18:45",NA,0
"2025-02-07 18:50",NA,0
"2025-02-07 18:55",NA,0
"2025-02-07 19:00",0.9,0
"2025-02-07 19:05",NA,0.0429990000000089
"2025-02-07 19:10",NA,0.0924989999999895
"2025-02-07 19:15",NA,0.154510000000002
"2025-02-07 19:20",NA,0.0995029999999986
"2025-02-07 19:25",NA,0.167999000000009
"2025-02-07 19:30",0.6,0.175490999999994
"2025-02-07 19:35",NA,0.189010999999994
"2025-02-07 19:40",NA,0.156982000000013
"2025-02-07 19:45",NA,0.110000999999997
"2025-02-07 19:50",NA,0.132003999999995
"2025-02-07 19:55",NA,0.159500000000008
"2025-02-07 20:00",0.5,0.12100199999999
"2025-02-07 20:05",NA,0.0670010000000048
"2025-02-07 20:10",NA,0.0644989999999979
"2025-02-07 20:15",NA,0.0500030000000038
"2025-02-07 20:20",NA,0.0489960000000025
"2025-02-07 20:25",NA,0.0279999999999916
"2025-02-07 20:30",0.3,0
"2025-02-07 20:35",NA,0.0364990000000063
"2025-02-07 20:40",NA,0.0480039999999917
"2025-02-07 20:45",NA,0.0480050000000034
"2025-02-07 20:50",NA,0.0585020000000043
"2025-02-07 20:55",NA,0.0734860000000026
"2025-02-07 21:00",0.1,0.0365139999999968
"2025-02-07 21:05",NA,0.0604859999999974
"2025-02-07 21:10",NA,0.0344999999999942
"2025-02-07 21:15",NA,0.0410159999999991
"2025-02-07 21:20",NA,0.0429990000000089
"2025-02-07 21:25",NA,0.0109870000000001
"2025-02-07 21:30",0,0
"2025-02-07 21:35",NA,0
"2025-02-07 21:40",NA,0
"2025-02-07 21:45",NA,0
"2025-02-07 21:50",NA,0
"2025-02-07 21:55",NA,0
"2025-02-07 22:00",-0.2,0
"2025-02-07 22:05",NA,0
"2025-02-07 22:10",NA,0
"2025-02-07 22:15",NA,0
"2025-02-07 22:20",NA,0
"2025-02-07 22:25",NA,0
"2025-02-07 22:30",-0.4,0
"2025-02-07 22:35",NA,0
"2025-02-07 22:40",NA,0
"2025-02-07 22:45",NA,0
"2025-02-07 22:50",NA,0
"2025-02-07 22:55",NA,0
"2025-02-07 23:00",-0.4,0
"2025-02-07 23:05",NA,0
"2025-02-07 23:10",NA,0
"2025-02-07 23:15",NA,0
"2025-02-07 23:20",NA,0
"2025-02-07 23:25",NA,0
"2025-02-07 23:30",-0.8,0
"2025-02-07 23:35",NA,0
"2025-02-07 23:40",NA,0
"2025-02-07 23:45",NA,0
"2025-02-07 23:50",NA,0
"2025-02-07 23:55",NA,0
"2025-02-08 00:00",-0.7,0
"2025-02-08 00:05",NA,0
"2025-02-08 00:10",NA,0
"2025-02-08 00:15",NA,0
"2025-02-08 00:20",NA,0
"2025-02-08 00:25",NA,0
"2025-02-08 00:30",-0.4,0
"2025-02-08 00:35",NA,0
"2025-02-08 00:40",NA,0
"2025-02-08 00:45",NA,0
"2025-02-08 00:50",NA,0
"2025-02-08 00:55",NA,0
"2025-02-08 01:00",-0.1,0
"2025-02-08 01:05",NA,0
"2025-02-08 01:10",NA,0
"2025-02-08 01:15",NA,0
"2025-02-08 01:20",NA,0
"2025-02-08 01:25",NA,0
"2025-02-08 01:30",-0.1,0
"2025-02-08 01:35",NA,0
"2025-02-08 01:40",NA,0
"2025-02-08 01:45",NA,0
"2025-02-08 01:50",NA,0
"2025-02-08 01:55",NA,0
"2025-02-08 02:00",-0.3,0
"2025-02-08 02:05",NA,0
"2025-02-08 02:10",NA,0
"2025-02-08 02:15",NA,0
"2025-02-08 02:20",NA,0
"2025-02-08 02:25",NA,0
"2025-02-08 02:30",-0.2,0
"2025-02-08 02:35",NA,0
"2025-02-08 02:40",NA,0
"2025-02-08 02:45",NA,0
"2025-02-08 02:50",NA,0
"2025-02-08 02:55",NA,0
"2025-02-08 03:00",-0.1,0
"2025-02-08 03:05",NA,0
"2025-02-08 03:10",NA,0
"2025-02-08 03:15",NA,0
"2025-02-08 03:20",NA,0
"2025-02-08 03:25",NA,0
"2025-02-08 03:30",0.1,0
"2025-02-08 03:35",NA,0
"2025-02-08 03:40",NA,0
"2025-02-08 03:45",NA,0
"2025-02-08 03:50",NA,0
"2025-02-08 03:55",NA,0
"2025-02-08 04:00",0.3,0
"2025-02-08 04:05",NA,0
"2025-02-08 04:10",NA,0
"2025-02-08 04:15",NA,0
"2025-02-08 04:20",NA,0
"2025-02-08 04:25",NA,0
"2025-02-08 04:30",0.2,0
"2025-02-08 04:35",NA,0
"2025-02-08 04:40",NA,0
"2025-02-08 04:45",NA,0
"2025-02-08 04:50",NA,0
"2025-02-08 04:55",NA,0
"2025-02-08 05:00",-0.1,0
"2025-02-08 05:05",NA,0
"2025-02-08 05:10",NA,0
"2025-02-08 05:15",NA,0
"2025-02-08 05:20",NA,0
"2025-02-08 05:25",NA,0
"2025-02-08 05:30",-0.2,0
"2025-02-08 05:35",NA,0
"2025-02-08 05:40",NA,0
"2025-02-08 05:45",NA,0
"2025-02-08 05:50",NA,0
"2025-02-08 05:55",NA,0
"2025-02-08 06:00",-0.3,0
"2025-02-08 06:05",NA,0
"2025-02-08 06:10",NA,0
"2025-02-08 06:15",NA,0
"2025-02-08 06:20",NA,0
"2025-02-08 06:25",NA,0
"2025-02-08 06:30",-0.1,0
"2025-02-08 06:35",NA,0
"2025-02-08 06:40",NA,0
"2025-02-08 06:45",NA,0
"2025-02-08 06:50",NA,0
"2025-02-08 06:55",NA,0
"2025-02-08 07:00",0.6,0
"2025-02-08 07:05",NA,0
"2025-02-08 07:10",NA,0
"2025-02-08 07:15",NA,0
"2025-02-08 07:20",NA,0
"2025-02-08 07:25",NA,0
"2025-02-08 07:30",3.7,0
"2025-02-08 07:35",NA,0
"2025-02-08 07:40",NA,0
"2025-02-08 07:45",NA,0
"2025-02-08 07:50",NA,0
"2025-02-08 07:55",NA,0
"2025-02-08 08:00",4.8,0
"2025-02-08 08:05",NA,0
"2025-02-08 08:10",NA,0
"2025-02-08 08:15",NA,0
"2025-02-08 08:20",NA,0
"2025-02-08 08:25",NA,0
"2025-02-08 08:30",7,0
"2025-02-08 08:35",NA,0
"2025-02-08 08:40",NA,0
"2025-02-08 08:45",NA,0
"2025-02-08 08:50",NA,0
"2025-02-08 08:55",NA,0
"2025-02-08 09:00",7.4,0
"2025-02-08 09:05",NA,0
"2025-02-08 09:10",NA,0
"2025-02-08 09:15",NA,0
"2025-02-08 09:20",NA,0
"2025-02-08 09:25",NA,0
"2025-02-08 09:30",8.4,0
"2025-02-08 09:35",NA,0
"2025-02-08 09:40",NA,0
"2025-02-08 09:45",NA,0
"2025-02-08 09:50",NA,0
"2025-02-08 09:55",NA,0
"2025-02-08 10:00",7.3,0
"2025-02-08 10:05",NA,0
"2025-02-08 10:10",NA,0
"2025-02-08 10:15",NA,0
"2025-02-08 10:20",NA,0
"2025-02-08 10:25",NA,0
"2025-02-08 10:30",7.5,0
"2025-02-08 10:35",NA,0
"2025-02-08 10:40",NA,0
"2025-02-08 10:45",NA,0
"2025-02-08 10:50",NA,0
"2025-02-08 10:55",NA,0
"2025-02-08 11:00",7.8,0
"2025-02-08 11:05",NA,0
"2025-02-08 11:10",NA,0
"2025-02-08 11:15",NA,0
"2025-02-08 11:20",NA,0
"2025-02-08 11:25",NA,0
"2025-02-08 11:30",7.3,0
"2025-02-08 11:35",NA,0
"2025-02-08 11:40",NA,0
"2025-02-08 11:45",NA,0
"2025-02-08 11:50",NA,0
"2025-02-08 11:55",NA,0
"2025-02-08 12:00",6.3,0
"2025-02-08 12:05",NA,0
"2025-02-08 12:10",NA,0
"2025-02-08 12:15",NA,0
"2025-02-08 12:20",NA,0.0615080000000034
"2025-02-08 12:25",NA,0.606490999999991
"2025-02-08 12:30",5.4,1.074005
"2025-02-08 12:35",NA,0.139496000000008
"2025-02-08 12:40",NA,0.0559999999999974
"2025-02-08 12:45",NA,0.0200040000000001
"2025-02-08 12:50",NA,0.012999999999991
"2025-02-08 12:55",NA,0.0124970000000104
"2025-02-08 13:00",3.4,0.0245060000000024
"2025-02-08 13:05",NA,0.252501999999993
"2025-02-08 13:10",NA,0.358490000000003
"2025-02-08 13:15",NA,0.206513000000001
"2025-02-08 13:20",NA,0.250991999999997
"2025-02-08 13:25",NA,0.178497000000007
"2025-02-08 13:30",2.5,0.198012999999989
"2025-02-08 13:35",NA,0.090485000000001
"2025-02-08 13:40",NA,0.14900200000001
"2025-02-08 13:45",NA,0.110503999999992
"2025-02-08 13:50",NA,0.0644989999999979
"2025-02-08 13:55",NA,0.0525050000000107
"2025-02-08 14:00",2,0.0350039999999865
"2025-02-08 14:05",NA,0.114487000000011
"2025-02-08 14:10",NA,0.0110009999999932
"2025-02-08 14:15",NA,0
"2025-02-08 14:20",NA,0
"2025-02-08 14:25",NA,0
"2025-02-08 14:30",2.4,0
"2025-02-08 14:35",NA,0
"2025-02-08 14:40",NA,0
"2025-02-08 14:45",NA,0
"2025-02-08 14:50",NA,0
"2025-02-08 14:55",NA,0
"2025-02-08 15:00",2.8,0
"2025-02-08 15:05",NA,0
"2025-02-08 15:10",NA,0
"2025-02-08 15:15",NA,0
"2025-02-08 15:20",NA,0
"2025-02-08 15:25",NA,0
"2025-02-08 15:30",2.3,0
"2025-02-08 15:35",NA,0
"2025-02-08 15:40",NA,0
"2025-02-08 15:45",NA,0
"2025-02-08 15:50",NA,0
"2025-02-08 15:55",NA,0.210510999999997
"2025-02-08 16:00",1.8,0.412994000000012
"2025-02-08 16:05",NA,0.42199699999999
"2025-02-08 16:10",NA,0.277008000000009
"2025-02-08 16:15",NA,0.285491999999991
"2025-02-08 16:20",NA,0.136002000000005
"2025-02-08 16:25",NA,0.079498000000001
"2025-02-08 16:30",1.4,0.0729979999999983
"2025-02-08 16:35",NA,0.0189969999999988
"2025-02-08 16:40",NA,0.0610049999999944
"2025-02-08 16:45",NA,0.0579990000000095
"2025-02-08 16:50",NA,0.0185079999999971
"2025-02-08 16:55",NA,0.0144959999999941
"2025-02-08 17:00",1,0.023499000000001
"2025-02-08 17:05",NA,0.0660090000000082
"2025-02-08 17:10",NA,0.109985999999992
"2025-02-08 17:15",NA,0.0460050000000081
"2025-02-08 17:20",NA,0.00450099999999054
"2025-02-08 17:25",NA,0.00450200000000223
"2025-02-08 17:30",0.9,0
"2025-02-08 17:35",NA,0
"2025-02-08 17:40",NA,0
"2025-02-08 17:45",NA,0
"2025-02-08 17:50",NA,0
"2025-02-08 17:55",NA,0
"2025-02-08 18:00",0.8,0
"2025-02-08 18:05",NA,0
"2025-02-08 18:10",NA,0
"2025-02-08 18:15",NA,0
"2025-02-08 18:20",NA,0
"2025-02-08 18:25",NA,0.341003000000001
"2025-02-08 18:30",0.8,0.170501999999999
"2025-02-08 18:35",NA,0.00349400000000344
"2025-02-08 18:40",NA,0.0269930000000045
"2025-02-08 18:45",NA,0.022002999999998
"2025-02-08 18:50",NA,0.0175019999999932
"2025-02-08 18:55",NA,0.00450100000000475
"2025-02-08 19:00",0.6,0
"2025-02-08 19:05",NA,0
"2025-02-08 19:10",NA,0
"2025-02-08 19:15",NA,0
"2025-02-08 19:20",NA,0
"2025-02-08 19:25",NA,0
"2025-02-08 19:30",0.6,0
"2025-02-08 19:35",NA,0
"2025-02-08 19:40",NA,0.0520020000000017
"2025-02-08 19:45",NA,0.108993999999996
"2025-02-08 19:50",NA,0.0325009999999963
"2025-02-08 19:55",NA,0.0335080000000119
"2025-02-08 20:00",0.5,0.00399799999999573
"2025-02-08 20:05",NA,0.000991999999996551
"2025-02-08 20:10",NA,0
"2025-02-08 20:15",NA,0
"2025-02-08 20:20",NA,0
"2025-02-08 20:25",NA,0
"2025-02-08 20:30",0.5,0
"2025-02-08 20:35",NA,0
"2025-02-08 20:40",NA,0.138000000000005
"2025-02-08 20:45",NA,0.0870060000000024
"2025-02-08 20:50",NA,0.176497999999995
"2025-02-08 20:55",NA,0.183502000000004
"2025-02-08 21:00",0.5,0.166503999999989
"2025-02-08 21:05",NA,0.185990000000004
"2025-02-08 21:10",NA,0.295501000000002
"2025-02-08 21:15",NA,0.254502000000002
"2025-02-08 21:20",NA,0.349502000000001
"2025-02-08 21:25",NA,0.235000999999997
"2025-02-08 21:30",0.3,0.0885009999999937
"2025-02-08 21:35",NA,0.057495000000003
"2025-02-08 21:40",NA,0.0189969999999988
"2025-02-08 21:45",NA,0.0190130000000011
"2025-02-08 21:50",NA,0.0109860000000026
"2025-02-08 21:55",NA,0.014008000000004
"2025-02-08 22:00",0.3,0.00900199999999529
"2025-02-08 22:05",NA,0
"2025-02-08 22:10",NA,0
"2025-02-08 22:15",NA,0
"2025-02-08 22:20",NA,0
"2025-02-08 22:25",NA,0
"2025-02-08 22:30",0.5,0
"2025-02-08 22:35",NA,0
"2025-02-08 22:40",NA,0
"2025-02-08 22:45",NA,0
"2025-02-08 22:50",NA,0
"2025-02-08 22:55",NA,0
"2025-02-08 23:00",0.5,0
"2025-02-08 23:05",NA,0
"2025-02-08 23:10",NA,0
"2025-02-08 23:15",NA,0
"2025-02-08 23:20",NA,0
"2025-02-08 23:25",NA,0
"2025-02-08 23:30",0.6,0
"2025-02-08 23:35",NA,0
"2025-02-08 23:40",NA,0
"2025-02-08 23:45",NA,0
"2025-02-08 23:50",NA,0
"2025-02-08 23:55",NA,0
"2025-02-09 00:00",0.5,0
"2025-02-09 00:05",NA,0
"2025-02-09 00:10",NA,0
"2025-02-09 00:15",NA,0
"2025-02-09 00:20",NA,0
"2025-02-09 00:25",NA,0
"2025-02-09 00:30",0.5,0
"2025-02-09 00:35",NA,0
"2025-02-09 00:40",NA,0
"2025-02-09 00:45",NA,0
"2025-02-09 00:50",NA,0
"2025-02-09 00:55",NA,0
"2025-02-09 01:00",0.5,0
"2025-02-09 01:05",NA,0
"2025-02-09 01:10",NA,0
"2025-02-09 01:15",NA,0
"2025-02-09 01:20",NA,0
"2025-02-09 01:25",NA,0
"2025-02-09 01:30",0.4,0
"2025-02-09 01:35",NA,0
"2025-02-09 01:40",NA,0
"2025-02-09 01:45",NA,0
"2025-02-09 01:50",NA,0
"2025-02-09 01:55",NA,0
"2025-02-09 02:00",0.3,0
"2025-02-09 02:05",NA,0
"2025-02-09 02:10",NA,0
"2025-02-09 02:15",NA,0
"2025-02-09 02:20",NA,0
"2025-02-09 02:25",NA,0
"2025-02-09 02:30",0.3,0
"2025-02-09 02:35",NA,0
"2025-02-09 02:40",NA,0
"2025-02-09 02:45",NA,0
"2025-02-09 02:50",NA,0
"2025-02-09 02:55",NA,0
"2025-02-09 03:00",0.3,0
"2025-02-09 03:05",NA,0
"2025-02-09 03:10",NA,0
"2025-02-09 03:15",NA,0
"2025-02-09 03:20",NA,0
"2025-02-09 03:25",NA,0
"2025-02-09 03:30",0.3,0
"2025-02-09 03:35",NA,0
"2025-02-09 03:40",NA,0
"2025-02-09 03:45",NA,0
"2025-02-09 03:50",NA,0
"2025-02-09 03:55",NA,0
"2025-02-09 04:00",0.3,0
"2025-02-09 04:05",NA,0
"2025-02-09 04:10",NA,0
"2025-02-09 04:15",NA,0
"2025-02-09 04:20",NA,0
"2025-02-09 04:25",NA,0
"2025-02-09 04:30",0.3,0
"2025-02-09 04:35",NA,0
"2025-02-09 04:40",NA,0
"2025-02-09 04:45",NA,0
"2025-02-09 04:50",NA,0
"2025-02-09 04:55",NA,0
"2025-02-09 05:00",0.1,0
"2025-02-09 05:05",NA,0
"2025-02-09 05:10",NA,0
"2025-02-09 05:15",NA,0
"2025-02-09 05:20",NA,0
"2025-02-09 05:25",NA,0
"2025-02-09 05:30",0.1,0
"2025-02-09 05:35",NA,0
"2025-02-09 05:40",NA,0
"2025-02-09 05:45",NA,0
"2025-02-09 05:50",NA,0
"2025-02-09 05:55",NA,0
"2025-02-09 06:00",0.1,0
"2025-02-09 06:05",NA,0
"2025-02-09 06:10",NA,0
"2025-02-09 06:15",NA,0
"2025-02-09 06:20",NA,0
"2025-02-09 06:25",NA,0
"2025-02-09 06:30",0.2,0
"2025-02-09 06:35",NA,0
"2025-02-09 06:40",NA,0
"2025-02-09 06:45",NA,0
"2025-02-09 06:50",NA,0
"2025-02-09 06:55",NA,0
"2025-02-09 07:00",0.8,0
"2025-02-09 07:05",NA,0
"2025-02-09 07:10",NA,0
"2025-02-09 07:15",NA,0
"2025-02-09 07:20",NA,0
"2025-02-09 07:25",NA,0
"2025-02-09 07:30",2,0
"2025-02-09 07:35",NA,0
"2025-02-09 07:40",NA,0
"2025-02-09 07:45",NA,0
"2025-02-09 07:50",NA,0
"2025-02-09 07:55",NA,0
"2025-02-09 08:00",2.8,0
"2025-02-09 08:05",NA,0
"2025-02-09 08:10",NA,0
"2025-02-09 08:15",NA,0
"2025-02-09 08:20",NA,0
"2025-02-09 08:25",NA,0
"2025-02-09 08:30",3,0
"2025-02-09 08:35",NA,0
"2025-02-09 08:40",NA,0
"2025-02-09 08:45",NA,0
"2025-02-09 08:50",NA,0
"2025-02-09 08:55",NA,0
"2025-02-09 09:00",5,0
"2025-02-09 09:05",NA,0
"2025-02-09 09:10",NA,0
"2025-02-09 09:15",NA,0
"2025-02-09 09:20",NA,0
"2025-02-09 09:25",NA,0
"2025-02-09 09:30",7.3,0
"2025-02-09 09:35",NA,0
"2025-02-09 09:40",NA,0
"2025-02-09 09:45",NA,0
"2025-02-09 09:50",NA,0
"2025-02-09 09:55",NA,0
"2025-02-09 10:00",8.1,0
"2025-02-09 10:05",NA,0
"2025-02-09 10:10",NA,0
"2025-02-09 10:15",NA,0
"2025-02-09 10:20",NA,0
"2025-02-09 10:25",NA,0
"2025-02-09 10:30",7.2,0
"2025-02-09 10:35",NA,0
"2025-02-09 10:40",NA,0
"2025-02-09 10:45",NA,0
"2025-02-09 10:50",NA,0
"2025-02-09 10:55",NA,0
"2025-02-09 11:00",7.2,0
"2025-02-09 11:05",NA,0
"2025-02-09 11:10",NA,0
"2025-02-09 11:15",NA,0
"2025-02-09 11:20",NA,0
"2025-02-09 11:25",NA,0
"2025-02-09 11:30",8.5,0
"2025-02-09 11:35",NA,0
"2025-02-09 11:40",NA,0
"2025-02-09 11:45",NA,0
"2025-02-09 11:50",NA,0
"2025-02-09 11:55",NA,0
"2025-02-09 12:00",8.199999,0
"2025-02-09 12:05",NA,0
"2025-02-09 12:10",NA,0
"2025-02-09 12:15",NA,0
"2025-02-09 12:20",NA,0.421493999999996
"2025-02-09 12:25",NA,0.582001000000005
"2025-02-09 12:30",6.599999,0.626509999999996
"2025-02-09 12:35",NA,0.155991
"2025-02-09 12:40",NA,0.0865020000000101
"2025-02-09 12:45",NA,0.0699919999999992
"2025-02-09 12:50",NA,0.0155029999999954
"2025-02-09 12:55",NA,0.0115049999999997
"2025-02-09 13:00",4.4,0.0950009999999963
"2025-02-09 13:05",NA,0.0564880000000016
"2025-02-09 13:10",NA,0
"2025-02-09 13:15",NA,0
"2025-02-09 13:20",NA,0
"2025-02-09 13:25",NA,0
"2025-02-09 13:30",3.5,0
"2025-02-09 13:35",NA,0
"2025-02-09 13:40",NA,0
"2025-02-09 13:45",NA,0
"2025-02-09 13:50",NA,0
"2025-02-09 13:55",NA,0
"2025-02-09 14:00",3.4,0
"2025-02-09 14:05",NA,0
"2025-02-09 14:10",NA,0
"2025-02-09 14:15",NA,0
"2025-02-09 14:20",NA,0
"2025-02-09 14:25",NA,0
"2025-02-09 14:30",4,0
"2025-02-09 14:35",NA,0.093002999999996
"2025-02-09 14:40",NA,0.761505
"2025-02-09 14:45",NA,0.602508
"2025-02-09 14:50",NA,0.684998000000007
"2025-02-09 14:55",NA,0.431990999999996
"2025-02-09 15:00",3,0.215500000000006
"2025-02-09 15:05",NA,0.0875089999999972
"2025-02-09 15:10",NA,0.0699919999999992
"2025-02-09 15:15",NA,0.0220039999999955
"2025-02-09 15:20",NA,0.0249940000000066
"2025-02-09 15:25",NA,0.00849900000000048
"2025-02-09 15:30",2.2,0.00950600000000179
"2025-02-09 15:35",NA,0
"2025-02-09 15:40",NA,0
"2025-02-09 15:45",NA,0
"2025-02-09 15:50",NA,0
"2025-02-09 15:55",NA,0
"2025-02-09 16:00",1.7,0
"2025-02-09 16:05",NA,0
"2025-02-09 16:10",NA,0
"2025-02-09 16:15",NA,0
"2025-02-09 16:20",NA,0.170501999999999
"2025-02-09 16:25",NA,0.0469969999999904
"2025-02-09 16:30",1.5,0.0345000000000084
"2025-02-09 16:35",NA,0.00500499999999704
"2025-02-09 16:40",NA,0.00900199999999529
"2025-02-09 16:45",NA,0.0299990000000037
"2025-02-09 16:50",NA,0.0059970000000078
"2025-02-09 16:55",NA,0.0774989999999889
"2025-02-09 17:00",1.4,0.049500000000009
"2025-02-09 17:05",NA,0.0225059999999928
"2025-02-09 17:10",NA,0.01049900000001
"2025-02-09 17:15",NA,0.0119929999999897
"2025-02-09 17:20",NA,0.00500499999999704
"2025-02-09 17:25",NA,0
"2025-02-09 17:30",1.4,0
"2025-02-09 17:35",NA,0
"2025-02-09 17:40",NA,0
"2025-02-09 17:45",NA,0
"2025-02-09 17:50",NA,0
"2025-02-09 17:55",NA,0
"2025-02-09 18:00",1.3,0
"2025-02-09 18:05",NA,0
"2025-02-09 18:10",NA,0
"2025-02-09 18:15",NA,0
"2025-02-09 18:20",NA,0
"2025-02-09 18:25",NA,0
"2025-02-09 18:30",0.9,0
"2025-02-09 18:35",NA,0
"2025-02-09 18:40",NA,0
"2025-02-09 18:45",NA,0
"2025-02-09 18:50",NA,0
"2025-02-09 18:55",NA,0
"2025-02-09 19:00",0.6,0
"2025-02-09 19:05",NA,0
"2025-02-09 19:10",NA,0
"2025-02-09 19:15",NA,0
"2025-02-09 19:20",NA,0
"2025-02-09 19:25",NA,0
"2025-02-09 19:30",0.6,0.223495
"2025-02-09 19:35",NA,0.184006000000011
"2025-02-09 19:40",NA,0.571486999999991
"2025-02-09 19:45",NA,0.511506000000011
"2025-02-09 19:50",NA,0.115493000000001
"2025-02-09 19:55",NA,0.0450139999999948
"2025-02-09 20:00",0.5,0.0244900000000001
"2025-02-09 20:05",NA,0.00250300000000436
"2025-02-09 20:10",NA,0
"2025-02-09 20:15",NA,0
"2025-02-09 20:20",NA,0
"2025-02-09 20:25",NA,0.105498999999995
"2025-02-09 20:30",0.5,0.363510000000005
"2025-02-09 20:35",NA,0.324996999999996
"2025-02-09 20:40",NA,0.190001999999993
"2025-02-09 20:45",NA,0.151001000000008
"2025-02-09 20:50",NA,0.0869909999999976
"2025-02-09 20:55",NA,0.206999999999994
"2025-02-09 21:00",0.5,0.180497000000003
"2025-02-09 21:05",NA,0.0880120000000062
"2025-02-09 21:10",NA,0.101990000000001
"2025-02-09 21:15",NA,0.0305019999999985
"2025-02-09 21:20",NA,0.0220039999999955
"2025-02-09 21:25",NA,0.0119930000000039
"2025-02-09 21:30",0.3,0
"2025-02-09 21:35",NA,0.00199899999999786
"2025-02-09 21:40",NA,0
"2025-02-09 21:45",NA,0
"2025-02-09 21:50",NA,0
"2025-02-09 21:55",NA,0
"2025-02-09 22:00",0.3,0
"2025-02-09 22:05",NA,0
"2025-02-09 22:10",NA,0
"2025-02-09 22:15",NA,0
"2025-02-09 22:20",NA,0
"2025-02-09 22:25",NA,0
"2025-02-09 22:30",0.5,0
"2025-02-09 22:35",NA,0
"2025-02-09 22:40",NA,0
"2025-02-09 22:45",NA,0
"2025-02-09 22:50",NA,0
"2025-02-09 22:55",NA,0
"2025-02-09 23:00",0.6,0
"2025-02-09 23:05",NA,0
"2025-02-09 23:10",NA,0
"2025-02-09 23:15",NA,0
"2025-02-09 23:20",NA,0
"2025-02-09 23:25",NA,0
"2025-02-09 23:30",0.6,0
"2025-02-09 23:35",NA,0
"2025-02-09 23:40",NA,0
"2025-02-09 23:45",NA,0
"2025-02-09 23:50",NA,0
"2025-02-09 23:55",NA,0
"2025-02-10 00:00",0.7,0
"2025-02-10 00:05",NA,0
"2025-02-10 00:10",NA,0
"2025-02-10 00:15",NA,0
"2025-02-10 00:20",NA,0
"2025-02-10 00:25",NA,0
"2025-02-10 00:30",0.6,0
"2025-02-10 00:35",NA,0
"2025-02-10 00:40",NA,0
"2025-02-10 00:45",NA,0
"2025-02-10 00:50",NA,0
"2025-02-10 00:55",NA,0
"2025-02-10 01:00",0.8,0
"2025-02-10 01:05",NA,0
"2025-02-10 01:10",NA,0
"2025-02-10 01:15",NA,0
"2025-02-10 01:20",NA,0
"2025-02-10 01:25",NA,0
"2025-02-10 01:30",0.6,0
"2025-02-10 01:35",NA,0
"2025-02-10 01:40",NA,0
"2025-02-10 01:45",NA,0
"2025-02-10 01:50",NA,0
"2025-02-10 01:55",NA,0
"2025-02-10 02:00",0.3,0
"2025-02-10 02:05",NA,0
"2025-02-10 02:10",NA,0
"2025-02-10 02:15",NA,0
"2025-02-10 02:20",NA,0
"2025-02-10 02:25",NA,0
"2025-02-10 02:30",0.5,0
"2025-02-10 02:35",NA,0
"2025-02-10 02:40",NA,0
"2025-02-10 02:45",NA,0
"2025-02-10 02:50",NA,0
"2025-02-10 02:55",NA,0
"2025-02-10 03:00",0.3,0
"2025-02-10 03:05",NA,0
"2025-02-10 03:10",NA,0
"2025-02-10 03:15",NA,0
"2025-02-10 03:20",NA,0
"2025-02-10 03:25",NA,0
"2025-02-10 03:30",0.4,0
"2025-02-10 03:35",NA,0
"2025-02-10 03:40",NA,0
"2025-02-10 03:45",NA,0
"2025-02-10 03:50",NA,0
"2025-02-10 03:55",NA,0
"2025-02-10 04:00",0.3,0
"2025-02-10 04:05",NA,0
"2025-02-10 04:10",NA,0
"2025-02-10 04:15",NA,0
"2025-02-10 04:20",NA,0
"2025-02-10 04:25",NA,0
"2025-02-10 04:30",0.4,0
"2025-02-10 04:35",NA,0
"2025-02-10 04:40",NA,0
"2025-02-10 04:45",NA,0
"2025-02-10 04:50",NA,0
"2025-02-10 04:55",NA,0
"2025-02-10 05:00",0.2,0
"2025-02-10 05:05",NA,0
"2025-02-10 05:10",NA,0
"2025-02-10 05:15",NA,0
"2025-02-10 05:20",NA,0
"2025-02-10 05:25",NA,0
"2025-02-10 05:30",-0.4,0
"2025-02-10 05:35",NA,0
"2025-02-10 05:40",NA,0
"2025-02-10 05:45",NA,0
"2025-02-10 05:50",NA,0
"2025-02-10 05:55",NA,0
"2025-02-10 06:00",-0.6,0
"2025-02-10 06:05",NA,0
"2025-02-10 06:10",NA,0
"2025-02-10 06:15",NA,0
"2025-02-10 06:20",NA,0
"2025-02-10 06:25",NA,0
"2025-02-10 06:30",0,0
"2025-02-10 06:35",NA,0
"2025-02-10 06:40",NA,0
"2025-02-10 06:45",NA,0
"2025-02-10 06:50",NA,0
"2025-02-10 06:55",NA,0
"2025-02-10 07:00",0.8,0
"2025-02-10 07:05",NA,0
"2025-02-10 07:10",NA,0
"2025-02-10 07:15",NA,0
"2025-02-10 07:20",NA,0
"2025-02-10 07:25",NA,0
"2025-02-10 07:30",2.1,0
"2025-02-10 07:35",NA,0
"2025-02-10 07:40",NA,0
"2025-02-10 07:45",NA,0
"2025-02-10 07:50",NA,0
"2025-02-10 07:55",NA,0
"2025-02-10 08:00",2.8,0
"2025-02-10 08:05",NA,0
"2025-02-10 08:10",NA,0
"2025-02-10 08:15",NA,0
"2025-02-10 08:20",NA,0
"2025-02-10 08:25",NA,0
"2025-02-10 08:30",4.3,0
"2025-02-10 08:35",NA,0
"2025-02-10 08:40",NA,0
"2025-02-10 08:45",NA,0
"2025-02-10 08:50",NA,0
"2025-02-10 08:55",NA,0
"2025-02-10 09:00",5.3,0
"2025-02-10 09:05",NA,0
"2025-02-10 09:10",NA,0
"2025-02-10 09:15",NA,0
"2025-02-10 09:20",NA,0
"2025-02-10 09:25",NA,0
"2025-02-10 09:30",7.8,0
"2025-02-10 09:35",NA,0
"2025-02-10 09:40",NA,0
"2025-02-10 09:45",NA,0
"2025-02-10 09:50",NA,0
"2025-02-10 09:55",NA,0
"2025-02-10 10:00",9.4,0
"2025-02-10 10:05",NA,0
"2025-02-10 10:10",NA,0
"2025-02-10 10:15",NA,0
"2025-02-10 10:20",NA,0
"2025-02-10 10:25",NA,0
"2025-02-10 10:30",10.799999,0
"2025-02-10 10:35",NA,0
"2025-02-10 10:40",NA,0
"2025-02-10 10:45",NA,0
"2025-02-10 10:50",NA,0
"2025-02-10 10:55",NA,0
"2025-02-10 11:00",8.4,0
"2025-02-10 11:05",NA,0
"2025-02-10 11:10",NA,0
"2025-02-10 11:15",NA,0.0605010000000021
"2025-02-10 11:20",NA,0.238006999999996
"2025-02-10 11:25",NA,0.233001000000002
"2025-02-10 11:30",5.599999,0.138001000000003
"2025-02-10 11:35",NA,0.105498999999995
"2025-02-10 11:40",NA,0.1875
"2025-02-10 11:45",NA,0.122498000000007
"2025-02-10 11:50",NA,0.0760039999999975
"2025-02-10 11:55",NA,0.176497999999995
"2025-02-10 12:00",3.7,0.483490000000003
"2025-02-10 12:05",NA,0.223999000000006
"2025-02-10 12:10",NA,0.103011999999993
"2025-02-10 12:15",NA,0.192993000000001
"2025-02-10 12:20",NA,0.395004999999998
"2025-02-10 12:25",NA,0.0764920000000018
"2025-02-10 12:30",2.8,0.031006000000005
"2025-02-10 12:35",NA,0.311492999999999
"2025-02-10 12:40",NA,0.643508999999995
"2025-02-10 12:45",NA,0.621994000000001
"2025-02-10 12:50",NA,0.242004000000009
"2025-02-10 12:55",NA,0.190505999999999
"2025-02-10 13:00",2.2,0.154998999999989
"2025-02-10 13:05",NA,0.0885010000000079
"2025-02-10 13:10",NA,0.0449979999999925
"2025-02-10 13:15",NA,0.21150200000001
"2025-02-10 13:20",NA,0.215499999999992
"2025-02-10 13:25",NA,0.384994000000006
"2025-02-10 13:30",1.9,0.341003999999998
"2025-02-10 13:35",NA,0.419997999999993
"2025-02-10 13:40",NA,0.300491000000008
"2025-02-10 13:45",NA,0.287505999999993
"2025-02-10 13:50",NA,0.258499999999998
"2025-02-10 13:55",NA,0.10650600000001
"2025-02-10 14:00",1.7,0.104996
"2025-02-10 14:05",NA,0.106994
"2025-02-10 14:10",NA,0.0875089999999972
"2025-02-10 14:15",NA,0.0799870000000027
"2025-02-10 14:20",NA,0.103011999999993
"2025-02-10 14:25",NA,0.144501000000005
"2025-02-10 14:30",1.4,0.131987999999993
"2025-02-10 14:35",NA,0.0555120000000073
"2025-02-10 14:40",NA,0.016998000000001
"2025-02-10 14:45",NA,0.0149990000000031
"2025-02-10 14:50",NA,0.0150000000000006
"2025-02-10 14:55",NA,0.0395049999999912
"2025-02-10 15:00",2.2,0.0304870000000079
"2025-02-10 15:05",NA,0.0370029999999986
"2025-02-10 15:10",NA,0.027007999999995
"2025-02-10 15:15",NA,0.00900199999999529
"2025-02-10 15:20",NA,0.00399800000000994
"2025-02-10 15:25",NA,0
"2025-02-10 15:30",3.7,0
"2025-02-10 15:35",NA,0
"2025-02-10 15:40",NA,0
"2025-02-10 15:45",NA,0
"2025-02-10 15:50",NA,0
"2025-02-10 15:55",NA,0
"2025-02-10 16:00",4.7,0
"2025-02-10 16:05",NA,0
"2025-02-10 16:10",NA,0
"2025-02-10 16:15",NA,0
"2025-02-10 16:20",NA,0
"2025-02-10 16:25",NA,0
"2025-02-10 16:30",5,0
"2025-02-10 16:35",NA,0
"2025-02-10 16:40",NA,0
"2025-02-10 16:45",NA,0
"2025-02-10 16:50",NA,0
"2025-02-10 16:55",NA,0
"2025-02-10 17:00",4.4,0
"2025-02-10 17:05",NA,0
"2025-02-10 17:10",NA,0
"2025-02-10 17:15",NA,0
"2025-02-10 17:20",NA,0
"2025-02-10 17:25",NA,0
"2025-02-10 17:30",3.4,0
"2025-02-10 17:35",NA,0
"2025-02-10 17:40",NA,0
"2025-02-10 17:45",NA,0
"2025-02-10 17:50",NA,0
"2025-02-10 17:55",NA,0
"2025-02-10 18:00",2.5,0
"2025-02-10 18:05",NA,0
"2025-02-10 18:10",NA,0
"2025-02-10 18:15",NA,0
"2025-02-10 18:20",NA,0
"2025-02-10 18:25",NA,0
"2025-02-10 18:30",1.8,0
"2025-02-10 18:35",NA,0
"2025-02-10 18:40",NA,0
"2025-02-10 18:45",NA,0
"2025-02-10 18:50",NA,0
"2025-02-10 18:55",NA,0
"2025-02-10 19:00",1.4,0
"2025-02-10 19:05",NA,0
"2025-02-10 19:10",NA,0
"2025-02-10 19:15",NA,0
"2025-02-10 19:20",NA,0
"2025-02-10 19:25",NA,0
"2025-02-10 19:30",1.1,0
"2025-02-10 19:35",NA,0
"2025-02-10 19:40",NA,0
"2025-02-10 19:45",NA,0
"2025-02-10 19:50",NA,0
"2025-02-10 19:55",NA,0
"2025-02-10 20:00",0.9,0
"2025-02-10 20:05",NA,0
"2025-02-10 20:10",NA,0
"2025-02-10 20:15",NA,0
"2025-02-10 20:20",NA,0
"2025-02-10 20:25",NA,0
"2025-02-10 20:30",0.8,0
"2025-02-10 20:35",NA,0
"2025-02-10 20:40",NA,0
"2025-02-10 20:45",NA,0
"2025-02-10 20:50",NA,0
"2025-02-10 20:55",NA,0
"2025-02-10 21:00",0.5,0
"2025-02-10 21:05",NA,0
"2025-02-10 21:10",NA,0
"2025-02-10 21:15",NA,0
"2025-02-10 21:20",NA,0
"2025-02-10 21:25",NA,0
"2025-02-10 21:30",0.4,0
"2025-02-10 21:35",NA,0
"2025-02-10 21:40",NA,0
"2025-02-10 21:45",NA,0
"2025-02-10 21:50",NA,0
"2025-02-10 21:55",NA,0
"2025-02-10 22:00",0,0
"2025-02-10 22:05",NA,0
"2025-02-10 22:10",NA,0
"2025-02-10 22:15",NA,0
"2025-02-10 22:20",NA,0
"2025-02-10 22:25",NA,0
"2025-02-10 22:30",-0.4,0
"2025-02-10 22:35",NA,0
"2025-02-10 22:40",NA,0
"2025-02-10 22:45",NA,0
"2025-02-10 22:50",NA,0
"2025-02-10 22:55",NA,0
"2025-02-10 23:00",-0.4,0
"2025-02-10 23:05",NA,0
"2025-02-10 23:10",NA,0
"2025-02-10 23:15",NA,0
"2025-02-10 23:20",NA,0
"2025-02-10 23:25",NA,0
"2025-02-10 23:30",-0.5,0
"2025-02-10 23:35",NA,0
"2025-02-10 23:40",NA,0
"2025-02-10 23:45",NA,0
"2025-02-10 23:50",NA,0
"2025-02-10 23:55",NA,0
"2025-02-11 00:00",-0.9,0
"2025-02-11 00:05",NA,0
"2025-02-11 00:10",NA,0
"2025-02-11 00:15",NA,0
"2025-02-11 00:20",NA,0
"2025-02-11 00:25",NA,0
"2025-02-11 00:30",-1.3,0
"2025-02-11 00:35",NA,0
"2025-02-11 00:40",NA,0
"2025-02-11 00:45",NA,0
"2025-02-11 00:50",NA,0
"2025-02-11 00:55",NA,0
"2025-02-11 01:00",-1.5,0
"2025-02-11 01:05",NA,0
"2025-02-11 01:10",NA,0
"2025-02-11 01:15",NA,0
"2025-02-11 01:20",NA,0
"2025-02-11 01:25",NA,0
"2025-02-11 01:30",-1.1,0
"2025-02-11 01:35",NA,0
"2025-02-11 01:40",NA,0
"2025-02-11 01:45",NA,0
"2025-02-11 01:50",NA,0
"2025-02-11 01:55",NA,0
"2025-02-11 02:00",-1,0
"2025-02-11 02:05",NA,0
"2025-02-11 02:10",NA,0
"2025-02-11 02:15",NA,0
"2025-02-11 02:20",NA,0
"2025-02-11 02:25",NA,0
"2025-02-11 02:30",-1,0
"2025-02-11 02:35",NA,0
"2025-02-11 02:40",NA,0
"2025-02-11 02:45",NA,0
"2025-02-11 02:50",NA,0
"2025-02-11 02:55",NA,0
"2025-02-11 03:00",-1,0
"2025-02-11 03:05",NA,0
"2025-02-11 03:10",NA,0
"2025-02-11 03:15",NA,0
"2025-02-11 03:20",NA,0
"2025-02-11 03:25",NA,0
"2025-02-11 03:30",-1,0
"2025-02-11 03:35",NA,0
"2025-02-11 03:40",NA,0
"2025-02-11 03:45",NA,0
"2025-02-11 03:50",NA,0
"2025-02-11 03:55",NA,0
"2025-02-11 04:00",-0.8,0
"2025-02-11 04:05",NA,0
"2025-02-11 04:10",NA,0
"2025-02-11 04:15",NA,0
"2025-02-11 04:20",NA,0
"2025-02-11 04:25",NA,0
"2025-02-11 04:30",-0.8,0
"2025-02-11 04:35",NA,0
"2025-02-11 04:40",NA,0
"2025-02-11 04:45",NA,0
"2025-02-11 04:50",NA,0
"2025-02-11 04:55",NA,0
"2025-02-11 05:00",-0.9,0
"2025-02-11 05:05",NA,0
"2025-02-11 05:10",NA,0
"2025-02-11 05:15",NA,0
"2025-02-11 05:20",NA,0
"2025-02-11 05:25",NA,0
"2025-02-11 05:30",-1,0
"2025-02-11 05:35",NA,0
"2025-02-11 05:40",NA,0
"2025-02-11 05:45",NA,0
"2025-02-11 05:50",NA,0
"2025-02-11 05:55",NA,0
"2025-02-11 06:00",-1,0
"2025-02-11 06:05",NA,0
"2025-02-11 06:10",NA,0
"2025-02-11 06:15",NA,0
"2025-02-11 06:20",NA,0
"2025-02-11 06:25",NA,0
"2025-02-11 06:30",-0.6,0
"2025-02-11 06:35",NA,0
"2025-02-11 06:40",NA,0
"2025-02-11 06:45",NA,0
"2025-02-11 06:50",NA,0
"2025-02-11 06:55",NA,0
"2025-02-11 07:00",0.4,0
"2025-02-11 07:05",NA,0
"2025-02-11 07:10",NA,0
"2025-02-11 07:15",NA,0
"2025-02-11 07:20",NA,0
"2025-02-11 07:25",NA,0
"2025-02-11 07:30",4.7,0
"2025-02-11 07:35",NA,0
"2025-02-11 07:40",NA,0
"2025-02-11 07:45",NA,0
"2025-02-11 07:50",NA,0
"2025-02-11 07:55",NA,0
"2025-02-11 08:00",8.199999,0
"2025-02-11 08:05",NA,0
"2025-02-11 08:10",NA,0
"2025-02-11 08:15",NA,0
"2025-02-11 08:20",NA,0
"2025-02-11 08:25",NA,0
"2025-02-11 08:30",9.699999,0
"2025-02-11 08:35",NA,0
"2025-02-11 08:40",NA,0
"2025-02-11 08:45",NA,0
"2025-02-11 08:50",NA,0
"2025-02-11 08:55",NA,0
"2025-02-11 09:00",10.799999,0
"2025-02-11 09:05",NA,0
"2025-02-11 09:10",NA,0
"2025-02-11 09:15",NA,0
"2025-02-11 09:20",NA,0
"2025-02-11 09:25",NA,0
"2025-02-11 09:30",14.199999,0
"2025-02-11 09:35",NA,0
"2025-02-11 09:40",NA,0
"2025-02-11 09:45",NA,0
"2025-02-11 09:50",NA,0
"2025-02-11 09:55",NA,0
"2025-02-11 10:00",13.5,0
"2025-02-11 10:05",NA,0
"2025-02-11 10:10",NA,0
"2025-02-11 10:15",NA,0
"2025-02-11 10:20",NA,0
"2025-02-11 10:25",NA,0
"2025-02-11 10:30",11.699999,0
"2025-02-11 10:35",NA,0.106003000000001
"2025-02-11 10:40",NA,0.125
"2025-02-11 10:45",NA,0.0214840000000009
"2025-02-11 10:50",NA,0.0225069999999903
"2025-02-11 10:55",NA,0.0160060000000044
"2025-02-11 11:00",10.9,0.000991999999996551
"2025-02-11 11:05",NA,0
"2025-02-11 11:10",NA,0
"2025-02-11 11:15",NA,0
"2025-02-11 11:20",NA,0
"2025-02-11 11:25",NA,0
"2025-02-11 11:30",11.6,0
"2025-02-11 11:35",NA,0
"2025-02-11 11:40",NA,0
"2025-02-11 11:45",NA,0
"2025-02-11 11:50",NA,0
"2025-02-11 11:55",NA,0
"2025-02-11 12:00",9.299999,0.133010999999996
"2025-02-11 12:05",NA,0.860993000000008
"2025-02-11 12:10",NA,0.134001999999995
"2025-02-11 12:15",NA,0.0204930000000019
"2025-02-11 12:20",NA,0.0100100000000083
"2025-02-11 12:25",NA,0.00248699999998792
"2025-02-11 12:30",5.8,0
"2025-02-11 12:35",NA,0
"2025-02-11 12:40",NA,0
"2025-02-11 12:45",NA,0
"2025-02-11 12:50",NA,0
"2025-02-11 12:55",NA,0
"2025-02-11 13:00",4.3,0
"2025-02-11 13:05",NA,0
"2025-02-11 13:10",NA,0
"2025-02-11 13:15",NA,0
"2025-02-11 13:20",NA,0
"2025-02-11 13:25",NA,0
"2025-02-11 13:30",6.099999,0
"2025-02-11 13:35",NA,0
"2025-02-11 13:40",NA,0
"2025-02-11 13:45",NA,0
"2025-02-11 13:50",NA,0
"2025-02-11 13:55",NA,0
"2025-02-11 14:00",7.3,0
"2025-02-11 14:05",NA,0
"2025-02-11 14:10",NA,0
"2025-02-11 14:15",NA,0.722503000000003
"2025-02-11 14:20",NA,1.88700900000001
"2025-02-11 14:25",NA,1.15550199999998
"2025-02-11 14:30",5.099999,0.84097300000002
"2025-02-11 14:35",NA,0.452515000000005
"2025-02-11 14:40",NA,0.435485999999997
"2025-02-11 14:45",NA,0.370024999999998
"2025-02-11 14:50",NA,0.188996000000003
"2025-02-11 14:55",NA,0.208983999999987
"2025-02-11 15:00",3,0.258514999999989
"2025-02-11 15:05",NA,0.222503000000017
"2025-02-11 15:10",NA,0.226990000000001
"2025-02-11 15:15",NA,0.135009999999994
"2025-02-11 15:20",NA,0.089507999999995
"2025-02-11 15:25",NA,0.127472000000012
"2025-02-11 15:30",2,0.215514999999982
"2025-02-11 15:35",NA,0.225494000000026
"2025-02-11 15:40",NA,0.164001999999982
"2025-02-11 15:45",NA,0.0930170000000032
"2025-02-11 15:50",NA,0.0989989999999921
"2025-02-11 15:55",NA,0.0704960000000199
"2025-02-11 16:00",2.3,0.134490999999997
"2025-02-11 16:05",NA,0.0930170000000032
"2025-02-11 16:10",NA,0.027985000000001
"2025-02-11 16:15",NA,0.0249939999999924
"2025-02-11 16:20",NA,0
"2025-02-11 16:25",NA,0
"2025-02-11 16:30",2.8,0
"2025-02-11 16:35",NA,0
"2025-02-11 16:40",NA,0
"2025-02-11 16:45",NA,0
"2025-02-11 16:50",NA,0
"2025-02-11 16:55",NA,0
"2025-02-11 17:00",4,0
"2025-02-11 17:05",NA,0
"2025-02-11 17:10",NA,0
"2025-02-11 17:15",NA,0
"2025-02-11 17:20",NA,0
"2025-02-11 17:25",NA,0
"2025-02-11 17:30",3.6,0
"2025-02-11 17:35",NA,0
"2025-02-11 17:40",NA,0
"2025-02-11 17:45",NA,0
"2025-02-11 17:50",NA,0
"2025-02-11 17:55",NA,0
"2025-02-11 18:00",3.1,0
"2025-02-11 18:05",NA,0
"2025-02-11 18:10",NA,0
"2025-02-11 18:15",NA,0
"2025-02-11 18:20",NA,0
"2025-02-11 18:25",NA,0
"2025-02-11 18:30",1.9,0
"2025-02-11 18:35",NA,0
"2025-02-11 18:40",NA,0
"2025-02-11 18:45",NA,0
"2025-02-11 18:50",NA,0
"2025-02-11 18:55",NA,0
"2025-02-11 19:00",0.9,0
"2025-02-11 19:05",NA,0
"2025-02-11 19:10",NA,0
"2025-02-11 19:15",NA,0
"2025-02-11 19:20",NA,0
"2025-02-11 19:25",NA,0
"2025-02-11 19:30",0.2,0
"2025-02-11 19:35",NA,0
"2025-02-11 19:40",NA,0
"2025-02-11 19:45",NA,0
"2025-02-11 19:50",NA,0
"2025-02-11 19:55",NA,0
"2025-02-11 20:00",-0.1,0
"2025-02-11 20:05",NA,0
"2025-02-11 20:10",NA,0
"2025-02-11 20:15",NA,0
"2025-02-11 20:20",NA,0
"2025-02-11 20:25",NA,0
"2025-02-11 20:30",-0.6,0
"2025-02-11 20:35",NA,0
"2025-02-11 20:40",NA,0
"2025-02-11 20:45",NA,0
"2025-02-11 20:50",NA,0
"2025-02-11 20:55",NA,0
"2025-02-11 21:00",-0.9,0
"2025-02-11 21:05",NA,0
"2025-02-11 21:10",NA,0
"2025-02-11 21:15",NA,0
"2025-02-11 21:20",NA,0
"2025-02-11 21:25",NA,0
"2025-02-11 21:30",-1.6,0
"2025-02-11 21:35",NA,0
"2025-02-11 21:40",NA,0
"2025-02-11 21:45",NA,0
"2025-02-11 21:50",NA,0
"2025-02-11 21:55",NA,0
"2025-02-11 22:00",-2.4,0
"2025-02-11 22:05",NA,0
"2025-02-11 22:10",NA,0
"2025-02-11 22:15",NA,0
"2025-02-11 22:20",NA,0
"2025-02-11 22:25",NA,0
"2025-02-11 22:30",-2.8,0
"2025-02-11 22:35",NA,0
"2025-02-11 22:40",NA,0
"2025-02-11 22:45",NA,0
"2025-02-11 22:50",NA,0
"2025-02-11 22:55",NA,0
"2025-02-11 23:00",-2.6,0
"2025-02-11 23:05",NA,0
"2025-02-11 23:10",NA,0
"2025-02-11 23:15",NA,0
"2025-02-11 23:20",NA,0
"2025-02-11 23:25",NA,0
"2025-02-11 23:30",-2.9,0
"2025-02-11 23:35",NA,0
"2025-02-11 23:40",NA,0
"2025-02-11 23:45",NA,0
"2025-02-11 23:50",NA,0
"2025-02-11 23:55",NA,0
"2025-02-12 00:00",-3.3,0
"2025-02-12 00:05",NA,0
"2025-02-12 00:10",NA,0
"2025-02-12 00:15",NA,0
"2025-02-12 00:20",NA,0
"2025-02-12 00:25",NA,0
"2025-02-12 00:30",-3.1,0
"2025-02-12 00:35",NA,0
"2025-02-12 00:40",NA,0
"2025-02-12 00:45",NA,0
"2025-02-12 00:50",NA,0
"2025-02-12 00:55",NA,0
"2025-02-12 01:00",-3,0
"2025-02-12 01:05",NA,0
"2025-02-12 01:10",NA,0
"2025-02-12 01:15",NA,0
"2025-02-12 01:20",NA,0
"2025-02-12 01:25",NA,0
"2025-02-12 01:30",-2.4,0
"2025-02-12 01:35",NA,0
"2025-02-12 01:40",NA,0
"2025-02-12 01:45",NA,0
"2025-02-12 01:50",NA,0
"2025-02-12 01:55",NA,0
"2025-02-12 02:00",-1.4,0
"2025-02-12 02:05",NA,0
"2025-02-12 02:10",NA,0
"2025-02-12 02:15",NA,0
"2025-02-12 02:20",NA,0
"2025-02-12 02:25",NA,0
"2025-02-12 02:30",-1.8,0
"2025-02-12 02:35",NA,0
"2025-02-12 02:40",NA,0
"2025-02-12 02:45",NA,0
"2025-02-12 02:50",NA,0
"2025-02-12 02:55",NA,0
"2025-02-12 03:00",-2.3,0
"2025-02-12 03:05",NA,0
"2025-02-12 03:10",NA,0
"2025-02-12 03:15",NA,0
"2025-02-12 03:20",NA,0
"2025-02-12 03:25",NA,0
"2025-02-12 03:30",-2.6,0
"2025-02-12 03:35",NA,0
"2025-02-12 03:40",NA,0
"2025-02-12 03:45",NA,0
"2025-02-12 03:50",NA,0
"2025-02-12 03:55",NA,0
"2025-02-12 04:00",-2.7,0
"2025-02-12 04:05",NA,0
"2025-02-12 04:10",NA,0
"2025-02-12 04:15",NA,0
"2025-02-12 04:20",NA,0
"2025-02-12 04:25",NA,0
"2025-02-12 04:30",-2.7,0
"2025-02-12 04:35",NA,0
"2025-02-12 04:40",NA,0
"2025-02-12 04:45",NA,0
"2025-02-12 04:50",NA,0
"2025-02-12 04:55",NA,0
"2025-02-12 05:00",-2.8,0
"2025-02-12 05:05",NA,0
"2025-02-12 05:10",NA,0
"2025-02-12 05:15",NA,0
"2025-02-12 05:20",NA,0
"2025-02-12 05:25",NA,0
"2025-02-12 05:30",-2.6,0
"2025-02-12 05:35",NA,0
"2025-02-12 05:40",NA,0
"2025-02-12 05:45",NA,0
"2025-02-12 05:50",NA,0
"2025-02-12 05:55",NA,0
"2025-02-12 06:00",-2.3,0
"2025-02-12 06:05",NA,0
"2025-02-12 06:10",NA,0
"2025-02-12 06:15",NA,0
"2025-02-12 06:20",NA,0
"2025-02-12 06:25",NA,0
"2025-02-12 06:30",-1.6,0
"2025-02-12 06:35",NA,0
"2025-02-12 06:40",NA,0
"2025-02-12 06:45",NA,0
"2025-02-12 06:50",NA,0
"2025-02-12 06:55",NA,0
"2025-02-12 07:00",-0.4,0
"2025-02-12 07:05",NA,0
"2025-02-12 07:10",NA,0
"2025-02-12 07:15",NA,0
"2025-02-12 07:20",NA,0
"2025-02-12 07:25",NA,0
"2025-02-12 07:30",1.4,0
"2025-02-12 07:35",NA,0
"2025-02-12 07:40",NA,0
"2025-02-12 07:45",NA,0
"2025-02-12 07:50",NA,0
"2025-02-12 07:55",NA,0
"2025-02-12 08:00",5,0
"2025-02-12 08:05",NA,0
"2025-02-12 08:10",NA,0
"2025-02-12 08:15",NA,0
"2025-02-12 08:20",NA,0
"2025-02-12 08:25",NA,0
"2025-02-12 08:30",10.799999,0
"2025-02-12 08:35",NA,0
"2025-02-12 08:40",NA,0
"2025-02-12 08:45",NA,0
"2025-02-12 08:50",NA,0
"2025-02-12 08:55",NA,0
"2025-02-12 09:00",15.5,0
"2025-02-12 09:05",NA,0
"2025-02-12 09:10",NA,0
"2025-02-12 09:15",NA,0
"2025-02-12 09:20",NA,0
"2025-02-12 09:25",NA,0
"2025-02-12 09:30",15.799999,0
"2025-02-12 09:35",NA,0
"2025-02-12 09:40",NA,0
"2025-02-12 09:45",NA,0
"2025-02-12 09:50",NA,0
"2025-02-12 09:55",NA,0
"2025-02-12 10:00",16.799999,0
"2025-02-12 10:05",NA,0
"2025-02-12 10:10",NA,0
"2025-02-12 10:15",NA,0
"2025-02-12 10:20",NA,0
"2025-02-12 10:25",NA,0
"2025-02-12 10:30",13.6,0
"2025-02-12 10:35",NA,0
"2025-02-12 10:40",NA,0
"2025-02-12 10:45",NA,0
"2025-02-12 10:50",NA,0
"2025-02-12 10:55",NA,0
"2025-02-12 11:00",10.4,0
"2025-02-12 11:05",NA,0
"2025-02-12 11:10",NA,0
"2025-02-12 11:15",NA,0
"2025-02-12 11:20",NA,0.527495999999985
"2025-02-12 11:25",NA,1.50900300000001
"2025-02-12 11:30",7.2,1.37350499999999
"2025-02-12 11:35",NA,0.174011000000007
"2025-02-12 11:40",NA,0
"2025-02-12 11:45",NA,0
"2025-02-12 11:50",NA,0
"2025-02-12 11:55",NA,0
"2025-02-12 12:00",5.9,0
"2025-02-12 12:05",NA,0
"2025-02-12 12:10",NA,0
"2025-02-12 12:15",NA,0
"2025-02-12 12:20",NA,0
"2025-02-12 12:25",NA,0
"2025-02-12 12:30",6.3,0
"2025-02-12 12:35",NA,0
"2025-02-12 12:40",NA,0
"2025-02-12 12:45",NA,0
"2025-02-12 12:50",NA,0
"2025-02-12 12:55",NA,0
"2025-02-12 13:00",6.9,0
"2025-02-12 13:05",NA,0
"2025-02-12 13:10",NA,0
"2025-02-12 13:15",NA,0
"2025-02-12 13:20",NA,0
"2025-02-12 13:25",NA,0
"2025-02-12 13:30",8.9,0
"2025-02-12 13:35",NA,0
"2025-02-12 13:40",NA,0
"2025-02-12 13:45",NA,0
"2025-02-12 13:50",NA,0
"2025-02-12 13:55",NA,0
"2025-02-12 14:00",9.299999,0.641998000000001
"2025-02-12 14:05",NA,2.65399199999999
"2025-02-12 14:10",NA,1.36398300000002
"2025-02-12 14:15",NA,0.275512999999989
"2025-02-12 14:20",NA,0.193511999999998
"2025-02-12 14:25",NA,0.226501000000013
"2025-02-12 14:30",6.3,0.213988999999998
"2025-02-12 14:35",NA,0.196014999999989
"2025-02-12 14:40",NA,0.277984000000004
"2025-02-12 14:45",NA,0.260009999999994
"2025-02-12 14:50",NA,0.186981000000003
"2025-02-12 14:55",NA,0.137023999999997
"2025-02-12 15:00",4.599999,0.156982999999997
"2025-02-12 15:05",NA,0.0694880000000069
"2025-02-12 15:10",NA,0.0555119999999931
"2025-02-12 15:15",NA,0.0555110000000241
"2025-02-12 15:20",NA,0.0610049999999944
"2025-02-12 15:25",NA,0.0219720000000052
"2025-02-12 15:30",4.3,0
"2025-02-12 15:35",NA,0
"2025-02-12 15:40",NA,0
"2025-02-12 15:45",NA,0
"2025-02-12 15:50",NA,0
"2025-02-12 15:55",NA,0
"2025-02-12 16:00",5,0
"2025-02-12 16:05",NA,0
"2025-02-12 16:10",NA,0
"2025-02-12 16:15",NA,0
"2025-02-12 16:20",NA,0
"2025-02-12 16:25",NA,0
"2025-02-12 16:30",4.9,0
"2025-02-12 16:35",NA,0
"2025-02-12 16:40",NA,0
"2025-02-12 16:45",NA,0
"2025-02-12 16:50",NA,0
"2025-02-12 16:55",NA,0
"2025-02-12 17:00",4.4,0
"2025-02-12 17:05",NA,0.198516999999981
"2025-02-12 17:10",NA,0.130982000000017
"2025-02-12 17:15",NA,0.123503999999997
"2025-02-12 17:20",NA,0.0415040000000033
"2025-02-12 17:25",NA,0.0054930000000013
"2025-02-12 17:30",3.4,0
"2025-02-12 17:35",NA,0
"2025-02-12 17:40",NA,0
"2025-02-12 17:45",NA,0
"2025-02-12 17:50",NA,0
"2025-02-12 17:55",NA,0
"2025-02-12 18:00",2.5,0
"2025-02-12 18:05",NA,0
"2025-02-12 18:10",NA,0
"2025-02-12 18:15",NA,0
"2025-02-12 18:20",NA,0
"2025-02-12 18:25",NA,0
"2025-02-12 18:30",1.7,0
"2025-02-12 18:35",NA,0
"2025-02-12 18:40",NA,0
"2025-02-12 18:45",NA,0
"2025-02-12 18:50",NA,0.0580139999999858
"2025-02-12 18:55",NA,0.0729980000000126
"2025-02-12 19:00",1.2,0.0180059999999855
"2025-02-12 19:05",NA,0.00601199999999835
"2025-02-12 19:10",NA,0.0124810000000082
"2025-02-12 19:15",NA,0.000488999999987527
"2025-02-12 19:20",NA,0
"2025-02-12 19:25",NA,0
"2025-02-12 19:30",0.8,0
"2025-02-12 19:35",NA,0
"2025-02-12 19:40",NA,0
"2025-02-12 19:45",NA,0.151001000000008
"2025-02-12 19:50",NA,0.174011000000007
"2025-02-12 19:55",NA,0.268004999999988
"2025-02-12 20:00",0.6,0.208495999999997
"2025-02-12 20:05",NA,0.0385140000000206
"2025-02-12 20:10",NA,0.00198299999999563
"2025-02-12 20:15",NA,0.0110169999999812
"2025-02-12 20:20",NA,0.00198400000002152
"2025-02-12 20:25",NA,0
"2025-02-12 20:30",0.5,0
"2025-02-12 20:35",NA,0
"2025-02-12 20:40",NA,0
"2025-02-12 20:45",NA,0
"2025-02-12 20:50",NA,0
"2025-02-12 20:55",NA,0
"2025-02-12 21:00",0.3,0
"2025-02-12 21:05",NA,0
"2025-02-12 21:10",NA,0
"2025-02-12 21:15",NA,0
"2025-02-12 21:20",NA,0
"2025-02-12 21:25",NA,0
"2025-02-12 21:30",0.3,0
"2025-02-12 21:35",NA,0
"2025-02-12 21:40",NA,0
"2025-02-12 21:45",NA,0
"2025-02-12 21:50",NA,0
"2025-02-12 21:55",NA,0
"2025-02-12 22:00",0.1,0
"2025-02-12 22:05",NA,0
"2025-02-12 22:10",NA,0
"2025-02-12 22:15",NA,0
"2025-02-12 22:20",NA,0
"2025-02-12 22:25",NA,0
"2025-02-12 22:30",0.1,0
"2025-02-12 22:35",NA,0
"2025-02-12 22:40",NA,0
"2025-02-12 22:45",NA,0
"2025-02-12 22:50",NA,0
"2025-02-12 22:55",NA,0
"2025-02-12 23:00",0.1,0
"2025-02-12 23:05",NA,0
"2025-02-12 23:10",NA,0
"2025-02-12 23:15",NA,0
"2025-02-12 23:20",NA,0
"2025-02-12 23:25",NA,0
"2025-02-12 23:30",-0.1,0
"2025-02-12 23:35",NA,0
"2025-02-12 23:40",NA,0
"2025-02-12 23:45",NA,0
"2025-02-12 23:50",NA,0
"2025-02-12 23:55",NA,0
"2025-02-13 00:00",-0.1,0
"2025-02-13 00:05",NA,0
"2025-02-13 00:10",NA,0
"2025-02-13 00:15",NA,0
"2025-02-13 00:20",NA,0
"2025-02-13 00:25",NA,0
"2025-02-13 00:30",-0.1,0
"2025-02-13 00:35",NA,0
"2025-02-13 00:40",NA,0
"2025-02-13 00:45",NA,0
"2025-02-13 00:50",NA,0
"2025-02-13 00:55",NA,0
"2025-02-13 01:00",-0.4,0
"2025-02-13 01:05",NA,0
"2025-02-13 01:10",NA,0
"2025-02-13 01:15",NA,0
"2025-02-13 01:20",NA,0
"2025-02-13 01:25",NA,0
"2025-02-13 01:30",-0.3,0
"2025-02-13 01:35",NA,0
"2025-02-13 01:40",NA,0
"2025-02-13 01:45",NA,0
"2025-02-13 01:50",NA,0
"2025-02-13 01:55",NA,0
"2025-02-13 02:00",-0.4,0
"2025-02-13 02:05",NA,0
"2025-02-13 02:10",NA,0
"2025-02-13 02:15",NA,0
"2025-02-13 02:20",NA,0
"2025-02-13 02:25",NA,0
"2025-02-13 02:30",-0.4,0
"2025-02-13 02:35",NA,0
"2025-02-13 02:40",NA,0
"2025-02-13 02:45",NA,0
"2025-02-13 02:50",NA,0
"2025-02-13 02:55",NA,0
"2025-02-13 03:00",-0.7,0
"2025-02-13 03:05",NA,0
"2025-02-13 03:10",NA,0
"2025-02-13 03:15",NA,0
"2025-02-13 03:20",NA,0
"2025-02-13 03:25",NA,0
"2025-02-13 03:30",-0.8,0
"2025-02-13 03:35",NA,0
"2025-02-13 03:40",NA,0
"2025-02-13 03:45",NA,0
"2025-02-13 03:50",NA,0
"2025-02-13 03:55",NA,0
"2025-02-13 04:00",-1.4,0
"2025-02-13 04:05",NA,0
"2025-02-13 04:10",NA,0
"2025-02-13 04:15",NA,0
"2025-02-13 04:20",NA,0
"2025-02-13 04:25",NA,0
"2025-02-13 04:30",-1.9,0
"2025-02-13 04:35",NA,0
"2025-02-13 04:40",NA,0
"2025-02-13 04:45",NA,0
"2025-02-13 04:50",NA,0
"2025-02-13 04:55",NA,0
"2025-02-13 05:00",-1.9,0
"2025-02-13 05:05",NA,0
"2025-02-13 05:10",NA,0
"2025-02-13 05:15",NA,0
"2025-02-13 05:20",NA,0
"2025-02-13 05:25",NA,0
"2025-02-13 05:30",-2,0
"2025-02-13 05:35",NA,0
"2025-02-13 05:40",NA,0
"2025-02-13 05:45",NA,0
"2025-02-13 05:50",NA,0
"2025-02-13 05:55",NA,0
"2025-02-13 06:00",-2.3,0
"2025-02-13 06:05",NA,0
"2025-02-13 06:10",NA,0
"2025-02-13 06:15",NA,0
"2025-02-13 06:20",NA,0
"2025-02-13 06:25",NA,0
"2025-02-13 06:30",-1.7,0
"2025-02-13 06:35",NA,0
"2025-02-13 06:40",NA,0
"2025-02-13 06:45",NA,0
"2025-02-13 06:50",NA,0
"2025-02-13 06:55",NA,0
"2025-02-13 07:00",-0.5,0
"2025-02-13 07:05",NA,0
"2025-02-13 07:10",NA,0
"2025-02-13 07:15",NA,0
"2025-02-13 07:20",NA,0
"2025-02-13 07:25",NA,0
"2025-02-13 07:30",0.5,0
"2025-02-13 07:35",NA,0
"2025-02-13 07:40",NA,0
"2025-02-13 07:45",NA,0
"2025-02-13 07:50",NA,0
"2025-02-13 07:55",NA,0
"2025-02-13 08:00",1.7,0
"2025-02-13 08:05",NA,0
"2025-02-13 08:10",NA,0
"2025-02-13 08:15",NA,0
"2025-02-13 08:20",NA,0
"2025-02-13 08:25",NA,0
"2025-02-13 08:30",2.8,0
"2025-02-13 08:35",NA,0
"2025-02-13 08:40",NA,0
"2025-02-13 08:45",NA,0
"2025-02-13 08:50",NA,0
"2025-02-13 08:55",NA,0
"2025-02-13 09:00",4.3,0
"2025-02-13 09:05",NA,0
"2025-02-13 09:10",NA,0
"2025-02-13 09:15",NA,0
"2025-02-13 09:20",NA,0
"2025-02-13 09:25",NA,0
"2025-02-13 09:30",5.7,0
"2025-02-13 09:35",NA,0
"2025-02-13 09:40",NA,0
"2025-02-13 09:45",NA,0
"2025-02-13 09:50",NA,0
"2025-02-13 09:55",NA,0
"2025-02-13 10:00",6.3,0
"2025-02-13 10:05",NA,0
"2025-02-13 10:10",NA,0
"2025-02-13 10:15",NA,0
"2025-02-13 10:20",NA,0
"2025-02-13 10:25",NA,0
"2025-02-13 10:30",7.4,0
"2025-02-13 10:35",NA,0
"2025-02-13 10:40",NA,0
"2025-02-13 10:45",NA,0
"2025-02-13 10:50",NA,0
"2025-02-13 10:55",NA,0
"2025-02-13 11:00",9.5,0
"2025-02-13 11:05",NA,0
"2025-02-13 11:10",NA,0
"2025-02-13 11:15",NA,0
"2025-02-13 11:20",NA,0
"2025-02-13 11:25",NA,0
"2025-02-13 11:30",10.699999,0
"2025-02-13 11:35",NA,0
"2025-02-13 11:40",NA,0
"2025-02-13 11:45",NA,0
"2025-02-13 11:50",NA,0
"2025-02-13 11:55",NA,0
"2025-02-13 12:00",10.6,0
"2025-02-13 12:05",NA,0
"2025-02-13 12:10",NA,0
"2025-02-13 12:15",NA,0
"2025-02-13 12:20",NA,0
"2025-02-13 12:25",NA,0
"2025-02-13 12:30",10,0
"2025-02-13 12:35",NA,0
"2025-02-13 12:40",NA,0
"2025-02-13 12:45",NA,0
"2025-02-13 12:50",NA,0
"2025-02-13 12:55",NA,0
"2025-02-13 13:00",9.799999,0
"2025-02-13 13:05",NA,0
"2025-02-13 13:10",NA,0
"2025-02-13 13:15",NA,0
"2025-02-13 13:20",NA,0
"2025-02-13 13:25",NA,0
"2025-02-13 13:30",8.9,0
"2025-02-13 13:35",NA,0
"2025-02-13 13:40",NA,0
"2025-02-13 13:45",NA,0.0695189999999855
"2025-02-13 13:50",NA,0.452483999999998
"2025-02-13 13:55",NA,0.669005999999996
"2025-02-13 14:00",6.2,0.981507000000022
"2025-02-13 14:05",NA,0.467497999999978
"2025-02-13 14:10",NA,0.339997000000011
"2025-02-13 14:15",NA,0.347502999999989
"2025-02-13 14:20",NA,0.276001000000008
"2025-02-13 14:25",NA,0.194489000000004
"2025-02-13 14:30",3.7,0.127501999999993
"2025-02-13 14:35",NA,0.0820010000000195
"2025-02-13 14:40",NA,0.053496999999993
"2025-02-13 14:45",NA,0.0329899999999839
"2025-02-13 14:50",NA,0.0220030000000122
"2025-02-13 14:55",NA,0.00952200000000403
"2025-02-13 15:00",2.8,0.0109860000000026
"2025-02-13 15:05",NA,0.00949099999999703
"2025-02-13 15:10",NA,0.0330199999999934
"2025-02-13 15:15",NA,0.0394900000000007
"2025-02-13 15:20",NA,0.0734860000000026
"2025-02-13 15:25",NA,0.0490110000000072
"2025-02-13 15:30",2.2,0.0599979999999789
"2025-02-13 15:35",NA,0.0490110000000072
"2025-02-13 15:40",NA,0.0725099999999941
"2025-02-13 15:45",NA,0.0534660000000144
"2025-02-13 15:50",NA,0.0495310000000018
"2025-02-13 15:55",NA,0.0214839999999867
"2025-02-13 16:00",1.6,0.036011000000002
"2025-02-13 16:05",NA,0.0269770000000165
"2025-02-13 16:10",NA,0.0010069999999871
"2025-02-13 16:15",NA,0.0115049999999997
"2025-02-13 16:20",NA,0.0065010000000143
"2025-02-13 16:25",NA,0
"2025-02-13 16:30",1.3,0
"2025-02-13 16:35",NA,0
"2025-02-13 16:40",NA,0
"2025-02-13 16:45",NA,0
"2025-02-13 16:50",NA,0
"2025-02-13 16:55",NA,0.097502999999989
"2025-02-13 17:00",1,0.0140079999999898
"2025-02-13 17:05",NA,0.0229800000000182
"2025-02-13 17:10",NA,0.0325009999999963
"2025-02-13 17:15",NA,0.0285030000000006
"2025-02-13 17:20",NA,0.0274969999999826
"2025-02-13 17:25",NA,0.0260010000000079
"2025-02-13 17:30",1.1,0.0415030000000058
"2025-02-13 17:35",NA,0.0505070000000103
"2025-02-13 17:40",NA,0.0109859999999742
"2025-02-13 17:45",NA,0.0160220000000209
"2025-02-13 17:50",NA,0.0269779999999855
"2025-02-13 17:55",NA,0.00152600000001257
"2025-02-13 18:00",1.2,0.00149500000000558
"2025-02-13 18:05",NA,0
"2025-02-13 18:10",NA,0
"2025-02-13 18:15",NA,0
"2025-02-13 18:20",NA,0
"2025-02-13 18:25",NA,0
"2025-02-13 18:30",1,0
"2025-02-13 18:35",NA,0
"2025-02-13 18:40",NA,0
"2025-02-13 18:45",NA,0
"2025-02-13 18:50",NA,0
"2025-02-13 18:55",NA,0
"2025-02-13 19:00",0.8,0
"2025-02-13 19:05",NA,0
"2025-02-13 19:10",NA,0
"2025-02-13 19:15",NA,0
"2025-02-13 19:20",NA,0
"2025-02-13 19:25",NA,0
"2025-02-13 19:30",0.5,0
"2025-02-13 19:35",NA,0
"2025-02-13 19:40",NA,0
"2025-02-13 19:45",NA,0
"2025-02-13 19:50",NA,0
"2025-02-13 19:55",NA,0
"2025-02-13 20:00",0.3,0
"2025-02-13 20:05",NA,0
"2025-02-13 20:10",NA,0
"2025-02-13 20:15",NA,0
"2025-02-13 20:20",NA,0
"2025-02-13 20:25",NA,0
"2025-02-13 20:30",0.2,0
"2025-02-13 20:35",NA,0
"2025-02-13 20:40",NA,0
"2025-02-13 20:45",NA,0
"2025-02-13 20:50",NA,0
"2025-02-13 20:55",NA,0
"2025-02-13 21:00",0.1,0
"2025-02-13 21:05",NA,0
"2025-02-13 21:10",NA,0
"2025-02-13 21:15",NA,0
"2025-02-13 21:20",NA,0
"2025-02-13 21:25",NA,0
"2025-02-13 21:30",-0.5,0
"2025-02-13 21:35",NA,0
"2025-02-13 21:40",NA,0
"2025-02-13 21:45",NA,0
"2025-02-13 21:50",NA,0
"2025-02-13 21:55",NA,0
"2025-02-13 22:00",-0.7,0
"2025-02-13 22:05",NA,0
"2025-02-13 22:10",NA,0
"2025-02-13 22:15",NA,0
"2025-02-13 22:20",NA,0
"2025-02-13 22:25",NA,0
"2025-02-13 22:30",-0.7,0
"2025-02-13 22:35",NA,0
"2025-02-13 22:40",NA,0
"2025-02-13 22:45",NA,0
"2025-02-13 22:50",NA,0
"2025-02-13 22:55",NA,0
"2025-02-13 23:00",-0.7,0
"2025-02-13 23:05",NA,0
"2025-02-13 23:10",NA,0
"2025-02-13 23:15",NA,0
"2025-02-13 23:20",NA,0
"2025-02-13 23:25",NA,0
"2025-02-13 23:30",-0.5,0
"2025-02-13 23:35",NA,0
"2025-02-13 23:40",NA,0
"2025-02-13 23:45",NA,0
"2025-02-13 23:50",NA,0
"2025-02-13 23:55",NA,0
"2025-02-14 00:00",-0.5,0
"2025-02-14 00:05",NA,0
"2025-02-14 00:10",NA,0
"2025-02-14 00:15",NA,0
"2025-02-14 00:20",NA,0
"2025-02-14 00:25",NA,0
"2025-02-14 00:30",-0.8,0
"2025-02-14 00:35",NA,0
"2025-02-14 00:40",NA,0
"2025-02-14 00:45",NA,0
"2025-02-14 00:50",NA,0
"2025-02-14 00:55",NA,0
"2025-02-14 01:00",-1.1,0
"2025-02-14 01:05",NA,0
"2025-02-14 01:10",NA,0
"2025-02-14 01:15",NA,0
"2025-02-14 01:20",NA,0
"2025-02-14 01:25",NA,0
"2025-02-14 01:30",-1,0
"2025-02-14 01:35",NA,0
"2025-02-14 01:40",NA,0
"2025-02-14 01:45",NA,0
"2025-02-14 01:50",NA,0
"2025-02-14 01:55",NA,0
"2025-02-14 02:00",-0.7,0
"2025-02-14 02:05",NA,0
"2025-02-14 02:10",NA,0
"2025-02-14 02:15",NA,0
"2025-02-14 02:20",NA,0
"2025-02-14 02:25",NA,0
"2025-02-14 02:30",-0.7,0
"2025-02-14 02:35",NA,0
"2025-02-14 02:40",NA,0
"2025-02-14 02:45",NA,0
"2025-02-14 02:50",NA,0
"2025-02-14 02:55",NA,0
"2025-02-14 03:00",-0.4,0
"2025-02-14 03:05",NA,0
"2025-02-14 03:10",NA,0
"2025-02-14 03:15",NA,0
"2025-02-14 03:20",NA,0
"2025-02-14 03:25",NA,0
"2025-02-14 03:30",-0.4,0
"2025-02-14 03:35",NA,0
"2025-02-14 03:40",NA,0
"2025-02-14 03:45",NA,0
"2025-02-14 03:50",NA,0
"2025-02-14 03:55",NA,0
"2025-02-14 04:00",-0.2,0
"2025-02-14 04:05",NA,0
"2025-02-14 04:10",NA,0
"2025-02-14 04:15",NA,0
"2025-02-14 04:20",NA,0
"2025-02-14 04:25",NA,0.108001999999999
"2025-02-14 04:30",-0.2,0.0834959999999967
"2025-02-14 04:35",NA,0.061981000000003
"2025-02-14 04:40",NA,0.0520019999999874
"2025-02-14 04:45",NA,0.0685119999999984
"2025-02-14 04:50",NA,0.0939940000000092
"2025-02-14 04:55",NA,0.0559999999999832
"2025-02-14 05:00",-0.3,0.053009000000003
"2025-02-14 05:05",NA,0.0344850000000179
"2025-02-14 05:10",NA,0.00750700000000393
"2025-02-14 05:15",NA,0.0125119999999868
"2025-02-14 05:20",NA,0.0064999999999884
"2025-02-14 05:25",NA,0.00698900000000435
"2025-02-14 05:30",-0.4,0
"2025-02-14 05:35",NA,0
"2025-02-14 05:40",NA,0
"2025-02-14 05:45",NA,0
"2025-02-14 05:50",NA,0
"2025-02-14 05:55",NA,0
"2025-02-14 06:00",-0.3,0
"2025-02-14 06:05",NA,0
"2025-02-14 06:10",NA,0.097992000000005
"2025-02-14 06:15",NA,0.0395200000000102
"2025-02-14 06:20",NA,0.0325009999999963
"2025-02-14 06:25",NA,0.00799599999999145
"2025-02-14 06:30",-0.1,0.0319819999999993
"2025-02-14 06:35",NA,0.0585030000000017
"2025-02-14 06:40",NA,0.133513999999991
"2025-02-14 06:45",NA,0.208984000000015
"2025-02-14 06:50",NA,0.191010000000006
"2025-02-14 06:55",NA,0.184508999999991
"2025-02-14 07:00",0.3,0.0784910000000139
"2025-02-14 07:05",NA,0.0214849999999842
"2025-02-14 07:10",NA,0.0140069999999923
"2025-02-14 07:15",NA,0.0240180000000123
"2025-02-14 07:20",NA,0.0369870000000105
"2025-02-14 07:25",NA,0.0224909999999738
"2025-02-14 07:30",0.7,0.0145270000000153
"2025-02-14 07:35",NA,0.017975000000007
"2025-02-14 07:40",NA,0.0260009999999795
"2025-02-14 07:45",NA,0.0550230000000056
"2025-02-14 07:50",NA,0.0654900000000112
"2025-02-14 07:55",NA,0.0629889999999875
"2025-02-14 08:00",1.8,0.0924990000000037
"2025-02-14 08:05",NA,0.089507999999995
"2025-02-14 08:10",NA,0.0924980000000062
"2025-02-14 08:15",NA,0.0444950000000119
"2025-02-14 08:20",NA,0.00900299999997856
"2025-02-14 08:25",NA,0.0140070000000208
"2025-02-14 08:30",3.4,0.0190130000000011
"2025-02-14 08:35",NA,0.00598099999999135
"2025-02-14 08:40",NA,0.0100099999999941
"2025-02-14 08:45",NA,0
"2025-02-14 08:50",NA,0
"2025-02-14 08:55",NA,0
"2025-02-14 09:00",7.5,0
"2025-02-14 09:05",NA,0
"2025-02-14 09:10",NA,0
"2025-02-14 09:15",NA,0
"2025-02-14 09:20",NA,0
"2025-02-14 09:25",NA,0
"2025-02-14 09:30",13.199999,0
"2025-02-14 09:35",NA,0
"2025-02-14 09:40",NA,0
"2025-02-14 09:45",NA,0
"2025-02-14 09:50",NA,0
"2025-02-14 09:55",NA,0
"2025-02-14 10:00",10.4,0
"2025-02-14 10:05",NA,0
"2025-02-14 10:10",NA,0
"2025-02-14 10:15",NA,0
"2025-02-14 10:20",NA,0
"2025-02-14 10:25",NA,0
"2025-02-14 10:30",7.5,0
"2025-02-14 10:35",NA,0
"2025-02-14 10:40",NA,0
"2025-02-14 10:45",NA,0
"2025-02-14 10:50",NA,0
"2025-02-14 10:55",NA,0
"2025-02-14 11:00",7.599999,0
"2025-02-14 11:05",NA,0
"2025-02-14 11:10",NA,0
"2025-02-14 11:15",NA,0
"2025-02-14 11:20",NA,0
"2025-02-14 11:25",NA,0.662506000000008
"2025-02-14 11:30",6,0.259978999999987
"2025-02-14 11:35",NA,0.156006000000019
"2025-02-14 11:40",NA,0.0614929999999845
"2025-02-14 11:45",NA,0.00900300000000698
"2025-02-14 11:50",NA,0
"2025-02-14 11:55",NA,0
"2025-02-14 12:00",5.099999,0
"2025-02-14 12:05",NA,0.0664979999999957
"2025-02-14 12:10",NA,0.247008999999991
"2025-02-14 12:15",NA,0.371002000000004
"2025-02-14 12:20",NA,0.216492000000017
"2025-02-14 12:25",NA,0.170012999999983
"2025-02-14 12:30",4.8,0.0419920000000218
"2025-02-14 12:35",NA,0.109985999999992
"2025-02-14 12:40",NA,0.201019000000002
"2025-02-14 12:45",NA,0.164977999999991
"2025-02-14 12:50",NA,0.258513999999991
"2025-02-14 12:55",NA,0.324494000000016
"2025-02-14 13:00",3.9,0.424011000000007
"2025-02-14 13:05",NA,0.281493999999981
"2025-02-14 13:10",NA,0.293487999999996
"2025-02-14 13:15",NA,0.196014000000019
"2025-02-14 13:20",NA,0.0929869999999937
"2025-02-14 13:25",NA,0.182006999999999
"2025-02-14 13:30",3.1,0.219024999999988
"2025-02-14 13:35",NA,0.165985000000006
"2025-02-14 13:40",NA,0.175995
"2025-02-14 13:45",NA,0.472014999999999
"2025-02-14 13:50",NA,0.842499000000004
"2025-02-14 13:55",NA,0.678496999999993
"2025-02-14 14:00",2.2,0.498993000000013
"2025-02-14 14:05",NA,0.335998999999987
"2025-02-14 14:10",NA,0.315002000000021
"2025-02-14 14:15",NA,0.158996999999999
"2025-02-14 14:20",NA,0.121489999999994
"2025-02-14 14:25",NA,0.102996999999988
"2025-02-14 14:30",2.1,0.0195010000000195
"2025-02-14 14:35",NA,0.0144959999999799
"2025-02-14 14:40",NA,0.254028000000005
"2025-02-14 14:45",NA,0.117492999999996
"2025-02-14 14:50",NA,0.0455010000000016
"2025-02-14 14:55",NA,0.0375060000000076
"2025-02-14 15:00",2.4,0.0534979999999905
"2025-02-14 15:05",NA,0.0379939999999976
"2025-02-14 15:10",NA,0.0459900000000175
"2025-02-14 15:15",NA,0.227508999999998
"2025-02-14 15:20",NA,0.152007999999995
"2025-02-14 15:25",NA,0.153990999999991
"2025-02-14 15:30",1.8,0.0725099999999941
"2025-02-14 15:35",NA,0.20748900000001
"2025-02-14 15:40",NA,0.356505999999996
"2025-02-14 15:45",NA,0.321990999999997
"2025-02-14 15:50",NA,0.17501900000002
"2025-02-14 15:55",NA,0.223479999999995
"2025-02-14 16:00",1.4,0.164519999999982
"2025-02-14 16:05",NA,0.130982000000017
"2025-02-14 16:10",NA,0.157013000000006
"2025-02-14 16:15",NA,0.180998999999986
"2025-02-14 16:20",NA,0.234497000000005
"2025-02-14 16:25",NA,0.277007999999995
"2025-02-14 16:30",1.1,0.268494000000004
"2025-02-14 16:35",NA,0.264983999999998
"2025-02-14 16:40",NA,0.222504000000015
"2025-02-14 16:45",NA,0.382995999999991
"2025-02-14 16:50",NA,0.226012999999995
"2025-02-14 16:55",NA,0.205993000000007
"2025-02-14 17:00",0.9,0.12750299999999
"2025-02-14 17:05",NA,0.108001999999999
"2025-02-14 17:10",NA,0.109497000000005
"2025-02-14 17:15",NA,0.115996999999993
"2025-02-14 17:20",NA,0.0599970000000098
"2025-02-14 17:25",NA,0.080994000000004
"2025-02-14 17:30",0.9,0.0379939999999976
"2025-02-14 17:35",NA,0.0155029999999954
"2025-02-14 17:40",NA,0.00149600000000305
"2025-02-14 17:45",NA,0
"2025-02-14 17:50",NA,0
"2025-02-14 17:55",NA,0
"2025-02-14 18:00",0.8,0
"2025-02-14 18:05",NA,0
"2025-02-14 18:10",NA,0
"2025-02-14 18:15",NA,0
"2025-02-14 18:20",NA,0
"2025-02-14 18:25",NA,0
"2025-02-14 18:30",0.4,0
"2025-02-14 18:35",NA,0
"2025-02-14 18:40",NA,0
"2025-02-14 18:45",NA,0
"2025-02-14 18:50",NA,0
"2025-02-14 18:55",NA,0
"2025-02-14 19:00",0.2,0.0585020000000043
"2025-02-14 19:05",NA,0.128510000000006
"2025-02-14 19:10",NA,0.00900199999998108
"2025-02-14 19:15",NA,0
"2025-02-14 19:20",NA,0
"2025-02-14 19:25",NA,0
"2025-02-14 19:30",0.2,0
"2025-02-14 19:35",NA,0
"2025-02-14 19:40",NA,0
"2025-02-14 19:45",NA,0
"2025-02-14 19:50",NA,0
"2025-02-14 19:55",NA,0
"2025-02-14 20:00",0.1,0
"2025-02-14 20:05",NA,0
"2025-02-14 20:10",NA,0
"2025-02-14 20:15",NA,0
"2025-02-14 20:20",NA,0
"2025-02-14 20:25",NA,0
"2025-02-14 20:30",0,0
"2025-02-14 20:35",NA,0
"2025-02-14 20:40",NA,0
"2025-02-14 20:45",NA,0.128997999999996
"2025-02-14 20:50",NA,0.0670170000000212
"2025-02-14 20:55",NA,0.043974999999989
"2025-02-14 21:00",-0.1,0.0445259999999905
"2025-02-14 21:05",NA,0.0379939999999976
"2025-02-14 21:10",NA,0.0514830000000188
"2025-02-14 21:15",NA,0.0509950000000003
"2025-02-14 21:20",NA,0.0690309999999954
"2025-02-14 21:25",NA,0.0289909999999907
"2025-02-14 21:30",-0.1,0.0234990000000153
"2025-02-14 21:35",NA,0.00149500000000558
"2025-02-14 21:40",NA,0
"2025-02-14 21:45",NA,0.114501999999987
"2025-02-14 21:50",NA,0.053986000000009
"2025-02-14 21:55",NA,0.0110169999999812
"2025-02-14 22:00",-0.2,0.0104980000000126
"2025-02-14 22:05",NA,0
"2025-02-14 22:10",NA,0
"2025-02-14 22:15",NA,0
"2025-02-14 22:20",NA,0
"2025-02-14 22:25",NA,0.270995999999997
"2025-02-14 22:30",-0.1,0.128509000000008
"2025-02-14 22:35",NA,0.0514839999999879
"2025-02-14 22:40",NA,0.0100089999999966
"2025-02-14 22:45",NA,0
"2025-02-14 22:50",NA,0
"2025-02-14 22:55",NA,0
"2025-02-14 23:00",-0.2,0
"2025-02-14 23:05",NA,0
"2025-02-14 23:10",NA,0
"2025-02-14 23:15",NA,0
"2025-02-14 23:20",NA,0.216492000000017
"2025-02-14 23:25",NA,0.0104979999999841
"2025-02-14 23:30",-0.2,0
"2025-02-14 23:35",NA,0
"2025-02-14 23:40",NA,0
"2025-02-14 23:45",NA,0
"2025-02-14 23:50",NA,0
"2025-02-14 23:55",NA,0
"2025-02-15 00:00",-0.4,0
"2025-02-15 00:05",NA,0
"2025-02-15 00:10",NA,0
"2025-02-15 00:15",NA,0.0964969999999994
"2025-02-15 00:20",NA,0.0390010000000132
"2025-02-15 00:25",NA,0.0240169999999864
"2025-02-15 00:30",-0.5,0.0074769999999944
"2025-02-15 00:35",NA,0
"2025-02-15 00:40",NA,0.00402900000000272
"2025-02-15 00:45",NA,0
"2025-02-15 00:50",NA,0.0664969999999983
"2025-02-15 00:55",NA,0.116973999999999
"2025-02-15 01:00",-0.7,0.129517000000021
"2025-02-15 01:05",NA,0.0880129999999895
"2025-02-15 01:10",NA,0.0379939999999976
"2025-02-15 01:15",NA,0.0149839999999983
"2025-02-15 01:20",NA,0.0135190000000023
"2025-02-15 01:25",NA,0.0044860000000142
"2025-02-15 01:30",-1,0
"2025-02-15 01:35",NA,0
"2025-02-15 01:40",NA,0
"2025-02-15 01:45",NA,0
"2025-02-15 01:50",NA,0
"2025-02-15 01:55",NA,0
"2025-02-15 02:00",-1.2,0
"2025-02-15 02:05",NA,0
"2025-02-15 02:10",NA,0
"2025-02-15 02:15",NA,0
"2025-02-15 02:20",NA,0
"2025-02-15 02:25",NA,0
"2025-02-15 02:30",-1.5,0
"2025-02-15 02:35",NA,0
"2025-02-15 02:40",NA,0
"2025-02-15 02:45",NA,0
"2025-02-15 02:50",NA,0
"2025-02-15 02:55",NA,0
"2025-02-15 03:00",-1.7,0
"2025-02-15 03:05",NA,0
"2025-02-15 03:10",NA,0
"2025-02-15 03:15",NA,0
"2025-02-15 03:20",NA,0
"2025-02-15 03:25",NA,0
"2025-02-15 03:30",-1.8,0
"2025-02-15 03:35",NA,0
"2025-02-15 03:40",NA,0
"2025-02-15 03:45",NA,0
"2025-02-15 03:50",NA,0
"2025-02-15 03:55",NA,0
"2025-02-15 04:00",-1.7,0
"2025-02-15 04:05",NA,0
"2025-02-15 04:10",NA,0.114013999999997
"2025-02-15 04:15",NA,0.035979999999995
"2025-02-15 04:20",NA,0.0140079999999898
"2025-02-15 04:25",NA,0
"2025-02-15 04:30",-1.5,0
"2025-02-15 04:35",NA,0
"2025-02-15 04:40",NA,0
"2025-02-15 04:45",NA,0
"2025-02-15 04:50",NA,0
"2025-02-15 04:55",NA,0
"2025-02-15 05:00",-1.6,0
"2025-02-15 05:05",NA,0
"2025-02-15 05:10",NA,0.0545040000000085
"2025-02-15 05:15",NA,0.0685119999999984
"2025-02-15 05:20",NA,0.0144960000000083
"2025-02-15 05:25",NA,0.0054930000000013
"2025-02-15 05:30",-1.5,0.00500499999998283
"2025-02-15 05:35",NA,0.00900300000000698
"2025-02-15 05:40",NA,0.00500500000001125
"2025-02-15 05:45",NA,0.000975999999980104
"2025-02-15 05:50",NA,0
"2025-02-15 05:55",NA,0
"2025-02-15 06:00",-1.3,0
"2025-02-15 06:05",NA,0
"2025-02-15 06:10",NA,0
"2025-02-15 06:15",NA,0.0675050000000113
"2025-02-15 06:20",NA,0.0874939999999924
"2025-02-15 06:25",NA,0.0205080000000066
"2025-02-15 06:30",-1,0.0429990000000089
"2025-02-15 06:35",NA,0.0444949999999835
"2025-02-15 06:40",NA,0.0339960000000019
"2025-02-15 06:45",NA,0.0120239999999967
"2025-02-15 06:50",NA,0.00399799999999573
"2025-02-15 06:55",NA,0.00299100000000863
"2025-02-15 07:00",-0.5,0
"2025-02-15 07:05",NA,0
"2025-02-15 07:10",NA,0
"2025-02-15 07:15",NA,0
"2025-02-15 07:20",NA,0
"2025-02-15 07:25",NA,0
"2025-02-15 07:30",0.1,0
"2025-02-15 07:35",NA,0
"2025-02-15 07:40",NA,0
"2025-02-15 07:45",NA,0
"2025-02-15 07:50",NA,0
"2025-02-15 07:55",NA,0
"2025-02-15 08:00",0.6,0
"2025-02-15 08:05",NA,0
"2025-02-15 08:10",NA,0
"2025-02-15 08:15",NA,0
"2025-02-15 08:20",NA,0
"2025-02-15 08:25",NA,0
"2025-02-15 08:30",1.5,0
"2025-02-15 08:35",NA,0.178009000000003
"2025-02-15 08:40",NA,0.0369870000000105
"2025-02-15 08:45",NA,0
"2025-02-15 08:50",NA,0.0010069999999871
"2025-02-15 08:55",NA,0
"2025-02-15 09:00",2.8,0
"2025-02-15 09:05",NA,0
"2025-02-15 09:10",NA,0
"2025-02-15 09:15",NA,0
"2025-02-15 09:20",NA,0
"2025-02-15 09:25",NA,0
"2025-02-15 09:30",4.4,0
"2025-02-15 09:35",NA,0
"2025-02-15 09:40",NA,0
"2025-02-15 09:45",NA,0
"2025-02-15 09:50",NA,0
"2025-02-15 09:55",NA,0
"2025-02-15 10:00",5.7,0
"2025-02-15 10:05",NA,0
"2025-02-15 10:10",NA,0
"2025-02-15 10:15",NA,0
"2025-02-15 10:20",NA,0
"2025-02-15 10:25",NA,0
"2025-02-15 10:30",6.099999,0
"2025-02-15 10:35",NA,0
"2025-02-15 10:40",NA,0
"2025-02-15 10:45",NA,0
"2025-02-15 10:50",NA,0
"2025-02-15 10:55",NA,0
"2025-02-15 11:00",6.3,0
"2025-02-15 11:05",NA,0
"2025-02-15 11:10",NA,0
"2025-02-15 11:15",NA,0
"2025-02-15 11:20",NA,0
"2025-02-15 11:25",NA,0
"2025-02-15 11:30",6.3,0
"2025-02-15 11:35",NA,0
"2025-02-15 11:40",NA,0
"2025-02-15 11:45",NA,0
"2025-02-15 11:50",NA,0
"2025-02-15 11:55",NA,0
"2025-02-15 12:00",7.3,0
"2025-02-15 12:05",NA,0
"2025-02-15 12:10",NA,0
"2025-02-15 12:15",NA,0
"2025-02-15 12:20",NA,0
"2025-02-15 12:25",NA,0
"2025-02-15 12:30",9,0
"2025-02-15 12:35",NA,0
"2025-02-15 12:40",NA,0
"2025-02-15 12:45",NA,0
"2025-02-15 12:50",NA,0
"2025-02-15 12:55",NA,0
"2025-02-15 13:00",8.9,0
"2025-02-15 13:05",NA,0
"2025-02-15 13:10",NA,0
"2025-02-15 13:15",NA,0.136994000000016
"2025-02-15 13:20",NA,0.035002999999989
"2025-02-15 13:25",NA,0.0469970000000046
"2025-02-15 13:30",7.599999,0.0444949999999835
"2025-02-15 13:35",NA,0.0475160000000017
"2025-02-15 13:40",NA,0.0344850000000179
"2025-02-15 13:45",NA,0.0415040000000033
"2025-02-15 13:50",NA,0.0134879999999953
"2025-02-15 13:55",NA,0.00051899999999705
"2025-02-15 14:00",8.1,0
"2025-02-15 14:05",NA,0
"2025-02-15 14:10",NA,0
"2025-02-15 14:15",NA,0
"2025-02-15 14:20",NA,0
"2025-02-15 14:25",NA,0
"2025-02-15 14:30",8.699999,0
"2025-02-15 14:35",NA,0
"2025-02-15 14:40",NA,0
"2025-02-15 14:45",NA,0
"2025-02-15 14:50",NA,0
"2025-02-15 14:55",NA,0
"2025-02-15 15:00",7.9,0
"2025-02-15 15:05",NA,0
"2025-02-15 15:10",NA,0
"2025-02-15 15:15",NA,0
"2025-02-15 15:20",NA,0
"2025-02-15 15:25",NA,0
"2025-02-15 15:30",6.7,0
"2025-02-15 15:35",NA,0
"2025-02-15 15:40",NA,0
"2025-02-15 15:45",NA,0
"2025-02-15 15:50",NA,0
"2025-02-15 15:55",NA,0
"2025-02-15 16:00",5.099999,0
"2025-02-15 16:05",NA,0
"2025-02-15 16:10",NA,0
"2025-02-15 16:15",NA,0
"2025-02-15 16:20",NA,0
"2025-02-15 16:25",NA,0
"2025-02-15 16:30",3.7,0
"2025-02-15 16:35",NA,0
"2025-02-15 16:40",NA,0
"2025-02-15 16:45",NA,0
"2025-02-15 16:50",NA,0
"2025-02-15 16:55",NA,0
"2025-02-15 17:00",2.4,0
"2025-02-15 17:05",NA,0
"2025-02-15 17:10",NA,0
"2025-02-15 17:15",NA,0
"2025-02-15 17:20",NA,0
"2025-02-15 17:25",NA,0
"2025-02-15 17:30",1.7,0
"2025-02-15 17:35",NA,0
"2025-02-15 17:40",NA,0
"2025-02-15 17:45",NA,0
"2025-02-15 17:50",NA,0
"2025-02-15 17:55",NA,0
"2025-02-15 18:00",1.2,0
"2025-02-15 18:05",NA,0
"2025-02-15 18:10",NA,0
"2025-02-15 18:15",NA,0
"2025-02-15 18:20",NA,0
"2025-02-15 18:25",NA,0
"2025-02-15 18:30",0.8,0
"2025-02-15 18:35",NA,0
"2025-02-15 18:40",NA,0
"2025-02-15 18:45",NA,0
"2025-02-15 18:50",NA,0
"2025-02-15 18:55",NA,0
"2025-02-15 19:00",0.3,0
"2025-02-15 19:05",NA,0
"2025-02-15 19:10",NA,0
"2025-02-15 19:15",NA,0
"2025-02-15 19:20",NA,0
"2025-02-15 19:25",NA,0
"2025-02-15 19:30",-0.1,0
"2025-02-15 19:35",NA,0
"2025-02-15 19:40",NA,0
"2025-02-15 19:45",NA,0
"2025-02-15 19:50",NA,0
"2025-02-15 19:55",NA,0
"2025-02-15 20:00",-0.5,0
"2025-02-15 20:05",NA,0
"2025-02-15 20:10",NA,0
"2025-02-15 20:15",NA,0
"2025-02-15 20:20",NA,0
"2025-02-15 20:25",NA,0
"2025-02-15 20:30",-0.7,0
"2025-02-15 20:35",NA,0
"2025-02-15 20:40",NA,0
"2025-02-15 20:45",NA,0
"2025-02-15 20:50",NA,0
"2025-02-15 20:55",NA,0
"2025-02-15 21:00",-0.8,0
"2025-02-15 21:05",NA,0
"2025-02-15 21:10",NA,0
"2025-02-15 21:15",NA,0
"2025-02-15 21:20",NA,0
"2025-02-15 21:25",NA,0
"2025-02-15 21:30",-1,0
"2025-02-15 21:35",NA,0
"2025-02-15 21:40",NA,0
"2025-02-15 21:45",NA,0
"2025-02-15 21:50",NA,0
"2025-02-15 21:55",NA,0
"2025-02-15 22:00",-1,0
"2025-02-15 22:05",NA,0
"2025-02-15 22:10",NA,0
"2025-02-15 22:15",NA,0
"2025-02-15 22:20",NA,0
"2025-02-15 22:25",NA,0
"2025-02-15 22:30",-1,0
"2025-02-15 22:35",NA,0
"2025-02-15 22:40",NA,0
"2025-02-15 22:45",NA,0
"2025-02-15 22:50",NA,0
"2025-02-15 22:55",NA,0
"2025-02-15 23:00",-1.1,0
"2025-02-15 23:05",NA,0
"2025-02-15 23:10",NA,0
"2025-02-15 23:15",NA,0
"2025-02-15 23:20",NA,0
"2025-02-15 23:25",NA,0
"2025-02-15 23:30",-1.1,0
"2025-02-15 23:35",NA,0
"2025-02-15 23:40",NA,0
"2025-02-15 23:45",NA,0
"2025-02-15 23:50",NA,0
"2025-02-15 23:55",NA,0
"2025-02-16 00:00",-1.2,0
"2025-02-16 00:05",NA,0
"2025-02-16 00:10",NA,0
"2025-02-16 00:15",NA,0
"2025-02-16 00:20",NA,0
"2025-02-16 00:25",NA,0
"2025-02-16 00:30",-1.3,0
"2025-02-16 00:35",NA,0
"2025-02-16 00:40",NA,0
"2025-02-16 00:45",NA,0
"2025-02-16 00:50",NA,0
"2025-02-16 00:55",NA,0
"2025-02-16 01:00",-1.3,0
"2025-02-16 01:05",NA,0
"2025-02-16 01:10",NA,0
"2025-02-16 01:15",NA,0
"2025-02-16 01:20",NA,0
"2025-02-16 01:25",NA,0
"2025-02-16 01:30",-1.4,0
"2025-02-16 01:35",NA,0
"2025-02-16 01:40",NA,0
"2025-02-16 01:45",NA,0
"2025-02-16 01:50",NA,0
"2025-02-16 01:55",NA,0
"2025-02-16 02:00",-1.3,0
"2025-02-16 02:05",NA,0
"2025-02-16 02:10",NA,0
"2025-02-16 02:15",NA,0
"2025-02-16 02:20",NA,0
"2025-02-16 02:25",NA,0
"2025-02-16 02:30",-1.3,0
"2025-02-16 02:35",NA,0
"2025-02-16 02:40",NA,0
"2025-02-16 02:45",NA,0
"2025-02-16 02:50",NA,0
"2025-02-16 02:55",NA,0
"2025-02-16 03:00",-1.3,0
"2025-02-16 03:05",NA,0
"2025-02-16 03:10",NA,0
"2025-02-16 03:15",NA,0
"2025-02-16 03:20",NA,0
"2025-02-16 03:25",NA,0
"2025-02-16 03:30",-1.2,0
"2025-02-16 03:35",NA,0
"2025-02-16 03:40",NA,0
"2025-02-16 03:45",NA,0
"2025-02-16 03:50",NA,0
"2025-02-16 03:55",NA,0
"2025-02-16 04:00",-1.3,0
"2025-02-16 04:05",NA,0
"2025-02-16 04:10",NA,0
"2025-02-16 04:15",NA,0
"2025-02-16 04:20",NA,0
"2025-02-16 04:25",NA,0
"2025-02-16 04:30",-1.4,0
"2025-02-16 04:35",NA,0
"2025-02-16 04:40",NA,0
"2025-02-16 04:45",NA,0
"2025-02-16 04:50",NA,0
"2025-02-16 04:55",NA,0
"2025-02-16 05:00",-1.3,0
"2025-02-16 05:05",NA,0
"2025-02-16 05:10",NA,0
"2025-02-16 05:15",NA,0
"2025-02-16 05:20",NA,0
"2025-02-16 05:25",NA,0
"2025-02-16 05:30",-1.6,0
"2025-02-16 05:35",NA,0
"2025-02-16 05:40",NA,0
"2025-02-16 05:45",NA,0
"2025-02-16 05:50",NA,0
"2025-02-16 05:55",NA,0
"2025-02-16 06:00",-1.8,0
"2025-02-16 06:05",NA,0
"2025-02-16 06:10",NA,0
"2025-02-16 06:15",NA,0
"2025-02-16 06:20",NA,0
"2025-02-16 06:25",NA,0
"2025-02-16 06:30",-1.7,0
"2025-02-16 06:35",NA,0
"2025-02-16 06:40",NA,0
"2025-02-16 06:45",NA,0
"2025-02-16 06:50",NA,0
"2025-02-16 06:55",NA,0
"2025-02-16 07:00",-1.2,0
"2025-02-16 07:05",NA,0
"2025-02-16 07:10",NA,0
"2025-02-16 07:15",NA,0
"2025-02-16 07:20",NA,0
"2025-02-16 07:25",NA,0
"2025-02-16 07:30",-0.7,0
"2025-02-16 07:35",NA,0
"2025-02-16 07:40",NA,0
"2025-02-16 07:45",NA,0
"2025-02-16 07:50",NA,0
"2025-02-16 07:55",NA,0
"2025-02-16 08:00",1.3,0
"2025-02-16 08:05",NA,0
"2025-02-16 08:10",NA,0
"2025-02-16 08:15",NA,0
"2025-02-16 08:20",NA,0
"2025-02-16 08:25",NA,0
"2025-02-16 08:30",3.8,0
"2025-02-16 08:35",NA,0
"2025-02-16 08:40",NA,0
"2025-02-16 08:45",NA,0
"2025-02-16 08:50",NA,0
"2025-02-16 08:55",NA,0
"2025-02-16 09:00",5.9,0
"2025-02-16 09:05",NA,0
"2025-02-16 09:10",NA,0
"2025-02-16 09:15",NA,0
"2025-02-16 09:20",NA,0
"2025-02-16 09:25",NA,0
"2025-02-16 09:30",7.099999,0
"2025-02-16 09:35",NA,0
"2025-02-16 09:40",NA,0
"2025-02-16 09:45",NA,0
"2025-02-16 09:50",NA,0
"2025-02-16 09:55",NA,0
"2025-02-16 10:00",8.6,0
"2025-02-16 10:05",NA,0
"2025-02-16 10:10",NA,0
"2025-02-16 10:15",NA,0
"2025-02-16 10:20",NA,0
"2025-02-16 10:25",NA,0
"2025-02-16 10:30",9.1,0
"2025-02-16 10:35",NA,0
"2025-02-16 10:40",NA,0
"2025-02-16 10:45",NA,0
"2025-02-16 10:50",NA,0
"2025-02-16 10:55",NA,0
"2025-02-16 11:00",10.5,0
"2025-02-16 11:05",NA,0
"2025-02-16 11:10",NA,0
"2025-02-16 11:15",NA,0
"2025-02-16 11:20",NA,0
"2025-02-16 11:25",NA,0
"2025-02-16 11:30",9.699999,0
"2025-02-16 11:35",NA,0
"2025-02-16 11:40",NA,0
"2025-02-16 11:45",NA,0
"2025-02-16 11:50",NA,0
"2025-02-16 11:55",NA,0
"2025-02-16 12:00",8.799999,0
"2025-02-16 12:05",NA,0
"2025-02-16 12:10",NA,0
"2025-02-16 12:15",NA,0
"2025-02-16 12:20",NA,0
"2025-02-16 12:25",NA,0
"2025-02-16 12:30",9,0
"2025-02-16 12:35",NA,0
"2025-02-16 12:40",NA,0
"2025-02-16 12:45",NA,0
"2025-02-16 12:50",NA,0
"2025-02-16 12:55",NA,0
"2025-02-16 13:00",7.599999,0
"2025-02-16 13:05",NA,0
"2025-02-16 13:10",NA,0
"2025-02-16 13:15",NA,0
"2025-02-16 13:20",NA,0
"2025-02-16 13:25",NA,0
"2025-02-16 13:30",6.2,0
"2025-02-16 13:35",NA,0
"2025-02-16 13:40",NA,0
"2025-02-16 13:45",NA,0
"2025-02-16 13:50",NA,0
"2025-02-16 13:55",NA,0
"2025-02-16 14:00",5.2,0
"2025-02-16 14:05",NA,0
"2025-02-16 14:10",NA,0
"2025-02-16 14:15",NA,0
"2025-02-16 14:20",NA,0
"2025-02-16 14:25",NA,0
"2025-02-16 14:30",5.7,0
"2025-02-16 14:35",NA,0
"2025-02-16 14:40",NA,0
"2025-02-16 14:45",NA,0
"2025-02-16 14:50",NA,0
"2025-02-16 14:55",NA,0
"2025-02-16 15:00",6,0
"2025-02-16 15:05",NA,0
"2025-02-16 15:10",NA,0
"2025-02-16 15:15",NA,0
"2025-02-16 15:20",NA,0
"2025-02-16 15:25",NA,0
"2025-02-16 15:30",4.3,0
"2025-02-16 15:35",NA,0
"2025-02-16 15:40",NA,0
"2025-02-16 15:45",NA,0
"2025-02-16 15:50",NA,0
"2025-02-16 15:55",NA,0
"2025-02-16 16:00",2.9,0
"2025-02-16 16:05",NA,0
"2025-02-16 16:10",NA,0
"2025-02-16 16:15",NA,0
"2025-02-16 16:20",NA,0
"2025-02-16 16:25",NA,0
"2025-02-16 16:30",2,0
"2025-02-16 16:35",NA,0
"2025-02-16 16:40",NA,0
"2025-02-16 16:45",NA,0
"2025-02-16 16:50",NA,0
"2025-02-16 16:55",NA,0
"2025-02-16 17:00",1.7,0
"2025-02-16 17:05",NA,0
"2025-02-16 17:10",NA,0
"2025-02-16 17:15",NA,0
"2025-02-16 17:20",NA,0
"2025-02-16 17:25",NA,0
"2025-02-16 17:30",1.6,0
"2025-02-16 17:35",NA,0
"2025-02-16 17:40",NA,0
"2025-02-16 17:45",NA,0
"2025-02-16 17:50",NA,0
"2025-02-16 17:55",NA,0
"2025-02-16 18:00",1.1,0
"2025-02-16 18:05",NA,0
"2025-02-16 18:10",NA,0
"2025-02-16 18:15",NA,0
"2025-02-16 18:20",NA,0
"2025-02-16 18:25",NA,0
"2025-02-16 18:30",0.7,0
"2025-02-16 18:35",NA,0
"2025-02-16 18:40",NA,0
"2025-02-16 18:45",NA,0
"2025-02-16 18:50",NA,0
"2025-02-16 18:55",NA,0
"2025-02-16 19:00",0.4,0
"2025-02-16 19:05",NA,0
"2025-02-16 19:10",NA,0
"2025-02-16 19:15",NA,0
"2025-02-16 19:20",NA,0
"2025-02-16 19:25",NA,0
"2025-02-16 19:30",0.1,0
"2025-02-16 19:35",NA,0
"2025-02-16 19:40",NA,0
"2025-02-16 19:45",NA,0
"2025-02-16 19:50",NA,0
"2025-02-16 19:55",NA,0
"2025-02-16 20:00",0,0
"2025-02-16 20:05",NA,0
"2025-02-16 20:10",NA,0
"2025-02-16 20:15",NA,0
"2025-02-16 20:20",NA,0
"2025-02-16 20:25",NA,0
"2025-02-16 20:30",-0.1,0
"2025-02-16 20:35",NA,0
"2025-02-16 20:40",NA,0
"2025-02-16 20:45",NA,0
"2025-02-16 20:50",NA,0
"2025-02-16 20:55",NA,0
"2025-02-16 21:00",-0.1,0
"2025-02-16 21:05",NA,0
"2025-02-16 21:10",NA,0
"2025-02-16 21:15",NA,0
"2025-02-16 21:20",NA,0
"2025-02-16 21:25",NA,0
"2025-02-16 21:30",-0.4,0
"2025-02-16 21:35",NA,0
"2025-02-16 21:40",NA,0
"2025-02-16 21:45",NA,0
"2025-02-16 21:50",NA,0
"2025-02-16 21:55",NA,0
"2025-02-16 22:00",-0.4,0
"2025-02-16 22:05",NA,0
"2025-02-16 22:10",NA,0
"2025-02-16 22:15",NA,0
"2025-02-16 22:20",NA,0
"2025-02-16 22:25",NA,0
"2025-02-16 22:30",-0.4,0
"2025-02-16 22:35",NA,0
"2025-02-16 22:40",NA,0
"2025-02-16 22:45",NA,0
"2025-02-16 22:50",NA,0
"2025-02-16 22:55",NA,0
"2025-02-16 23:00",-0.5,0
"2025-02-16 23:05",NA,0
"2025-02-16 23:10",NA,0
"2025-02-16 23:15",NA,0
"2025-02-16 23:20",NA,0
"2025-02-16 23:25",NA,0
"2025-02-16 23:30",-0.4,0
"2025-02-16 23:35",NA,0
"2025-02-16 23:40",NA,0.0484930000000077
"2025-02-16 23:45",NA,0.0679930000000013
"2025-02-16 23:50",NA,0.0210259999999778
"2025-02-16 23:55",NA,0.0114750000000186
"2025-02-17 00:00",-0.4,0.0295109999999852
"2025-02-17 00:05",NA,0.0379939999999976
"2025-02-17 00:10",NA,0.0425110000000188
"2025-02-17 00:15",NA,0.0740049999999997
"2025-02-17 00:20",NA,0.071472
"2025-02-17 00:25",NA,0.0625309999999786
"2025-02-17 00:30",-0.4,0.064483000000024
"2025-02-17 00:35",NA,0.0855109999999968
"2025-02-17 00:40",NA,0.0604849999999999
"2025-02-17 00:45",NA,0.0574959999999862
"2025-02-17 00:50",NA,0.044005999999996
"2025-02-17 00:55",NA,0.0260010000000079
"2025-02-17 01:00",-0.4,0.0159910000000139
"2025-02-17 01:05",NA,0.0200199999999882
"2025-02-17 01:10",NA,0.0784909999999854
"2025-02-17 01:15",NA,0.121002000000004
"2025-02-17 01:20",NA,0.117492999999996
"2025-02-17 01:25",NA,0.0670160000000237
"2025-02-17 01:30",-0.5,0.0679930000000013
"2025-02-17 01:35",NA,0.0384829999999852
"2025-02-17 01:40",NA,0.045501999999999
"2025-02-17 01:45",NA,0.0429990000000089
"2025-02-17 01:50",NA,0.0335079999999834
"2025-02-17 01:55",NA,0.0515139999999974
"2025-02-17 02:00",-0.6,0.0379940000000261
"2025-02-17 02:05",NA,0.0304879999999912
"2025-02-17 02:10",NA,0.0315239999999903
"2025-02-17 02:15",NA,0.0209660000000156
"2025-02-17 02:20",NA,0.0120239999999967
"2025-02-17 02:25",NA,0.0429989999999805
"2025-02-17 02:30",-0.6,0.0054930000000013
"2025-02-17 02:35",NA,0.016998000000001
"2025-02-17 02:40",NA,0.0314950000000067
"2025-02-17 02:45",NA,0.016998000000001
"2025-02-17 02:50",NA,0.0295100000000161
"2025-02-17 02:55",NA,0.0264899999999955
"2025-02-17 03:00",-0.6,0.0104979999999841
"2025-02-17 03:05",NA,0.044524999999993
"2025-02-17 03:10",NA,0.0884700000000009
"2025-02-17 03:15",NA,0.0755310000000122
"2025-02-17 03:20",NA,0.108979000000005
"2025-02-17 03:25",NA,0.115509000000003
"2025-02-17 03:30",-0.7,0.0879819999999825
"2025-02-17 03:35",NA,0.0605160000000069
"2025-02-17 03:40",NA,0.0899960000000135
"2025-02-17 03:45",NA,0.0800179999999955
"2025-02-17 03:50",NA,0.0804739999999811
"2025-02-17 03:55",NA,0.0900270000000205
"2025-02-17 04:00",-0.7,0.0969849999999894
"2025-02-17 04:05",NA,0.102997000000016
"2025-02-17 04:10",NA,0.101990000000001
"2025-02-17 04:15",NA,0.0819999999999936
"2025-02-17 04:20",NA,0.0615239999999915
"2025-02-17 04:25",NA,0.0699769999999944
"2025-02-17 04:30",-0.8,0.0905150000000106
"2025-02-17 04:35",NA,0.0480039999999917
"2025-02-17 04:40",NA,0.0155029999999954
"2025-02-17 04:45",NA,0.0134890000000212
"2025-02-17 04:50",NA,0.0190119999999752
"2025-02-17 04:55",NA,0.0339969999999994
"2025-02-17 05:00",-0.9,0.0239860000000078
"2025-02-17 05:05",NA,0.045501999999999
"2025-02-17 05:10",NA,0.0190130000000011
"2025-02-17 05:15",NA,0
"2025-02-17 05:20",NA,0
"2025-02-17 05:25",NA,0
"2025-02-17 05:30",-0.8,0
"2025-02-17 05:35",NA,0
"2025-02-17 05:40",NA,0
"2025-02-17 05:45",NA,0
"2025-02-17 05:50",NA,0
"2025-02-17 05:55",NA,0
"2025-02-17 06:00",-0.5,0
"2025-02-17 06:05",NA,0
"2025-02-17 06:10",NA,0
"2025-02-17 06:15",NA,0
"2025-02-17 06:20",NA,0
"2025-02-17 06:25",NA,0
"2025-02-17 06:30",-0.4,0
"2025-02-17 06:35",NA,0
"2025-02-17 06:40",NA,0
"2025-02-17 06:45",NA,0
"2025-02-17 06:50",NA,0
"2025-02-17 06:55",NA,0
"2025-02-17 07:00",-0.2,0
"2025-02-17 07:05",NA,0
"2025-02-17 07:10",NA,0
"2025-02-17 07:15",NA,0
"2025-02-17 07:20",NA,0
"2025-02-17 07:25",NA,0
"2025-02-17 07:30",0.8,0
"2025-02-17 07:35",NA,0
"2025-02-17 07:40",NA,0
"2025-02-17 07:45",NA,0
"2025-02-17 07:50",NA,0
"2025-02-17 07:55",NA,0
"2025-02-17 08:00",2.9,0
"2025-02-17 08:05",NA,0
"2025-02-17 08:10",NA,0
"2025-02-17 08:15",NA,0
"2025-02-17 08:20",NA,0
"2025-02-17 08:25",NA,0
"2025-02-17 08:30",4.7,0
"2025-02-17 08:35",NA,0
"2025-02-17 08:40",NA,0
"2025-02-17 08:45",NA,0
"2025-02-17 08:50",NA,0
"2025-02-17 08:55",NA,0
"2025-02-17 09:00",4.4,0
"2025-02-17 09:05",NA,0
"2025-02-17 09:10",NA,0
"2025-02-17 09:15",NA,0
"2025-02-17 09:20",NA,0
"2025-02-17 09:25",NA,0
"2025-02-17 09:30",5.7,0
"2025-02-17 09:35",NA,0
"2025-02-17 09:40",NA,0
"2025-02-17 09:45",NA,0
"2025-02-17 09:50",NA,0
"2025-02-17 09:55",NA,0
"2025-02-17 10:00",9.699999,0
"2025-02-17 10:05",NA,0
"2025-02-17 10:10",NA,0
"2025-02-17 10:15",NA,0
"2025-02-17 10:20",NA,0
"2025-02-17 10:25",NA,0
"2025-02-17 10:30",12.199999,0
"2025-02-17 10:35",NA,0
"2025-02-17 10:40",NA,0
"2025-02-17 10:45",NA,0
"2025-02-17 10:50",NA,0
"2025-02-17 10:55",NA,0
"2025-02-17 11:00",12.299999,0
"2025-02-17 11:05",NA,0
"2025-02-17 11:10",NA,0
"2025-02-17 11:15",NA,0
"2025-02-17 11:20",NA,0
"2025-02-17 11:25",NA,0
"2025-02-17 11:30",12.6,0
"2025-02-17 11:35",NA,0
"2025-02-17 11:40",NA,0
"2025-02-17 11:45",NA,0
"2025-02-17 11:50",NA,0
"2025-02-17 11:55",NA,0
"2025-02-17 12:00",13.9,0
"2025-02-17 12:05",NA,0
"2025-02-17 12:10",NA,0
"2025-02-17 12:15",NA,0
"2025-02-17 12:20",NA,0
"2025-02-17 12:25",NA,0
"2025-02-17 12:30",13.1,0
"2025-02-17 12:35",NA,0
"2025-02-17 12:40",NA,0
"2025-02-17 12:45",NA,0
"2025-02-17 12:50",NA,0
"2025-02-17 12:55",NA,0
"2025-02-17 13:00",9.799999,0.196990999999997
"2025-02-17 13:05",NA,0.64498900000001
"2025-02-17 13:10",NA,0.184508999999991
"2025-02-17 13:15",NA,0.244018000000011
"2025-02-17 13:20",NA,0.214477999999986
"2025-02-17 13:25",NA,0.0790100000000109
"2025-02-17 13:30",6.2,0.0639950000000056
"2025-02-17 13:35",NA,0.053009000000003
"2025-02-17 13:40",NA,0.0209959999999967
"2025-02-17 13:45",NA,0.00650099999998588
"2025-02-17 13:50",NA,0.0025020000000211
"2025-02-17 13:55",NA,0
"2025-02-17 14:00",5.4,0
"2025-02-17 14:05",NA,0
"2025-02-17 14:10",NA,0
"2025-02-17 14:15",NA,0
"2025-02-17 14:20",NA,0
"2025-02-17 14:25",NA,0
"2025-02-17 14:30",5.2,0
"2025-02-17 14:35",NA,0
"2025-02-17 14:40",NA,0
"2025-02-17 14:45",NA,0
"2025-02-17 14:50",NA,0
"2025-02-17 14:55",NA,0
"2025-02-17 15:00",6,0
"2025-02-17 15:05",NA,0
"2025-02-17 15:10",NA,0
"2025-02-17 15:15",NA,0
"2025-02-17 15:20",NA,0
"2025-02-17 15:25",NA,0
"2025-02-17 15:30",6.4,0
"2025-02-17 15:35",NA,0
"2025-02-17 15:40",NA,0
"2025-02-17 15:45",NA,0
"2025-02-17 15:50",NA,0
"2025-02-17 15:55",NA,0
"2025-02-17 16:00",5.8,0
"2025-02-17 16:05",NA,0
"2025-02-17 16:10",NA,0
"2025-02-17 16:15",NA,0
"2025-02-17 16:20",NA,0
"2025-02-17 16:25",NA,0
"2025-02-17 16:30",4.7,0
"2025-02-17 16:35",NA,0
"2025-02-17 16:40",NA,0
"2025-02-17 16:45",NA,0
"2025-02-17 16:50",NA,0
"2025-02-17 16:55",NA,0
"2025-02-17 17:00",3.6,0
"2025-02-17 17:05",NA,0
"2025-02-17 17:10",NA,0
"2025-02-17 17:15",NA,0
"2025-02-17 17:20",NA,0
"2025-02-17 17:25",NA,0
"2025-02-17 17:30",2.5,0
"2025-02-17 17:35",NA,0
"2025-02-17 17:40",NA,0
"2025-02-17 17:45",NA,0
"2025-02-17 17:50",NA,0
"2025-02-17 17:55",NA,0
"2025-02-17 18:00",1.8,0
"2025-02-17 18:05",NA,0
"2025-02-17 18:10",NA,0
"2025-02-17 18:15",NA,0
"2025-02-17 18:20",NA,0
"2025-02-17 18:25",NA,0
"2025-02-17 18:30",1.1,0
"2025-02-17 18:35",NA,0
"2025-02-17 18:40",NA,0
"2025-02-17 18:45",NA,0
"2025-02-17 18:50",NA,0
"2025-02-17 18:55",NA,0
"2025-02-17 19:00",0.9,0
"2025-02-17 19:05",NA,0
"2025-02-17 19:10",NA,0
"2025-02-17 19:15",NA,0
"2025-02-17 19:20",NA,0
"2025-02-17 19:25",NA,0
"2025-02-17 19:30",0.8,0
"2025-02-17 19:35",NA,0
"2025-02-17 19:40",NA,0
"2025-02-17 19:45",NA,0
"2025-02-17 19:50",NA,0
"2025-02-17 19:55",NA,0
"2025-02-17 20:00",0.8,0
"2025-02-17 20:05",NA,0
"2025-02-17 20:10",NA,0
"2025-02-17 20:15",NA,0
"2025-02-17 20:20",NA,0
"2025-02-17 20:25",NA,0
"2025-02-17 20:30",0.7,0
"2025-02-17 20:35",NA,0
"2025-02-17 20:40",NA,0
"2025-02-17 20:45",NA,0
"2025-02-17 20:50",NA,0
"2025-02-17 20:55",NA,0
"2025-02-17 21:00",0.8,0
"2025-02-17 21:05",NA,0
"2025-02-17 21:10",NA,0
"2025-02-17 21:15",NA,0
"2025-02-17 21:20",NA,0
"2025-02-17 21:25",NA,0
"2025-02-17 21:30",0.7,0
"2025-02-17 21:35",NA,0
"2025-02-17 21:40",NA,0
"2025-02-17 21:45",NA,0
"2025-02-17 21:50",NA,0
"2025-02-17 21:55",NA,0
"2025-02-17 22:00",0.5,0
"2025-02-17 22:05",NA,0
"2025-02-17 22:10",NA,0
"2025-02-17 22:15",NA,0
"2025-02-17 22:20",NA,0
"2025-02-17 22:25",NA,0
"2025-02-17 22:30",0.5,0
"2025-02-17 22:35",NA,0
"2025-02-17 22:40",NA,0
"2025-02-17 22:45",NA,0
"2025-02-17 22:50",NA,0
"2025-02-17 22:55",NA,0
"2025-02-17 23:00",0.2,0
"2025-02-17 23:05",NA,0
"2025-02-17 23:10",NA,0
"2025-02-17 23:15",NA,0
"2025-02-17 23:20",NA,0
"2025-02-17 23:25",NA,0
"2025-02-17 23:30",0.3,0
"2025-02-17 23:35",NA,0
"2025-02-17 23:40",NA,0
"2025-02-17 23:45",NA,0
"2025-02-17 23:50",NA,0
"2025-02-17 23:55",NA,0
"2025-02-18 00:00",0.3,0
"2025-02-18 00:05",NA,0
"2025-02-18 00:10",NA,0
"2025-02-18 00:15",NA,0
"2025-02-18 00:20",NA,0
"2025-02-18 00:25",NA,0
"2025-02-18 00:30",0.3,0
"2025-02-18 00:35",NA,0
"2025-02-18 00:40",NA,0
"2025-02-18 00:45",NA,0
"2025-02-18 00:50",NA,0
"2025-02-18 00:55",NA,0
"2025-02-18 01:00",0.4,0
"2025-02-18 01:05",NA,0
"2025-02-18 01:10",NA,0
"2025-02-18 01:15",NA,0
"2025-02-18 01:20",NA,0
"2025-02-18 01:25",NA,0
"2025-02-18 01:30",0.2,0
"2025-02-18 01:35",NA,0
"2025-02-18 01:40",NA,0
"2025-02-18 01:45",NA,0
"2025-02-18 01:50",NA,0
"2025-02-18 01:55",NA,0
"2025-02-18 02:00",0.3,0
"2025-02-18 02:05",NA,0
"2025-02-18 02:10",NA,0
"2025-02-18 02:15",NA,0
"2025-02-18 02:20",NA,0
"2025-02-18 02:25",NA,0
"2025-02-18 02:30",0.3,0
"2025-02-18 02:35",NA,0
"2025-02-18 02:40",NA,0
"2025-02-18 02:45",NA,0
"2025-02-18 02:50",NA,0
"2025-02-18 02:55",NA,0
"2025-02-18 03:00",0.5,0
"2025-02-18 03:05",NA,0
"2025-02-18 03:10",NA,0
"2025-02-18 03:15",NA,0
"2025-02-18 03:20",NA,0
"2025-02-18 03:25",NA,0
"2025-02-18 03:30",0.5,0
"2025-02-18 03:35",NA,0
"2025-02-18 03:40",NA,0
"2025-02-18 03:45",NA,0
"2025-02-18 03:50",NA,0
"2025-02-18 03:55",NA,0
"2025-02-18 04:00",0.5,0
"2025-02-18 04:05",NA,0
"2025-02-18 04:10",NA,0
"2025-02-18 04:15",NA,0
"2025-02-18 04:20",NA,0
"2025-02-18 04:25",NA,0
"2025-02-18 04:30",0.5,0
"2025-02-18 04:35",NA,0
"2025-02-18 04:40",NA,0
"2025-02-18 04:45",NA,0
"2025-02-18 04:50",NA,0
"2025-02-18 04:55",NA,0
"2025-02-18 05:00",0.5,0
"2025-02-18 05:05",NA,0
"2025-02-18 05:10",NA,0
"2025-02-18 05:15",NA,0
"2025-02-18 05:20",NA,0
"2025-02-18 05:25",NA,0
"2025-02-18 05:30",0.4,0
"2025-02-18 05:35",NA,0
"2025-02-18 05:40",NA,0
"2025-02-18 05:45",NA,0
"2025-02-18 05:50",NA,0
"2025-02-18 05:55",NA,0
"2025-02-18 06:00",0.5,0
"2025-02-18 06:05",NA,0
"2025-02-18 06:10",NA,0
"2025-02-18 06:15",NA,0
"2025-02-18 06:20",NA,0
"2025-02-18 06:25",NA,0
"2025-02-18 06:30",0.5,0
"2025-02-18 06:35",NA,0
"2025-02-18 06:40",NA,0
"2025-02-18 06:45",NA,0
"2025-02-18 06:50",NA,0
"2025-02-18 06:55",NA,0
"2025-02-18 07:00",0.9,0
"2025-02-18 07:05",NA,0
"2025-02-18 07:10",NA,0
"2025-02-18 07:15",NA,0
"2025-02-18 07:20",NA,0
"2025-02-18 07:25",NA,0
"2025-02-18 07:30",1.8,0
"2025-02-18 07:35",NA,0
"2025-02-18 07:40",NA,0
"2025-02-18 07:45",NA,0
"2025-02-18 07:50",NA,0
"2025-02-18 07:55",NA,0
"2025-02-18 08:00",3.3,0
"2025-02-18 08:05",NA,0
"2025-02-18 08:10",NA,0
"2025-02-18 08:15",NA,0
"2025-02-18 08:20",NA,0
"2025-02-18 08:25",NA,0
"2025-02-18 08:30",4,0
"2025-02-18 08:35",NA,0
"2025-02-18 08:40",NA,0
"2025-02-18 08:45",NA,0
"2025-02-18 08:50",NA,0
"2025-02-18 08:55",NA,0
"2025-02-18 09:00",4.9,0
"2025-02-18 09:05",NA,0
"2025-02-18 09:10",NA,0
"2025-02-18 09:15",NA,0
"2025-02-18 09:20",NA,0
"2025-02-18 09:25",NA,0
"2025-02-18 09:30",6,0
"2025-02-18 09:35",NA,0
"2025-02-18 09:40",NA,0
"2025-02-18 09:45",NA,0
"2025-02-18 09:50",NA,0
"2025-02-18 09:55",NA,0
"2025-02-18 10:00",6.9,0
"2025-02-18 10:05",NA,0
"2025-02-18 10:10",NA,0
"2025-02-18 10:15",NA,0
"2025-02-18 10:20",NA,0
"2025-02-18 10:25",NA,0
"2025-02-18 10:30",7.5,0
"2025-02-18 10:35",NA,0
"2025-02-18 10:40",NA,0
"2025-02-18 10:45",NA,0
"2025-02-18 10:50",NA,0
"2025-02-18 10:55",NA,0
"2025-02-18 11:00",8.6,0
"2025-02-18 11:05",NA,0
"2025-02-18 11:10",NA,0
"2025-02-18 11:15",NA,0
"2025-02-18 11:20",NA,0
"2025-02-18 11:25",NA,0
"2025-02-18 11:30",8.1,0
"2025-02-18 11:35",NA,0
"2025-02-18 11:40",NA,0
"2025-02-18 11:45",NA,0
"2025-02-18 11:50",NA,0
"2025-02-18 11:55",NA,0
"2025-02-18 12:00",7.8,0
"2025-02-18 12:05",NA,0
"2025-02-18 12:10",NA,0
"2025-02-18 12:15",NA,0
"2025-02-18 12:20",NA,0
"2025-02-18 12:25",NA,0
"2025-02-18 12:30",8.299999,0
"2025-02-18 12:35",NA,0
"2025-02-18 12:40",NA,0.295989999999989
"2025-02-18 12:45",NA,0.313018999999997
"2025-02-18 12:50",NA,0.000977000000006001
"2025-02-18 12:55",NA,0
"2025-02-18 13:00",8.1,0
"2025-02-18 13:05",NA,0
"2025-02-18 13:10",NA,0
"2025-02-18 13:15",NA,0
"2025-02-18 13:20",NA,0
"2025-02-18 13:25",NA,0
"2025-02-18 13:30",7.5,0
"2025-02-18 13:35",NA,0
"2025-02-18 13:40",NA,0
"2025-02-18 13:45",NA,0
"2025-02-18 13:50",NA,0
"2025-02-18 13:55",NA,0
"2025-02-18 14:00",7.2,0
"2025-02-18 14:05",NA,0.457518999999991
"2025-02-18 14:10",NA,0.0885010000000079
"2025-02-18 14:15",NA,0.0469970000000046
"2025-02-18 14:20",NA,0.0849919999999997
"2025-02-18 14:25",NA,0.130980999999991
"2025-02-18 14:30",5.8,0.0730289999999911
"2025-02-18 14:35",NA,0.0334770000000049
"2025-02-18 14:40",NA,0.0115049999999997
"2025-02-18 14:45",NA,0.00351000000000568
"2025-02-18 14:50",NA,0.000487999999990052
"2025-02-18 14:55",NA,0
"2025-02-18 15:00",5.9,0
"2025-02-18 15:05",NA,0
"2025-02-18 15:10",NA,0
"2025-02-18 15:15",NA,0
"2025-02-18 15:20",NA,0
"2025-02-18 15:25",NA,0
"2025-02-18 15:30",4.7,0
"2025-02-18 15:35",NA,0
"2025-02-18 15:40",NA,0
"2025-02-18 15:45",NA,0
"2025-02-18 15:50",NA,0
"2025-02-18 15:55",NA,0
"2025-02-18 16:00",3.9,0.0755010000000027
"2025-02-18 16:05",NA,0.300017999999994
"2025-02-18 16:10",NA,0.335999000000015
"2025-02-18 16:15",NA,0.44598400000001
"2025-02-18 16:20",NA,0.544005999999996
"2025-02-18 16:25",NA,1.39001399999998
"2025-02-18 16:30",2.9,0.622986000000026
"2025-02-18 16:35",NA,0.709503999999981
"2025-02-18 16:40",NA,0.472991000000007
"2025-02-18 16:45",NA,0.275512999999989
"2025-02-18 16:50",NA,0.244506999999999
"2025-02-18 16:55",NA,0.259979000000016
"2025-02-18 17:00",1.9,0.278503999999998
"2025-02-18 17:05",NA,0.385986000000003
"2025-02-18 17:10",NA,0.40100099999998
"2025-02-18 17:15",NA,0.318512000000027
"2025-02-18 17:20",NA,0.332000999999991
"2025-02-18 17:25",NA,0.12249700000001
"2025-02-18 17:30",1.2,0.0209959999999967
"2025-02-18 17:35",NA,0.0054930000000013
"2025-02-18 17:40",NA,0
"2025-02-18 17:45",NA,0
"2025-02-18 17:50",NA,0
"2025-02-18 17:55",NA,0
"2025-02-18 18:00",0.7,0
"2025-02-18 18:05",NA,0
"2025-02-18 18:10",NA,0
"2025-02-18 18:15",NA,0
"2025-02-18 18:20",NA,0
"2025-02-18 18:25",NA,0
"2025-02-18 18:30",0.7,0
"2025-02-18 18:35",NA,0
"2025-02-18 18:40",NA,0
"2025-02-18 18:45",NA,0
"2025-02-18 18:50",NA,0
"2025-02-18 18:55",NA,0
"2025-02-18 19:00",0.6,0
"2025-02-18 19:05",NA,0
"2025-02-18 19:10",NA,0
"2025-02-18 19:15",NA,0.149506000000002
"2025-02-18 19:20",NA,0.131011999999998
"2025-02-18 19:25",NA,0.210998999999987
"2025-02-18 19:30",0.5,0.170013000000012
"2025-02-18 19:35",NA,0.165496999999988
"2025-02-18 19:40",NA,0.398987000000005
"2025-02-18 19:45",NA,0.192504999999983
"2025-02-18 19:50",NA,0.179504000000009
"2025-02-18 19:55",NA,0.389983999999998
"2025-02-18 20:00",0.5,0.182495000000017
"2025-02-18 20:05",NA,0.0385129999999947
"2025-02-18 20:10",NA,0.00399799999999573
"2025-02-18 20:15",NA,0
"2025-02-18 20:20",NA,0
"2025-02-18 20:25",NA,0
"2025-02-18 20:30",0.4,0
"2025-02-18 20:35",NA,0
"2025-02-18 20:40",NA,0
"2025-02-18 20:45",NA,0
"2025-02-18 20:50",NA,0
"2025-02-18 20:55",NA,0
"2025-02-18 21:00",0.3,0
"2025-02-18 21:05",NA,0
"2025-02-18 21:10",NA,0
"2025-02-18 21:15",NA,0
"2025-02-18 21:20",NA,0
"2025-02-18 21:25",NA,0
"2025-02-18 21:30",0.2,0
"2025-02-18 21:35",NA,0
"2025-02-18 21:40",NA,0
"2025-02-18 21:45",NA,0
"2025-02-18 21:50",NA,0
"2025-02-18 21:55",NA,0
"2025-02-18 22:00",0.3,0
"2025-02-18 22:05",NA,0
"2025-02-18 22:10",NA,0
"2025-02-18 22:15",NA,0.119994999999989
"2025-02-18 22:20",NA,0.026520000000005
"2025-02-18 22:25",NA,0.0489809999999977
"2025-02-18 22:30",0.3,0.165497000000016
"2025-02-18 22:35",NA,0.103514999999987
"2025-02-18 22:40",NA,0.00949099999999703
"2025-02-18 22:45",NA,0
"2025-02-18 22:50",NA,0
"2025-02-18 22:55",NA,0
"2025-02-18 23:00",0.3,0
"2025-02-18 23:05",NA,0
"2025-02-18 23:10",NA,0
"2025-02-18 23:15",NA,0
"2025-02-18 23:20",NA,0
"2025-02-18 23:25",NA,0
"2025-02-18 23:30",0.3,0
"2025-02-18 23:35",NA,0
"2025-02-18 23:40",NA,0
"2025-02-18 23:45",NA,0
"2025-02-18 23:50",NA,0
"2025-02-18 23:55",NA,0
"2025-02-19 00:00",0.3,0
"2025-02-19 00:05",NA,0
"2025-02-19 00:10",NA,0
"2025-02-19 00:15",NA,0
"2025-02-19 00:20",NA,0
"2025-02-19 00:25",NA,0
"2025-02-19 00:30",0.5,0
"2025-02-19 00:35",NA,0
"2025-02-19 00:40",NA,0
"2025-02-19 00:45",NA,0
"2025-02-19 00:50",NA,0
"2025-02-19 00:55",NA,0
"2025-02-19 01:00",0.4,0
"2025-02-19 01:05",NA,0.0475160000000017
"2025-02-19 01:10",NA,0.0859990000000153
"2025-02-19 01:15",NA,0.052977999999996
"2025-02-19 01:20",NA,0.0610049999999944
"2025-02-19 01:25",NA,0.0939940000000092
"2025-02-19 01:30",0.4,0.080016999999998
"2025-02-19 01:35",NA,0.0115049999999997
"2025-02-19 01:40",NA,0.0139769999999828
"2025-02-19 01:45",NA,0.0330200000000218
"2025-02-19 01:50",NA,0.102996999999988
"2025-02-19 01:55",NA,0.0514829999999904
"2025-02-19 02:00",0.3,0.0230099999999993
"2025-02-19 02:05",NA,0.0230109999999968
"2025-02-19 02:10",NA,0.0234980000000178
"2025-02-19 02:15",NA,0.000487999999990052
"2025-02-19 02:20",NA,0.000489000000015949
"2025-02-19 02:25",NA,0
"2025-02-19 02:30",0.5,0
"2025-02-19 02:35",NA,0
"2025-02-19 02:40",NA,0
"2025-02-19 02:45",NA,0
"2025-02-19 02:50",NA,0
"2025-02-19 02:55",NA,0
"2025-02-19 03:00",0.3,0
"2025-02-19 03:05",NA,0
"2025-02-19 03:10",NA,0
"2025-02-19 03:15",NA,0
"2025-02-19 03:20",NA,0
"2025-02-19 03:25",NA,0
"2025-02-19 03:30",0.5,0
"2025-02-19 03:35",NA,0
"2025-02-19 03:40",NA,0
"2025-02-19 03:45",NA,0
"2025-02-19 03:50",NA,0
"2025-02-19 03:55",NA,0
"2025-02-19 04:00",0.4,0
"2025-02-19 04:05",NA,0
"2025-02-19 04:10",NA,0
"2025-02-19 04:15",NA,0
"2025-02-19 04:20",NA,0
"2025-02-19 04:25",NA,0
"2025-02-19 04:30",0.4,0
"2025-02-19 04:35",NA,0
"2025-02-19 04:40",NA,0
"2025-02-19 04:45",NA,0
"2025-02-19 04:50",NA,0
"2025-02-19 04:55",NA,0
"2025-02-19 05:00",0.4,0
"2025-02-19 05:05",NA,0
"2025-02-19 05:10",NA,0
"2025-02-19 05:15",NA,0
"2025-02-19 05:20",NA,0
"2025-02-19 05:25",NA,0
"2025-02-19 05:30",0.3,0
"2025-02-19 05:35",NA,0
"2025-02-19 05:40",NA,0
"2025-02-19 05:45",NA,0
"2025-02-19 05:50",NA,0
"2025-02-19 05:55",NA,0
"2025-02-19 06:00",0.4,0
"2025-02-19 06:05",NA,0
"2025-02-19 06:10",NA,0
"2025-02-19 06:15",NA,0
"2025-02-19 06:20",NA,0
"2025-02-19 06:25",NA,0
"2025-02-19 06:30",0.4,0
"2025-02-19 06:35",NA,0
"2025-02-19 06:40",NA,0
"2025-02-19 06:45",NA,0
"2025-02-19 06:50",NA,0
"2025-02-19 06:55",NA,0
"2025-02-19 07:00",0.3,0
"2025-02-19 07:05",NA,0
"2025-02-19 07:10",NA,0
"2025-02-19 07:15",NA,0
"2025-02-19 07:20",NA,0
"2025-02-19 07:25",NA,0
"2025-02-19 07:30",0.5,0
"2025-02-19 07:35",NA,0
"2025-02-19 07:40",NA,0
"2025-02-19 07:45",NA,0
"2025-02-19 07:50",NA,0.0680229999999824
"2025-02-19 07:55",NA,0.152985000000001
"2025-02-19 08:00",1.3,0.694519000000014
"2025-02-19 08:05",NA,0.378997999999996
"2025-02-19 08:10",NA,0.245483000000007
"2025-02-19 08:15",NA,0.37750299999999
"2025-02-19 08:20",NA,0.294493999999986
"2025-02-19 08:25",NA,0.0580140000000142
"2025-02-19 08:30",3.2,0.0189819999999941
"2025-02-19 08:35",NA,0.0125120000000152
"2025-02-19 08:40",NA,0.0125129999999842
"2025-02-19 08:45",NA,0
"2025-02-19 08:50",NA,0
"2025-02-19 08:55",NA,0
"2025-02-19 09:00",5.7,0
"2025-02-19 09:05",NA,0
"2025-02-19 09:10",NA,0
"2025-02-19 09:15",NA,0
"2025-02-19 09:20",NA,0
"2025-02-19 09:25",NA,0
"2025-02-19 09:30",10,0
"2025-02-19 09:35",NA,0
"2025-02-19 09:40",NA,0
"2025-02-19 09:45",NA,0
"2025-02-19 09:50",NA,0
"2025-02-19 09:55",NA,0
"2025-02-19 10:00",15.1,0
"2025-02-19 10:05",NA,0
"2025-02-19 10:10",NA,0
"2025-02-19 10:15",NA,0
"2025-02-19 10:20",NA,0
"2025-02-19 10:25",NA,0
"2025-02-19 10:30",14.199999,0
"2025-02-19 10:35",NA,0
"2025-02-19 10:40",NA,0
"2025-02-19 10:45",NA,0
"2025-02-19 10:50",NA,0
"2025-02-19 10:55",NA,0
"2025-02-19 11:00",11.699999,0
"2025-02-19 11:05",NA,0
"2025-02-19 11:10",NA,0
"2025-02-19 11:15",NA,0
"2025-02-19 11:20",NA,0
"2025-02-19 11:25",NA,0
"2025-02-19 11:30",12.199999,0
"2025-02-19 11:35",NA,0
"2025-02-19 11:40",NA,0
"2025-02-19 11:45",NA,0.130005000000011
"2025-02-19 11:50",NA,1.046997
"2025-02-19 11:55",NA,0.716003000000001
"2025-02-19 12:00",9.4,0.311492999999984
"2025-02-19 12:05",NA,0.501983999999993
"2025-02-19 12:10",NA,0.147003000000012
"2025-02-19 12:15",NA,0.0335080000000119
"2025-02-19 12:20",NA,0.0195009999999911
"2025-02-19 12:25",NA,0.0964960000000019
"2025-02-19 12:30",6.4,0.0639960000000031
"2025-02-19 12:35",NA,0.0155029999999954
"2025-02-19 12:40",NA,0.000487999999990052
"2025-02-19 12:45",NA,0
"2025-02-19 12:50",NA,0
"2025-02-19 12:55",NA,0
"2025-02-19 13:00",6.5,0
"2025-02-19 13:05",NA,0
"2025-02-19 13:10",NA,0
"2025-02-19 13:15",NA,0
"2025-02-19 13:20",NA,0
"2025-02-19 13:25",NA,0
"2025-02-19 13:30",7,0
"2025-02-19 13:35",NA,0
"2025-02-19 13:40",NA,0
"2025-02-19 13:45",NA,0
"2025-02-19 13:50",NA,0
"2025-02-19 13:55",NA,0
"2025-02-19 14:00",6.2,0
"2025-02-19 14:05",NA,0
"2025-02-19 14:10",NA,0
"2025-02-19 14:15",NA,0
"2025-02-19 14:20",NA,0
"2025-02-19 14:25",NA,0
"2025-02-19 14:30",5.9,0
"2025-02-19 14:35",NA,0
"2025-02-19 14:40",NA,0
"2025-02-19 14:45",NA,0
"2025-02-19 14:50",NA,0
"2025-02-19 14:55",NA,0
"2025-02-19 15:00",5.9,0
"2025-02-19 15:05",NA,0
"2025-02-19 15:10",NA,0
"2025-02-19 15:15",NA,0
"2025-02-19 15:20",NA,0.0820010000000195
"2025-02-19 15:25",NA,0.347014999999999
"2025-02-19 15:30",4.7,0.294005999999996
"2025-02-19 15:35",NA,0.0849919999999997
"2025-02-19 15:40",NA,0.00448599999998578
"2025-02-19 15:45",NA,0.0125120000000152
"2025-02-19 15:50",NA,0
"2025-02-19 15:55",NA,0
"2025-02-19 16:00",4,0
"2025-02-19 16:05",NA,0
"2025-02-19 16:10",NA,0
"2025-02-19 16:15",NA,0
"2025-02-19 16:20",NA,0
"2025-02-19 16:25",NA,0
"2025-02-19 16:30",3.7,0
"2025-02-19 16:35",NA,0
"2025-02-19 16:40",NA,0
"2025-02-19 16:45",NA,0
"2025-02-19 16:50",NA,0
"2025-02-19 16:55",NA,0
"2025-02-19 17:00",3.6,0
"2025-02-19 17:05",NA,0
"2025-02-19 17:10",NA,0
"2025-02-19 17:15",NA,0
"2025-02-19 17:20",NA,0
"2025-02-19 17:25",NA,0
"2025-02-19 17:30",3,0
"2025-02-19 17:35",NA,0
"2025-02-19 17:40",NA,0
"2025-02-19 17:45",NA,0
"2025-02-19 17:50",NA,0
"2025-02-19 17:55",NA,0
"2025-02-19 18:00",2.7,0
"2025-02-19 18:05",NA,0
"2025-02-19 18:10",NA,0
"2025-02-19 18:15",NA,0
"2025-02-19 18:20",NA,0
"2025-02-19 18:25",NA,0
"2025-02-19 18:30",2.2,0
"2025-02-19 18:35",NA,0
"2025-02-19 18:40",NA,0
"2025-02-19 18:45",NA,0
"2025-02-19 18:50",NA,0
"2025-02-19 18:55",NA,0
"2025-02-19 19:00",1.8,0
"2025-02-19 19:05",NA,0
"2025-02-19 19:10",NA,0
"2025-02-19 19:15",NA,0
"2025-02-19 19:20",NA,0
"2025-02-19 19:25",NA,0
"2025-02-19 19:30",1.7,0
"2025-02-19 19:35",NA,0
"2025-02-19 19:40",NA,0
"2025-02-19 19:45",NA,0
"2025-02-19 19:50",NA,0
"2025-02-19 19:55",NA,0
"2025-02-19 20:00",1.2,0
"2025-02-19 20:05",NA,0
"2025-02-19 20:10",NA,0
"2025-02-19 20:15",NA,0
"2025-02-19 20:20",NA,0
"2025-02-19 20:25",NA,0
"2025-02-19 20:30",0.9,0
"2025-02-19 20:35",NA,0
"2025-02-19 20:40",NA,0
"2025-02-19 20:45",NA,0
"2025-02-19 20:50",NA,0
"2025-02-19 20:55",NA,0
"2025-02-19 21:00",0.8,0
"2025-02-19 21:05",NA,0
"2025-02-19 21:10",NA,0
"2025-02-19 21:15",NA,0
"2025-02-19 21:20",NA,0
"2025-02-19 21:25",NA,0
"2025-02-19 21:30",0.4,0
"2025-02-19 21:35",NA,0
"2025-02-19 21:40",NA,0
"2025-02-19 21:45",NA,0
"2025-02-19 21:50",NA,0
"2025-02-19 21:55",NA,0
"2025-02-19 22:00",0.1,0
"2025-02-19 22:05",NA,0
"2025-02-19 22:10",NA,0
"2025-02-19 22:15",NA,0
"2025-02-19 22:20",NA,0
"2025-02-19 22:25",NA,0
"2025-02-19 22:30",0.5,0
"2025-02-19 22:35",NA,0
"2025-02-19 22:40",NA,0
"2025-02-19 22:45",NA,0
"2025-02-19 22:50",NA,0
"2025-02-19 22:55",NA,0
"2025-02-19 23:00",0.3,0
"2025-02-19 23:05",NA,0
"2025-02-19 23:10",NA,0
"2025-02-19 23:15",NA,0
"2025-02-19 23:20",NA,0
"2025-02-19 23:25",NA,0
"2025-02-19 23:30",0,0
"2025-02-19 23:35",NA,0
"2025-02-19 23:40",NA,0
"2025-02-19 23:45",NA,0
"2025-02-19 23:50",NA,0
"2025-02-19 23:55",NA,0
"2025-02-20 00:00",0,0
"2025-02-20 00:05",NA,0
"2025-02-20 00:10",NA,0
"2025-02-20 00:15",NA,0
"2025-02-20 00:20",NA,0
"2025-02-20 00:25",NA,0
"2025-02-20 00:30",0.1,0
"2025-02-20 00:35",NA,0
"2025-02-20 00:40",NA,0
"2025-02-20 00:45",NA,0
"2025-02-20 00:50",NA,0
"2025-02-20 00:55",NA,0
"2025-02-20 01:00",0.1,0
"2025-02-20 01:05",NA,0
"2025-02-20 01:10",NA,0
"2025-02-20 01:15",NA,0
"2025-02-20 01:20",NA,0
"2025-02-20 01:25",NA,0
"2025-02-20 01:30",0.1,0
"2025-02-20 01:35",NA,0
"2025-02-20 01:40",NA,0
"2025-02-20 01:45",NA,0
"2025-02-20 01:50",NA,0
"2025-02-20 01:55",NA,0
"2025-02-20 02:00",0,0
"2025-02-20 02:05",NA,0
"2025-02-20 02:10",NA,0
"2025-02-20 02:15",NA,0
"2025-02-20 02:20",NA,0
"2025-02-20 02:25",NA,0
"2025-02-20 02:30",0,0
"2025-02-20 02:35",NA,0
"2025-02-20 02:40",NA,0
"2025-02-20 02:45",NA,0
"2025-02-20 02:50",NA,0
"2025-02-20 02:55",NA,0
"2025-02-20 03:00",-0.1,0
"2025-02-20 03:05",NA,0
"2025-02-20 03:10",NA,0
"2025-02-20 03:15",NA,0
"2025-02-20 03:20",NA,0
"2025-02-20 03:25",NA,0
"2025-02-20 03:30",-0.2,0
"2025-02-20 03:35",NA,0
"2025-02-20 03:40",NA,0
"2025-02-20 03:45",NA,0
"2025-02-20 03:50",NA,0
"2025-02-20 03:55",NA,0
"2025-02-20 04:00",-0.4,0
"2025-02-20 04:05",NA,0
"2025-02-20 04:10",NA,0
"2025-02-20 04:15",NA,0
"2025-02-20 04:20",NA,0
"2025-02-20 04:25",NA,0
"2025-02-20 04:30",-0.5,0
"2025-02-20 04:35",NA,0
"2025-02-20 04:40",NA,0
"2025-02-20 04:45",NA,0
"2025-02-20 04:50",NA,0
"2025-02-20 04:55",NA,0
"2025-02-20 05:00",-0.7,0
"2025-02-20 05:05",NA,0
"2025-02-20 05:10",NA,0
"2025-02-20 05:15",NA,0
"2025-02-20 05:20",NA,0
"2025-02-20 05:25",NA,0
"2025-02-20 05:30",-0.8,0
"2025-02-20 05:35",NA,0
"2025-02-20 05:40",NA,0
"2025-02-20 05:45",NA,0
"2025-02-20 05:50",NA,0
"2025-02-20 05:55",NA,0
"2025-02-20 06:00",-1.1,0
"2025-02-20 06:05",NA,0
"2025-02-20 06:10",NA,0
"2025-02-20 06:15",NA,0
"2025-02-20 06:20",NA,0
"2025-02-20 06:25",NA,0
"2025-02-20 06:30",-1.1,0
"2025-02-20 06:35",NA,0
"2025-02-20 06:40",NA,0
"2025-02-20 06:45",NA,0
"2025-02-20 06:50",NA,0
"2025-02-20 06:55",NA,0
"2025-02-20 07:00",-0.4,0
"2025-02-20 07:05",NA,0
"2025-02-20 07:10",NA,0
"2025-02-20 07:15",NA,0
"2025-02-20 07:20",NA,0
"2025-02-20 07:25",NA,0
"2025-02-20 07:30",2.9,0
"2025-02-20 07:35",NA,0
"2025-02-20 07:40",NA,0
"2025-02-20 07:45",NA,0
"2025-02-20 07:50",NA,0
"2025-02-20 07:55",NA,0
"2025-02-20 08:00",6.8,0
"2025-02-20 08:05",NA,0
"2025-02-20 08:10",NA,0
"2025-02-20 08:15",NA,0
"2025-02-20 08:20",NA,0
"2025-02-20 08:25",NA,0
"2025-02-20 08:30",8.9,0
"2025-02-20 08:35",NA,0
"2025-02-20 08:40",NA,0
"2025-02-20 08:45",NA,0
"2025-02-20 08:50",NA,0
"2025-02-20 08:55",NA,0
"2025-02-20 09:00",12,0
"2025-02-20 09:05",NA,0
"2025-02-20 09:10",NA,0
"2025-02-20 09:15",NA,0
"2025-02-20 09:20",NA,0
"2025-02-20 09:25",NA,0
"2025-02-20 09:30",13.9,0
"2025-02-20 09:35",NA,0
"2025-02-20 09:40",NA,0
"2025-02-20 09:45",NA,0
"2025-02-20 09:50",NA,0
"2025-02-20 09:55",NA,0
"2025-02-20 10:00",13.199999,0
"2025-02-20 10:05",NA,0
"2025-02-20 10:10",NA,0
"2025-02-20 10:15",NA,0
"2025-02-20 10:20",NA,0
"2025-02-20 10:25",NA,0
"2025-02-20 10:30",14.199999,0
"2025-02-20 10:35",NA,0
"2025-02-20 10:40",NA,0
"2025-02-20 10:45",NA,0
"2025-02-20 10:50",NA,0
"2025-02-20 10:55",NA,0
"2025-02-20 11:00",13.299999,0
"2025-02-20 11:05",NA,0
"2025-02-20 11:10",NA,0
"2025-02-20 11:15",NA,0
"2025-02-20 11:20",NA,0
"2025-02-20 11:25",NA,0
"2025-02-20 11:30",11.4,0
"2025-02-20 11:35",NA,0
"2025-02-20 11:40",NA,0
"2025-02-20 11:45",NA,0
"2025-02-20 11:50",NA,0
"2025-02-20 11:55",NA,0
"2025-02-20 12:00",9.4,0
"2025-02-20 12:05",NA,0
"2025-02-20 12:10",NA,0
"2025-02-20 12:15",NA,0.23049899999998
"2025-02-20 12:20",NA,0.0344850000000179
"2025-02-20 12:25",NA,0.00601199999999835
"2025-02-20 12:30",7.4,0.00698900000000435
"2025-02-20 12:35",NA,0.00302099999998973
"2025-02-20 12:40",NA,0.00299100000000863
"2025-02-20 12:45",NA,0.0469970000000046
"2025-02-20 12:50",NA,0
"2025-02-20 12:55",NA,0
"2025-02-20 13:00",7.5,0
"2025-02-20 13:05",NA,0
"2025-02-20 13:10",NA,0
"2025-02-20 13:15",NA,0
"2025-02-20 13:20",NA,0
"2025-02-20 13:25",NA,0
"2025-02-20 13:30",6.7,0
"2025-02-20 13:35",NA,0
"2025-02-20 13:40",NA,0
"2025-02-20 13:45",NA,0
"2025-02-20 13:50",NA,0
"2025-02-20 13:55",NA,0
"2025-02-20 14:00",5.4,0
"2025-02-20 14:05",NA,0
"2025-02-20 14:10",NA,0.167021999999974
"2025-02-20 14:15",NA,0.33200100000002
"2025-02-20 14:20",NA,0.0879819999999825
"2025-02-20 14:25",NA,0.053009000000003
"2025-02-20 14:30",4,0
"2025-02-20 14:35",NA,0
"2025-02-20 14:40",NA,0
"2025-02-20 14:45",NA,0
"2025-02-20 14:50",NA,0
"2025-02-20 14:55",NA,0
"2025-02-20 15:00",3.7,0
"2025-02-20 15:05",NA,0
"2025-02-20 15:10",NA,0
"2025-02-20 15:15",NA,0
"2025-02-20 15:20",NA,0
"2025-02-20 15:25",NA,0
"2025-02-20 15:30",3.4,0
"2025-02-20 15:35",NA,0
"2025-02-20 15:40",NA,0
"2025-02-20 15:45",NA,0
"2025-02-20 15:50",NA,0
"2025-02-20 15:55",NA,0
"2025-02-20 16:00",3.1,0
"2025-02-20 16:05",NA,0
"2025-02-20 16:10",NA,0
"2025-02-20 16:15",NA,0
"2025-02-20 16:20",NA,0
"2025-02-20 16:25",NA,0
"2025-02-20 16:30",2.8,0
"2025-02-20 16:35",NA,0
"2025-02-20 16:40",NA,0
"2025-02-20 16:45",NA,0
"2025-02-20 16:50",NA,0
"2025-02-20 16:55",NA,0
"2025-02-20 17:00",2.2,0
"2025-02-20 17:05",NA,0
"2025-02-20 17:10",NA,0
"2025-02-20 17:15",NA,0
"2025-02-20 17:20",NA,0
"2025-02-20 17:25",NA,0
"2025-02-20 17:30",2,0
"2025-02-20 17:35",NA,0
"2025-02-20 17:40",NA,0
"2025-02-20 17:45",NA,0
"2025-02-20 17:50",NA,0
"2025-02-20 17:55",NA,0
"2025-02-20 18:00",1.4,0
"2025-02-20 18:05",NA,0
"2025-02-20 18:10",NA,0
"2025-02-20 18:15",NA,0
"2025-02-20 18:20",NA,0
"2025-02-20 18:25",NA,0
"2025-02-20 18:30",1.1,0
"2025-02-20 18:35",NA,0
"2025-02-20 18:40",NA,0
"2025-02-20 18:45",NA,0
"2025-02-20 18:50",NA,0
"2025-02-20 18:55",NA,0
"2025-02-20 19:00",0.8,0
"2025-02-20 19:05",NA,0
"2025-02-20 19:10",NA,0
"2025-02-20 19:15",NA,0
"2025-02-20 19:20",NA,0
"2025-02-20 19:25",NA,0
"2025-02-20 19:30",0.7,0
"2025-02-20 19:35",NA,0
"2025-02-20 19:40",NA,0
"2025-02-20 19:45",NA,0
"2025-02-20 19:50",NA,0
"2025-02-20 19:55",NA,0
"2025-02-20 20:00",0.6,0
"2025-02-20 20:05",NA,0
"2025-02-20 20:10",NA,0
"2025-02-20 20:15",NA,0
"2025-02-20 20:20",NA,0
"2025-02-20 20:25",NA,0.0574960000000146
"2025-02-20 20:30",0.5,0.0989989999999921
"2025-02-20 20:35",NA,0.0289909999999907
"2025-02-20 20:40",NA,0.0054930000000013
"2025-02-20 20:45",NA,0
"2025-02-20 20:50",NA,0
"2025-02-20 20:55",NA,0
"2025-02-20 21:00",0.5,0
"2025-02-20 21:05",NA,0
"2025-02-20 21:10",NA,0
"2025-02-20 21:15",NA,0
"2025-02-20 21:20",NA,0
"2025-02-20 21:25",NA,0
"2025-02-20 21:30",0.2,0
"2025-02-20 21:35",NA,0
"2025-02-20 21:40",NA,0
"2025-02-20 21:45",NA,0
"2025-02-20 21:50",NA,0
"2025-02-20 21:55",NA,0
"2025-02-20 22:00",0.1,0
"2025-02-20 22:05",NA,0
"2025-02-20 22:10",NA,0
"2025-02-20 22:15",NA,0
"2025-02-20 22:20",NA,0
"2025-02-20 22:25",NA,0
"2025-02-20 22:30",-0.1,0
"2025-02-20 22:35",NA,0
"2025-02-20 22:40",NA,0
"2025-02-20 22:45",NA,0
"2025-02-20 22:50",NA,0
"2025-02-20 22:55",NA,0
"2025-02-20 23:00",-0.4,0
"2025-02-20 23:05",NA,0
"2025-02-20 23:10",NA,0
"2025-02-20 23:15",NA,0
"2025-02-20 23:20",NA,0
"2025-02-20 23:25",NA,0
"2025-02-20 23:30",-0.5,0
"2025-02-20 23:35",NA,0
"2025-02-20 23:40",NA,0
"2025-02-20 23:45",NA,0
"2025-02-20 23:50",NA,0
"2025-02-20 23:55",NA,0
"2025-02-21 00:00",-0.3,0
"2025-02-21 00:05",NA,0
"2025-02-21 00:10",NA,0
"2025-02-21 00:15",NA,0
"2025-02-21 00:20",NA,0
"2025-02-21 00:25",NA,0
"2025-02-21 00:30",-0.6,0
"2025-02-21 00:35",NA,0
"2025-02-21 00:40",NA,0
"2025-02-21 00:45",NA,0
"2025-02-21 00:50",NA,0
"2025-02-21 00:55",NA,0
"2025-02-21 01:00",-0.5,0
"2025-02-21 01:05",NA,0
"2025-02-21 01:10",NA,0
"2025-02-21 01:15",NA,0
"2025-02-21 01:20",NA,0
"2025-02-21 01:25",NA,0
"2025-02-21 01:30",-0.9,0
"2025-02-21 01:35",NA,0
"2025-02-21 01:40",NA,0
"2025-02-21 01:45",NA,0
"2025-02-21 01:50",NA,0
"2025-02-21 01:55",NA,0
"2025-02-21 02:00",-0.7,0
"2025-02-21 02:05",NA,0
"2025-02-21 02:10",NA,0
"2025-02-21 02:15",NA,0
"2025-02-21 02:20",NA,0
"2025-02-21 02:25",NA,0
"2025-02-21 02:30",-0.8,0
"2025-02-21 02:35",NA,0
"2025-02-21 02:40",NA,0
"2025-02-21 02:45",NA,0
"2025-02-21 02:50",NA,0
"2025-02-21 02:55",NA,0
"2025-02-21 03:00",-0.9,0
"2025-02-21 03:05",NA,0
"2025-02-21 03:10",NA,0
"2025-02-21 03:15",NA,0
"2025-02-21 03:20",NA,0
"2025-02-21 03:25",NA,0
"2025-02-21 03:30",-1,0
"2025-02-21 03:35",NA,0
"2025-02-21 03:40",NA,0
"2025-02-21 03:45",NA,0
"2025-02-21 03:50",NA,0
"2025-02-21 03:55",NA,0
"2025-02-21 04:00",-1.2,0
"2025-02-21 04:05",NA,0
"2025-02-21 04:10",NA,0
"2025-02-21 04:15",NA,0
"2025-02-21 04:20",NA,0
"2025-02-21 04:25",NA,0
"2025-02-21 04:30",-1.1,0
"2025-02-21 04:35",NA,0
"2025-02-21 04:40",NA,0
"2025-02-21 04:45",NA,0
"2025-02-21 04:50",NA,0
"2025-02-21 04:55",NA,0
"2025-02-21 05:00",-1.2,0
"2025-02-21 05:05",NA,0
"2025-02-21 05:10",NA,0
"2025-02-21 05:15",NA,0
"2025-02-21 05:20",NA,0
"2025-02-21 05:25",NA,0
"2025-02-21 05:30",-1.7,0
"2025-02-21 05:35",NA,0
"2025-02-21 05:40",NA,0
"2025-02-21 05:45",NA,0
"2025-02-21 05:50",NA,0
"2025-02-21 05:55",NA,0
"2025-02-21 06:00",-2,0
"2025-02-21 06:05",NA,0
"2025-02-21 06:10",NA,0
"2025-02-21 06:15",NA,0
"2025-02-21 06:20",NA,0
"2025-02-21 06:25",NA,0
"2025-02-21 06:30",-1.9,0
"2025-02-21 06:35",NA,0
"2025-02-21 06:40",NA,0
"2025-02-21 06:45",NA,0
"2025-02-21 06:50",NA,0
"2025-02-21 06:55",NA,0
"2025-02-21 07:00",-1.4,0
"2025-02-21 07:05",NA,0
"2025-02-21 07:10",NA,0
"2025-02-21 07:15",NA,0
"2025-02-21 07:20",NA,0
"2025-02-21 07:25",NA,0
"2025-02-21 07:30",2.9,0
"2025-02-21 07:35",NA,0
"2025-02-21 07:40",NA,0
"2025-02-21 07:45",NA,0
"2025-02-21 07:50",NA,0
"2025-02-21 07:55",NA,0
"2025-02-21 08:00",6.599999,0
"2025-02-21 08:05",NA,0
"2025-02-21 08:10",NA,0
"2025-02-21 08:15",NA,0
"2025-02-21 08:20",NA,0
"2025-02-21 08:25",NA,0
"2025-02-21 08:30",7.8,0
"2025-02-21 08:35",NA,0
"2025-02-21 08:40",NA,0
"2025-02-21 08:45",NA,0
"2025-02-21 08:50",NA,0
"2025-02-21 08:55",NA,0
"2025-02-21 09:00",8.4,0
"2025-02-21 09:05",NA,0
"2025-02-21 09:10",NA,0
"2025-02-21 09:15",NA,0
"2025-02-21 09:20",NA,0
"2025-02-21 09:25",NA,0
"2025-02-21 09:30",9.4,0
"2025-02-21 09:35",NA,0
"2025-02-21 09:40",NA,0
"2025-02-21 09:45",NA,0
"2025-02-21 09:50",NA,0
"2025-02-21 09:55",NA,0
"2025-02-21 10:00",10.1,0
"2025-02-21 10:05",NA,0
"2025-02-21 10:10",NA,0
"2025-02-21 10:15",NA,0
"2025-02-21 10:20",NA,0
"2025-02-21 10:25",NA,0
"2025-02-21 10:30",11.1,0
"2025-02-21 10:35",NA,0
"2025-02-21 10:40",NA,0
"2025-02-21 10:45",NA,0
"2025-02-21 10:50",NA,0
"2025-02-21 10:55",NA,0
"2025-02-21 11:00",11.199999,0
"2025-02-21 11:05",NA,0
"2025-02-21 11:10",NA,0
"2025-02-21 11:15",NA,0
"2025-02-21 11:20",NA,0
"2025-02-21 11:25",NA,0
"2025-02-21 11:30",10.9,0
"2025-02-21 11:35",NA,0
"2025-02-21 11:40",NA,0
"2025-02-21 11:45",NA,0
"2025-02-21 11:50",NA,0
"2025-02-21 11:55",NA,0
"2025-02-21 12:00",11.6,0
"2025-02-21 12:05",NA,0
"2025-02-21 12:10",NA,0
"2025-02-21 12:15",NA,0
"2025-02-21 12:20",NA,0
"2025-02-21 12:25",NA,0
"2025-02-21 12:30",12.299999,0
"2025-02-21 12:35",NA,0
"2025-02-21 12:40",NA,0
"2025-02-21 12:45",NA,0
"2025-02-21 12:50",NA,0
"2025-02-21 12:55",NA,0
"2025-02-21 13:00",11.9,0
"2025-02-21 13:05",NA,0
"2025-02-21 13:10",NA,0
"2025-02-21 13:15",NA,0
"2025-02-21 13:20",NA,0
"2025-02-21 13:25",NA,0
"2025-02-21 13:30",12.4,0
"2025-02-21 13:35",NA,0
"2025-02-21 13:40",NA,0
"2025-02-21 13:45",NA,0.235016000000002
"2025-02-21 13:50",NA,0.325989000000021
"2025-02-21 13:55",NA,0.13052399999998
"2025-02-21 14:00",9,0.0344850000000179
"2025-02-21 14:05",NA,0.00750699999997551
"2025-02-21 14:10",NA,0.0285030000000006
"2025-02-21 14:15",NA,0.0199890000000096
"2025-02-21 14:20",NA,0
"2025-02-21 14:25",NA,0
"2025-02-21 14:30",6.2,0
"2025-02-21 14:35",NA,0
"2025-02-21 14:40",NA,0
"2025-02-21 14:45",NA,0
"2025-02-21 14:50",NA,0
"2025-02-21 14:55",NA,0
"2025-02-21 15:00",5.7,0
"2025-02-21 15:05",NA,0
"2025-02-21 15:10",NA,0
"2025-02-21 15:15",NA,0
"2025-02-21 15:20",NA,0
"2025-02-21 15:25",NA,0
"2025-02-21 15:30",6,0
"2025-02-21 15:35",NA,0
"2025-02-21 15:40",NA,0
"2025-02-21 15:45",NA,0
"2025-02-21 15:50",NA,0
"2025-02-21 15:55",NA,0
"2025-02-21 16:00",6.2,0
"2025-02-21 16:05",NA,0
"2025-02-21 16:10",NA,0
"2025-02-21 16:15",NA,0
"2025-02-21 16:20",NA,0
"2025-02-21 16:25",NA,0
"2025-02-21 16:30",6.8,0
"2025-02-21 16:35",NA,0
"2025-02-21 16:40",NA,0
"2025-02-21 16:45",NA,0
"2025-02-21 16:50",NA,0
"2025-02-21 16:55",NA,0
"2025-02-21 17:00",6.8,0
"2025-02-21 17:05",NA,0
"2025-02-21 17:10",NA,0
"2025-02-21 17:15",NA,0
"2025-02-21 17:20",NA,0
"2025-02-21 17:25",NA,0
"2025-02-21 17:30",5.4,0
"2025-02-21 17:35",NA,0
"2025-02-21 17:40",NA,0
"2025-02-21 17:45",NA,0
"2025-02-21 17:50",NA,0
"2025-02-21 17:55",NA,0
"2025-02-21 18:00",4.9,0
"2025-02-21 18:05",NA,0
"2025-02-21 18:10",NA,0
"2025-02-21 18:15",NA,0
"2025-02-21 18:20",NA,0
"2025-02-21 18:25",NA,0
"2025-02-21 18:30",4.099999,0
"2025-02-21 18:35",NA,0
"2025-02-21 18:40",NA,0
"2025-02-21 18:45",NA,0
"2025-02-21 18:50",NA,0
"2025-02-21 18:55",NA,0
"2025-02-21 19:00",3.6,0
"2025-02-21 19:05",NA,0
"2025-02-21 19:10",NA,0
"2025-02-21 19:15",NA,0
"2025-02-21 19:20",NA,0
"2025-02-21 19:25",NA,0
"2025-02-21 19:30",3,0
"2025-02-21 19:35",NA,0
"2025-02-21 19:40",NA,0
"2025-02-21 19:45",NA,0
"2025-02-21 19:50",NA,0
"2025-02-21 19:55",NA,0
"2025-02-21 20:00",2.8,0
"2025-02-21 20:05",NA,0
"2025-02-21 20:10",NA,0
"2025-02-21 20:15",NA,0
"2025-02-21 20:20",NA,0
"2025-02-21 20:25",NA,0
"2025-02-21 20:30",2.5,0
"2025-02-21 20:35",NA,0
"2025-02-21 20:40",NA,0
"2025-02-21 20:45",NA,0
"2025-02-21 20:50",NA,0
"2025-02-21 20:55",NA,0
"2025-02-21 21:00",2.4,0
"2025-02-21 21:05",NA,0
"2025-02-21 21:10",NA,0
"2025-02-21 21:15",NA,0.053009000000003
"2025-02-21 21:20",NA,0.072480000000013
"2025-02-21 21:25",NA,0.0285030000000006
"2025-02-21 21:30",1.8,0.00399799999999573
"2025-02-21 21:35",NA,0
"2025-02-21 21:40",NA,0
"2025-02-21 21:45",NA,0
"2025-02-21 21:50",NA,0
"2025-02-21 21:55",NA,0.124511999999982
"2025-02-21 22:00",1.2,0.101012999999995
"2025-02-21 22:05",NA,0.0969850000000179
"2025-02-21 22:10",NA,0.123016000000007
"2025-02-21 22:15",NA,0.260497999999984
"2025-02-21 22:20",NA,0.390991000000014
"2025-02-21 22:25",NA,0.324005
"2025-02-21 22:30",0.9,0.121003000000002
"2025-02-21 22:35",NA,0.0589899999999943
"2025-02-21 22:40",NA,0.0325009999999963
"2025-02-21 22:45",NA,0.00149600000000305
"2025-02-21 22:50",NA,0
"2025-02-21 22:55",NA,0
"2025-02-21 23:00",0.8,0
"2025-02-21 23:05",NA,0
"2025-02-21 23:10",NA,0
"2025-02-21 23:15",NA,0
"2025-02-21 23:20",NA,0
"2025-02-21 23:25",NA,0
"2025-02-21 23:30",0.6,0
"2025-02-21 23:35",NA,0
"2025-02-21 23:40",NA,0
"2025-02-21 23:45",NA,0
"2025-02-21 23:50",NA,0
"2025-02-21 23:55",NA,0
"2025-02-22 00:00",0.3,0
"2025-02-22 00:05",NA,0
"2025-02-22 00:10",NA,0
"2025-02-22 00:15",NA,0
"2025-02-22 00:20",NA,0
"2025-02-22 00:25",NA,0
"2025-02-22 00:30",-0.1,0
"2025-02-22 00:35",NA,0
"2025-02-22 00:40",NA,0
"2025-02-22 00:45",NA,0
"2025-02-22 00:50",NA,0
"2025-02-22 00:55",NA,0
"2025-02-22 01:00",-0.4,0
"2025-02-22 01:05",NA,0
"2025-02-22 01:10",NA,0
"2025-02-22 01:15",NA,0
"2025-02-22 01:20",NA,0
"2025-02-22 01:25",NA,0
"2025-02-22 01:30",-0.5,0
"2025-02-22 01:35",NA,0
"2025-02-22 01:40",NA,0
"2025-02-22 01:45",NA,0
"2025-02-22 01:50",NA,0
"2025-02-22 01:55",NA,0
"2025-02-22 02:00",-0.5,0
"2025-02-22 02:05",NA,0
"2025-02-22 02:10",NA,0
"2025-02-22 02:15",NA,0
"2025-02-22 02:20",NA,0
"2025-02-22 02:25",NA,0
"2025-02-22 02:30",-0.2,0
"2025-02-22 02:35",NA,0
"2025-02-22 02:40",NA,0
"2025-02-22 02:45",NA,0
"2025-02-22 02:50",NA,0
"2025-02-22 02:55",NA,0
"2025-02-22 03:00",-0.3,0
"2025-02-22 03:05",NA,0
"2025-02-22 03:10",NA,0
"2025-02-22 03:15",NA,0
"2025-02-22 03:20",NA,0
"2025-02-22 03:25",NA,0
"2025-02-22 03:30",-0.4,0
"2025-02-22 03:35",NA,0
"2025-02-22 03:40",NA,0
"2025-02-22 03:45",NA,0
"2025-02-22 03:50",NA,0
"2025-02-22 03:55",NA,0
"2025-02-22 04:00",-0.1,0
"2025-02-22 04:05",NA,0
"2025-02-22 04:10",NA,0
"2025-02-22 04:15",NA,0
"2025-02-22 04:20",NA,0
"2025-02-22 04:25",NA,0
"2025-02-22 04:30",0.1,0
"2025-02-22 04:35",NA,0
"2025-02-22 04:40",NA,0
"2025-02-22 04:45",NA,0
"2025-02-22 04:50",NA,0
"2025-02-22 04:55",NA,0
"2025-02-22 05:00",-0.1,0
"2025-02-22 05:05",NA,0
"2025-02-22 05:10",NA,0
"2025-02-22 05:15",NA,0
"2025-02-22 05:20",NA,0
"2025-02-22 05:25",NA,0
"2025-02-22 05:30",0.2,0
"2025-02-22 05:35",NA,0
"2025-02-22 05:40",NA,0
"2025-02-22 05:45",NA,0
"2025-02-22 05:50",NA,0
"2025-02-22 05:55",NA,0
"2025-02-22 06:00",0.2,0
"2025-02-22 06:05",NA,0
"2025-02-22 06:10",NA,0
"2025-02-22 06:15",NA,0
"2025-02-22 06:20",NA,0
"2025-02-22 06:25",NA,0
"2025-02-22 06:30",0.3,0
"2025-02-22 06:35",NA,0
"2025-02-22 06:40",NA,0
"2025-02-22 06:45",NA,0
"2025-02-22 06:50",NA,0
"2025-02-22 06:55",NA,0.0599970000000098
"2025-02-22 07:00",0.5,0.239013999999997
"2025-02-22 07:05",NA,0.119506999999999
"2025-02-22 07:10",NA,0.0589899999999943
"2025-02-22 07:15",NA,0.0144960000000083
"2025-02-22 07:20",NA,0.0195009999999911
"2025-02-22 07:25",NA,0.0254819999999825
"2025-02-22 07:30",0.9,0.0720210000000066
"2025-02-22 07:35",NA,0.128997999999996
"2025-02-22 07:40",NA,0.0384830000000136
"2025-02-22 07:45",NA,0.0275269999999921
"2025-02-22 07:50",NA,0.0189819999999941
"2025-02-22 07:55",NA,0.0174860000000194
"2025-02-22 08:00",1.7,0.00952200000000403
"2025-02-22 08:05",NA,0.00799499999999398
"2025-02-22 08:10",NA,0.0130010000000027
"2025-02-22 08:15",NA,0.00500499999998283
"2025-02-22 08:20",NA,0.000976000000008526
"2025-02-22 08:25",NA,0
"2025-02-22 08:30",2.8,0
"2025-02-22 08:35",NA,0
"2025-02-22 08:40",NA,0
"2025-02-22 08:45",NA,0
"2025-02-22 08:50",NA,0
"2025-02-22 08:55",NA,0
"2025-02-22 09:00",4.3,0
"2025-02-22 09:05",NA,0
"2025-02-22 09:10",NA,0
"2025-02-22 09:15",NA,0
"2025-02-22 09:20",NA,0
"2025-02-22 09:25",NA,0
"2025-02-22 09:30",5.5,0
"2025-02-22 09:35",NA,0
"2025-02-22 09:40",NA,0
"2025-02-22 09:45",NA,0
"2025-02-22 09:50",NA,0
"2025-02-22 09:55",NA,0
"2025-02-22 10:00",5.9,0
"2025-02-22 10:05",NA,0
"2025-02-22 10:10",NA,0
"2025-02-22 10:15",NA,0
"2025-02-22 10:20",NA,0
"2025-02-22 10:25",NA,0
"2025-02-22 10:30",8,0
"2025-02-22 10:35",NA,0
"2025-02-22 10:40",NA,0
"2025-02-22 10:45",NA,0
"2025-02-22 10:50",NA,0
"2025-02-22 10:55",NA,0
"2025-02-22 11:00",7.5,0
"2025-02-22 11:05",NA,0
"2025-02-22 11:10",NA,0
"2025-02-22 11:15",NA,0
"2025-02-22 11:20",NA,0
"2025-02-22 11:25",NA,0.299012000000005
"2025-02-22 11:30",6.3,0.121002000000004
"2025-02-22 11:35",NA,0.0955199999999934
"2025-02-22 11:40",NA,0.026976999999988
"2025-02-22 11:45",NA,0.0045170000000212
"2025-02-22 11:50",NA,0.000975999999980104
"2025-02-22 11:55",NA,0
"2025-02-22 12:00",6,0
"2025-02-22 12:05",NA,0
"2025-02-22 12:10",NA,0
"2025-02-22 12:15",NA,0
"2025-02-22 12:20",NA,0
"2025-02-22 12:25",NA,0
"2025-02-22 12:30",8.1,0
"2025-02-22 12:35",NA,0
"2025-02-22 12:40",NA,0
"2025-02-22 12:45",NA,0
"2025-02-22 12:50",NA,0
"2025-02-22 12:55",NA,0
"2025-02-22 13:00",9,0
"2025-02-22 13:05",NA,0
"2025-02-22 13:10",NA,0
"2025-02-22 13:15",NA,0
"2025-02-22 13:20",NA,0
"2025-02-22 13:25",NA,0.231019000000003
"2025-02-22 13:30",8.799999,0.781981999999999
"2025-02-22 13:35",NA,0.411011000000002
"2025-02-22 13:40",NA,0.255005000000011
"2025-02-22 13:45",NA,0.216003000000001
"2025-02-22 13:50",NA,0.457977
"2025-02-22 13:55",NA,0.134522000000004
"2025-02-22 14:00",4.7,0.00799499999999398
"2025-02-22 14:05",NA,0.00448599999998578
"2025-02-22 14:10",NA,0
"2025-02-22 14:15",NA,0
"2025-02-22 14:20",NA,0
"2025-02-22 14:25",NA,0
"2025-02-22 14:30",3.7,0
"2025-02-22 14:35",NA,0
"2025-02-22 14:40",NA,0
"2025-02-22 14:45",NA,0
"2025-02-22 14:50",NA,0
"2025-02-22 14:55",NA,0
"2025-02-22 15:00",6.3,0
"2025-02-22 15:05",NA,0
"2025-02-22 15:10",NA,0
"2025-02-22 15:15",NA,0
"2025-02-22 15:20",NA,0.460022000000009
"2025-02-22 15:25",NA,0.113495
"2025-02-22 15:30",4.9,0.0180059999999855
"2025-02-22 15:35",NA,0.010009000000025
"2025-02-22 15:40",NA,0.00549399999999878
"2025-02-22 15:45",NA,0
"2025-02-22 15:50",NA,0
"2025-02-22 15:55",NA,0
"2025-02-22 16:00",3.7,0
"2025-02-22 16:05",NA,0
"2025-02-22 16:10",NA,0
"2025-02-22 16:15",NA,0
"2025-02-22 16:20",NA,0
"2025-02-22 16:25",NA,0
"2025-02-22 16:30",4.3,0
"2025-02-22 16:35",NA,0.217986999999994
"2025-02-22 16:40",NA,0.0199890000000096
"2025-02-22 16:45",NA,0.0020139999999742
"2025-02-22 16:50",NA,0
"2025-02-22 16:55",NA,0
"2025-02-22 17:00",4.099999,0
"2025-02-22 17:05",NA,0
"2025-02-22 17:10",NA,0
"2025-02-22 17:15",NA,0
"2025-02-22 17:20",NA,0
"2025-02-22 17:25",NA,0
"2025-02-22 17:30",4.8,0
"2025-02-22 17:35",NA,0
"2025-02-22 17:40",NA,0
"2025-02-22 17:45",NA,0
"2025-02-22 17:50",NA,0
"2025-02-22 17:55",NA,0
"2025-02-22 18:00",4.099999,0
"2025-02-22 18:05",NA,0
"2025-02-22 18:10",NA,0.23550400000002
"2025-02-22 18:15",NA,1.18798799999999
"2025-02-22 18:20",NA,0.438996000000003
"2025-02-22 18:25",NA,0.178527000000003
"2025-02-22 18:30",3.1,0.0229799999999898
"2025-02-22 18:35",NA,0
"2025-02-22 18:40",NA,0
"2025-02-22 18:45",NA,0
"2025-02-22 18:50",NA,0
"2025-02-22 18:55",NA,0
"2025-02-22 19:00",2.1,0
"2025-02-22 19:05",NA,0
"2025-02-22 19:10",NA,0
"2025-02-22 19:15",NA,0
"2025-02-22 19:20",NA,0
"2025-02-22 19:25",NA,0
"2025-02-22 19:30",1.7,0
"2025-02-22 19:35",NA,0
"2025-02-22 19:40",NA,0
"2025-02-22 19:45",NA,0
"2025-02-22 19:50",NA,0
"2025-02-22 19:55",NA,0
"2025-02-22 20:00",1.5,0
"2025-02-22 20:05",NA,0
"2025-02-22 20:10",NA,0
"2025-02-22 20:15",NA,0
"2025-02-22 20:20",NA,0
"2025-02-22 20:25",NA,0
"2025-02-22 20:30",1.5,0
"2025-02-22 20:35",NA,0
"2025-02-22 20:40",NA,0
"2025-02-22 20:45",NA,0
"2025-02-22 20:50",NA,0
"2025-02-22 20:55",NA,0
"2025-02-22 21:00",1.2,0
"2025-02-22 21:05",NA,0
"2025-02-22 21:10",NA,0
"2025-02-22 21:15",NA,0
"2025-02-22 21:20",NA,0
"2025-02-22 21:25",NA,0
"2025-02-22 21:30",1.1,0
"2025-02-22 21:35",NA,0
"2025-02-22 21:40",NA,0
"2025-02-22 21:45",NA,0
"2025-02-22 21:50",NA,0
"2025-02-22 21:55",NA,0
"2025-02-22 22:00",1.2,0
"2025-02-22 22:05",NA,0
"2025-02-22 22:10",NA,0
"2025-02-22 22:15",NA,0
"2025-02-22 22:20",NA,0
"2025-02-22 22:25",NA,0
"2025-02-22 22:30",1.5,0
"2025-02-22 22:35",NA,0
"2025-02-22 22:40",NA,0
"2025-02-22 22:45",NA,0
"2025-02-22 22:50",NA,0
"2025-02-22 22:55",NA,0
"2025-02-22 23:00",1.4,0
"2025-02-22 23:05",NA,0
"2025-02-22 23:10",NA,0
"2025-02-22 23:15",NA,0
"2025-02-22 23:20",NA,0
"2025-02-22 23:25",NA,0
"2025-02-22 23:30",1.5,0
"2025-02-22 23:35",NA,0
"2025-02-22 23:40",NA,0
"2025-02-22 23:45",NA,0
"2025-02-22 23:50",NA,0
"2025-02-22 23:55",NA,0
"2025-02-23 00:00",1.5,0
"2025-02-23 00:05",NA,0
"2025-02-23 00:10",NA,0
"2025-02-23 00:15",NA,0
"2025-02-23 00:20",NA,0
"2025-02-23 00:25",NA,0
"2025-02-23 00:30",1.5,0
"2025-02-23 00:35",NA,0
"2025-02-23 00:40",NA,0
"2025-02-23 00:45",NA,0
"2025-02-23 00:50",NA,0
"2025-02-23 00:55",NA,0
"2025-02-23 01:00",1.4,0
"2025-02-23 01:05",NA,0
"2025-02-23 01:10",NA,0
"2025-02-23 01:15",NA,0
"2025-02-23 01:20",NA,0
"2025-02-23 01:25",NA,0
"2025-02-23 01:30",1.2,0
"2025-02-23 01:35",NA,0
"2025-02-23 01:40",NA,0
"2025-02-23 01:45",NA,0
"2025-02-23 01:50",NA,0
"2025-02-23 01:55",NA,0
"2025-02-23 02:00",1.2,0
"2025-02-23 02:05",NA,0
"2025-02-23 02:10",NA,0
"2025-02-23 02:15",NA,0
"2025-02-23 02:20",NA,0
"2025-02-23 02:25",NA,0
"2025-02-23 02:30",1,0
"2025-02-23 02:35",NA,0
"2025-02-23 02:40",NA,0
"2025-02-23 02:45",NA,0
"2025-02-23 02:50",NA,0
"2025-02-23 02:55",NA,0
"2025-02-23 03:00",0.8,0
"2025-02-23 03:05",NA,0
"2025-02-23 03:10",NA,0
"2025-02-23 03:15",NA,0
"2025-02-23 03:20",NA,0
"2025-02-23 03:25",NA,0
"2025-02-23 03:30",0.5,0
"2025-02-23 03:35",NA,0
"2025-02-23 03:40",NA,0
"2025-02-23 03:45",NA,0
"2025-02-23 03:50",NA,0
"2025-02-23 03:55",NA,0
"2025-02-23 04:00",0.1,0
"2025-02-23 04:05",NA,0
"2025-02-23 04:10",NA,0
"2025-02-23 04:15",NA,0
"2025-02-23 04:20",NA,0
"2025-02-23 04:25",NA,0
"2025-02-23 04:30",-0.1,0
"2025-02-23 04:35",NA,0
"2025-02-23 04:40",NA,0
"2025-02-23 04:45",NA,0
"2025-02-23 04:50",NA,0
"2025-02-23 04:55",NA,0
"2025-02-23 05:00",-0.6,0
"2025-02-23 05:05",NA,0
"2025-02-23 05:10",NA,0
"2025-02-23 05:15",NA,0
"2025-02-23 05:20",NA,0
"2025-02-23 05:25",NA,0
"2025-02-23 05:30",-1,0
"2025-02-23 05:35",NA,0
"2025-02-23 05:40",NA,0
"2025-02-23 05:45",NA,0
"2025-02-23 05:50",NA,0
"2025-02-23 05:55",NA,0
"2025-02-23 06:00",-0.8,0
"2025-02-23 06:05",NA,0
"2025-02-23 06:10",NA,0
"2025-02-23 06:15",NA,0
"2025-02-23 06:20",NA,0
"2025-02-23 06:25",NA,0
"2025-02-23 06:30",-0.7,0
"2025-02-23 06:35",NA,0
"2025-02-23 06:40",NA,0
"2025-02-23 06:45",NA,0
"2025-02-23 06:50",NA,0
"2025-02-23 06:55",NA,0
"2025-02-23 07:00",-0.2,0
"2025-02-23 07:05",NA,0
"2025-02-23 07:10",NA,0
"2025-02-23 07:15",NA,0
"2025-02-23 07:20",NA,0
"2025-02-23 07:25",NA,0
"2025-02-23 07:30",3.2,0
"2025-02-23 07:35",NA,0
"2025-02-23 07:40",NA,0
"2025-02-23 07:45",NA,0
"2025-02-23 07:50",NA,0
"2025-02-23 07:55",NA,0
"2025-02-23 08:00",5.599999,0
"2025-02-23 08:05",NA,0
"2025-02-23 08:10",NA,0
"2025-02-23 08:15",NA,0
"2025-02-23 08:20",NA,0
"2025-02-23 08:25",NA,0
"2025-02-23 08:30",7.5,0
"2025-02-23 08:35",NA,0
"2025-02-23 08:40",NA,0
"2025-02-23 08:45",NA,0
"2025-02-23 08:50",NA,0
"2025-02-23 08:55",NA,0
"2025-02-23 09:00",8.1,0
"2025-02-23 09:05",NA,0
"2025-02-23 09:10",NA,0
"2025-02-23 09:15",NA,0
"2025-02-23 09:20",NA,0
"2025-02-23 09:25",NA,0
"2025-02-23 09:30",8.4,0
"2025-02-23 09:35",NA,0
"2025-02-23 09:40",NA,0
"2025-02-23 09:45",NA,0
"2025-02-23 09:50",NA,0
"2025-02-23 09:55",NA,0
"2025-02-23 10:00",8,0
"2025-02-23 10:05",NA,0
"2025-02-23 10:10",NA,0
"2025-02-23 10:15",NA,0
"2025-02-23 10:20",NA,0
"2025-02-23 10:25",NA,0
"2025-02-23 10:30",7.599999,0
"2025-02-23 10:35",NA,0
"2025-02-23 10:40",NA,0
"2025-02-23 10:45",NA,0
"2025-02-23 10:50",NA,0
"2025-02-23 10:55",NA,0
"2025-02-23 11:00",7.7,0
"2025-02-23 11:05",NA,0
"2025-02-23 11:10",NA,0
"2025-02-23 11:15",NA,0
"2025-02-23 11:20",NA,0
"2025-02-23 11:25",NA,0
"2025-02-23 11:30",7.599999,0
"2025-02-23 11:35",NA,0
"2025-02-23 11:40",NA,0
"2025-02-23 11:45",NA,0
"2025-02-23 11:50",NA,0
"2025-02-23 11:55",NA,0
"2025-02-23 12:00",10.299999,0
"2025-02-23 12:05",NA,0
"2025-02-23 12:10",NA,0
"2025-02-23 12:15",NA,0
"2025-02-23 12:20",NA,0
"2025-02-23 12:25",NA,0
"2025-02-23 12:30",11.699999,0
"2025-02-23 12:35",NA,0
"2025-02-23 12:40",NA,0
"2025-02-23 12:45",NA,0
"2025-02-23 12:50",NA,0
"2025-02-23 12:55",NA,0
"2025-02-23 13:00",10,0
"2025-02-23 13:05",NA,0
"2025-02-23 13:10",NA,0
"2025-02-23 13:15",NA,0
"2025-02-23 13:20",NA,0
"2025-02-23 13:25",NA,0
"2025-02-23 13:30",10.799999,0
"2025-02-23 13:35",NA,0
"2025-02-23 13:40",NA,0
"2025-02-23 13:45",NA,0.120514000000014
"2025-02-23 13:50",NA,0.0224919999999997
"2025-02-23 13:55",NA,0
"2025-02-23 14:00",10.1,0
"2025-02-23 14:05",NA,0
"2025-02-23 14:10",NA,0
"2025-02-23 14:15",NA,0
"2025-02-23 14:20",NA,0
"2025-02-23 14:25",NA,0
"2025-02-23 14:30",10,0
"2025-02-23 14:35",NA,0
"2025-02-23 14:40",NA,0
"2025-02-23 14:45",NA,0
"2025-02-23 14:50",NA,0
"2025-02-23 14:55",NA,0
"2025-02-23 15:00",10.799999,0
"2025-02-23 15:05",NA,0
"2025-02-23 15:10",NA,0
"2025-02-23 15:15",NA,0
"2025-02-23 15:20",NA,0
"2025-02-23 15:25",NA,0.0750119999999868
"2025-02-23 15:30",9.5,0.838501000000008
"2025-02-23 15:35",NA,0.414489000000003
"2025-02-23 15:40",NA,0.00500499999998283
"2025-02-23 15:45",NA,0
"2025-02-23 15:50",NA,0
"2025-02-23 15:55",NA,0
"2025-02-23 16:00",7.099999,0
"2025-02-23 16:05",NA,0
"2025-02-23 16:10",NA,0
"2025-02-23 16:15",NA,0
"2025-02-23 16:20",NA,0
"2025-02-23 16:25",NA,0
"2025-02-23 16:30",5.599999,0
"2025-02-23 16:35",NA,0
"2025-02-23 16:40",NA,0
"2025-02-23 16:45",NA,0
"2025-02-23 16:50",NA,0
"2025-02-23 16:55",NA,0
"2025-02-23 17:00",5,0
"2025-02-23 17:05",NA,0
"2025-02-23 17:10",NA,0
"2025-02-23 17:15",NA,0
"2025-02-23 17:20",NA,0
"2025-02-23 17:25",NA,0
"2025-02-23 17:30",4.599999,0
"2025-02-23 17:35",NA,0
"2025-02-23 17:40",NA,0
"2025-02-23 17:45",NA,0
"2025-02-23 17:50",NA,0
"2025-02-23 17:55",NA,0
"2025-02-23 18:00",4,0
"2025-02-23 18:05",NA,0
"2025-02-23 18:10",NA,0
"2025-02-23 18:15",NA,0
"2025-02-23 18:20",NA,0
"2025-02-23 18:25",NA,0
"2025-02-23 18:30",3.4,0
"2025-02-23 18:35",NA,0
"2025-02-23 18:40",NA,0
"2025-02-23 18:45",NA,0
"2025-02-23 18:50",NA,0
"2025-02-23 18:55",NA,0
"2025-02-23 19:00",2.9,0
"2025-02-23 19:05",NA,0
"2025-02-23 19:10",NA,0
"2025-02-23 19:15",NA,0
"2025-02-23 19:20",NA,0
"2025-02-23 19:25",NA,0
"2025-02-23 19:30",2.4,0
"2025-02-23 19:35",NA,0
"2025-02-23 19:40",NA,0
"2025-02-23 19:45",NA,0
"2025-02-23 19:50",NA,0
"2025-02-23 19:55",NA,0
"2025-02-23 20:00",2,0
"2025-02-23 20:05",NA,0
"2025-02-23 20:10",NA,0
"2025-02-23 20:15",NA,0
"2025-02-23 20:20",NA,0
"2025-02-23 20:25",NA,0
"2025-02-23 20:30",1.5,0
"2025-02-23 20:35",NA,0
"2025-02-23 20:40",NA,0
"2025-02-23 20:45",NA,0
"2025-02-23 20:50",NA,0
"2025-02-23 20:55",NA,0
"2025-02-23 21:00",1.4,0
"2025-02-23 21:05",NA,0
"2025-02-23 21:10",NA,0
"2025-02-23 21:15",NA,0
"2025-02-23 21:20",NA,0
"2025-02-23 21:25",NA,0
"2025-02-23 21:30",0.9,0
"2025-02-23 21:35",NA,0
"2025-02-23 21:40",NA,0
"2025-02-23 21:45",NA,0
"2025-02-23 21:50",NA,0
"2025-02-23 21:55",NA,0
"2025-02-23 22:00",0.9,0
"2025-02-23 22:05",NA,0
"2025-02-23 22:10",NA,0
"2025-02-23 22:15",NA,0
"2025-02-23 22:20",NA,0
"2025-02-23 22:25",NA,0
"2025-02-23 22:30",0.9,0
"2025-02-23 22:35",NA,0
"2025-02-23 22:40",NA,0
"2025-02-23 22:45",NA,0
"2025-02-23 22:50",NA,0
"2025-02-23 22:55",NA,0
"2025-02-23 23:00",0.9,0
"2025-02-23 23:05",NA,0
"2025-02-23 23:10",NA,0
"2025-02-23 23:15",NA,0
"2025-02-23 23:20",NA,0
"2025-02-23 23:25",NA,0
"2025-02-23 23:30",0.7,0
"2025-02-23 23:35",NA,0
"2025-02-23 23:40",NA,0
"2025-02-23 23:45",NA,0
"2025-02-23 23:50",NA,0
"2025-02-23 23:55",NA,0
"2025-02-24 00:00",0.6,0
"2025-02-24 00:05",NA,0
"2025-02-24 00:10",NA,0
"2025-02-24 00:15",NA,0
"2025-02-24 00:20",NA,0
"2025-02-24 00:25",NA,0
"2025-02-24 00:30",0.2,0
"2025-02-24 00:35",NA,0
"2025-02-24 00:40",NA,0
"2025-02-24 00:45",NA,0
"2025-02-24 00:50",NA,0
"2025-02-24 00:55",NA,0
"2025-02-24 01:00",0.4,0
"2025-02-24 01:05",NA,0
"2025-02-24 01:10",NA,0
"2025-02-24 01:15",NA,0
"2025-02-24 01:20",NA,0
"2025-02-24 01:25",NA,0
"2025-02-24 01:30",0.5,0
"2025-02-24 01:35",NA,0
"2025-02-24 01:40",NA,0
"2025-02-24 01:45",NA,0
"2025-02-24 01:50",NA,0
"2025-02-24 01:55",NA,0
"2025-02-24 02:00",0.1,0
"2025-02-24 02:05",NA,0
"2025-02-24 02:10",NA,0
"2025-02-24 02:15",NA,0
"2025-02-24 02:20",NA,0
"2025-02-24 02:25",NA,0
"2025-02-24 02:30",-0.2,0
"2025-02-24 02:35",NA,0
"2025-02-24 02:40",NA,0
"2025-02-24 02:45",NA,0
"2025-02-24 02:50",NA,0
"2025-02-24 02:55",NA,0
"2025-02-24 03:00",0.2,0
"2025-02-24 03:05",NA,0
"2025-02-24 03:10",NA,0
"2025-02-24 03:15",NA,0
"2025-02-24 03:20",NA,0
"2025-02-24 03:25",NA,0
"2025-02-24 03:30",0,0
"2025-02-24 03:35",NA,0
"2025-02-24 03:40",NA,0
"2025-02-24 03:45",NA,0
"2025-02-24 03:50",NA,0
"2025-02-24 03:55",NA,0
"2025-02-24 04:00",0.1,0
"2025-02-24 04:05",NA,0
"2025-02-24 04:10",NA,0
"2025-02-24 04:15",NA,0
"2025-02-24 04:20",NA,0
"2025-02-24 04:25",NA,0
"2025-02-24 04:30",-0.2,0
"2025-02-24 04:35",NA,0
"2025-02-24 04:40",NA,0
"2025-02-24 04:45",NA,0
"2025-02-24 04:50",NA,0
"2025-02-24 04:55",NA,0
"2025-02-24 05:00",-0.5,0
"2025-02-24 05:05",NA,0
"2025-02-24 05:10",NA,0
"2025-02-24 05:15",NA,0
"2025-02-24 05:20",NA,0
"2025-02-24 05:25",NA,0
"2025-02-24 05:30",-0.7,0
"2025-02-24 05:35",NA,0
"2025-02-24 05:40",NA,0
"2025-02-24 05:45",NA,0
"2025-02-24 05:50",NA,0
"2025-02-24 05:55",NA,0
"2025-02-24 06:00",-0.9,0
"2025-02-24 06:05",NA,0
"2025-02-24 06:10",NA,0
"2025-02-24 06:15",NA,0
"2025-02-24 06:20",NA,0
"2025-02-24 06:25",NA,0
"2025-02-24 06:30",-0.8,0
"2025-02-24 06:35",NA,0
"2025-02-24 06:40",NA,0
"2025-02-24 06:45",NA,0
"2025-02-24 06:50",NA,0
"2025-02-24 06:55",NA,0
"2025-02-24 07:00",-0.4,0
"2025-02-24 07:05",NA,0
"2025-02-24 07:10",NA,0
"2025-02-24 07:15",NA,0
"2025-02-24 07:20",NA,0
"2025-02-24 07:25",NA,0
"2025-02-24 07:30",4.599999,0
"2025-02-24 07:35",NA,0
"2025-02-24 07:40",NA,0
"2025-02-24 07:45",NA,0
"2025-02-24 07:50",NA,0
"2025-02-24 07:55",NA,0
"2025-02-24 08:00",7.5,0
"2025-02-24 08:05",NA,0
"2025-02-24 08:10",NA,0
"2025-02-24 08:15",NA,0
"2025-02-24 08:20",NA,0
"2025-02-24 08:25",NA,0
"2025-02-24 08:30",8.4,0
"2025-02-24 08:35",NA,0
"2025-02-24 08:40",NA,0
"2025-02-24 08:45",NA,0
"2025-02-24 08:50",NA,0
"2025-02-24 08:55",NA,0
"2025-02-24 09:00",9.4,0
"2025-02-24 09:05",NA,0
"2025-02-24 09:10",NA,0
"2025-02-24 09:15",NA,0
"2025-02-24 09:20",NA,0
"2025-02-24 09:25",NA,0
"2025-02-24 09:30",8.799999,0
"2025-02-24 09:35",NA,0
"2025-02-24 09:40",NA,0
"2025-02-24 09:45",NA,0
"2025-02-24 09:50",NA,0
"2025-02-24 09:55",NA,0
"2025-02-24 10:00",9,0
"2025-02-24 10:05",NA,0
"2025-02-24 10:10",NA,0
"2025-02-24 10:15",NA,0
"2025-02-24 10:20",NA,0
"2025-02-24 10:25",NA,0
"2025-02-24 10:30",10.9,0
"2025-02-24 10:35",NA,0
"2025-02-24 10:40",NA,0
"2025-02-24 10:45",NA,0
"2025-02-24 10:50",NA,0
"2025-02-24 10:55",NA,0
"2025-02-24 11:00",12.4,0
"2025-02-24 11:05",NA,0
"2025-02-24 11:10",NA,0
"2025-02-24 11:15",NA,0
"2025-02-24 11:20",NA,0
"2025-02-24 11:25",NA,0
"2025-02-24 11:30",11.9,0
"2025-02-24 11:35",NA,0
"2025-02-24 11:40",NA,0
"2025-02-24 11:45",NA,0
"2025-02-24 11:50",NA,0
"2025-02-24 11:55",NA,0
"2025-02-24 12:00",10.9,0
"2025-02-24 12:05",NA,0
"2025-02-24 12:10",NA,0
"2025-02-24 12:15",NA,0
"2025-02-24 12:20",NA,0
"2025-02-24 12:25",NA,0
"2025-02-24 12:30",10.5,0
"2025-02-24 12:35",NA,0
"2025-02-24 12:40",NA,0
"2025-02-24 12:45",NA,0
"2025-02-24 12:50",NA,0
"2025-02-24 12:55",NA,0
"2025-02-24 13:00",11.6,0
"2025-02-24 13:05",NA,0
"2025-02-24 13:10",NA,0
"2025-02-24 13:15",NA,0
"2025-02-24 13:20",NA,0
"2025-02-24 13:25",NA,0
"2025-02-24 13:30",9.699999,0
"2025-02-24 13:35",NA,0
"2025-02-24 13:40",NA,0
"2025-02-24 13:45",NA,0
"2025-02-24 13:50",NA,0
"2025-02-24 13:55",NA,0
"2025-02-24 14:00",9.699999,0
"2025-02-24 14:05",NA,0
"2025-02-24 14:10",NA,0
"2025-02-24 14:15",NA,0
"2025-02-24 14:20",NA,0
"2025-02-24 14:25",NA,0
"2025-02-24 14:30",10.1,0
"2025-02-24 14:35",NA,0
"2025-02-24 14:40",NA,0
"2025-02-24 14:45",NA,0
"2025-02-24 14:50",NA,0
"2025-02-24 14:55",NA,0
"2025-02-24 15:00",11.1,0
"2025-02-24 15:05",NA,0
"2025-02-24 15:10",NA,0
"2025-02-24 15:15",NA,0
"2025-02-24 15:20",NA,0
"2025-02-24 15:25",NA,0
"2025-02-24 15:30",11.1,0
"2025-02-24 15:35",NA,0
"2025-02-24 15:40",NA,0
"2025-02-24 15:45",NA,0
"2025-02-24 15:50",NA,0
"2025-02-24 15:55",NA,0
"2025-02-24 16:00",8.5,0
"2025-02-24 16:05",NA,0
"2025-02-24 16:10",NA,0
"2025-02-24 16:15",NA,0
"2025-02-24 16:20",NA,0
"2025-02-24 16:25",NA,0.0654910000000086
"2025-02-24 16:30",6.9,0.0675050000000113
"2025-02-24 16:35",NA,0
"2025-02-24 16:40",NA,0
"2025-02-24 16:45",NA,0
"2025-02-24 16:50",NA,0
"2025-02-24 16:55",NA,0
"2025-02-24 17:00",5.2,0
"2025-02-24 17:05",NA,0
"2025-02-24 17:10",NA,0
"2025-02-24 17:15",NA,0
"2025-02-24 17:20",NA,0
"2025-02-24 17:25",NA,0
"2025-02-24 17:30",4.099999,0
"2025-02-24 17:35",NA,0
"2025-02-24 17:40",NA,0
"2025-02-24 17:45",NA,0
"2025-02-24 17:50",NA,0
"2025-02-24 17:55",NA,0
"2025-02-24 18:00",3.2,0
"2025-02-24 18:05",NA,0
"2025-02-24 18:10",NA,0
"2025-02-24 18:15",NA,0
"2025-02-24 18:20",NA,0
"2025-02-24 18:25",NA,0
"2025-02-24 18:30",2.4,0
"2025-02-24 18:35",NA,0
"2025-02-24 18:40",NA,0
"2025-02-24 18:45",NA,0
"2025-02-24 18:50",NA,0
"2025-02-24 18:55",NA,0
"2025-02-24 19:00",1.9,0
"2025-02-24 19:05",NA,0
"2025-02-24 19:10",NA,0
"2025-02-24 19:15",NA,0
"2025-02-24 19:20",NA,0
"2025-02-24 19:25",NA,0
"2025-02-24 19:30",1.5,0
"2025-02-24 19:35",NA,0
"2025-02-24 19:40",NA,0
"2025-02-24 19:45",NA,0
"2025-02-24 19:50",NA,0
"2025-02-24 19:55",NA,0
"2025-02-24 20:00",1.2,0
"2025-02-24 20:05",NA,0
"2025-02-24 20:10",NA,0
"2025-02-24 20:15",NA,0
"2025-02-24 20:20",NA,0
"2025-02-24 20:25",NA,0
"2025-02-24 20:30",0.9,0
"2025-02-24 20:35",NA,0
"2025-02-24 20:40",NA,0
"2025-02-24 20:45",NA,0
"2025-02-24 20:50",NA,0
"2025-02-24 20:55",NA,0
"2025-02-24 21:00",0.7,0
"2025-02-24 21:05",NA,0
"2025-02-24 21:10",NA,0
"2025-02-24 21:15",NA,0
"2025-02-24 21:20",NA,0
"2025-02-24 21:25",NA,0
"2025-02-24 21:30",0.5,0
"2025-02-24 21:35",NA,0
"2025-02-24 21:40",NA,0
"2025-02-24 21:45",NA,0
"2025-02-24 21:50",NA,0
"2025-02-24 21:55",NA,0
"2025-02-24 22:00",0.3,0
"2025-02-24 22:05",NA,0
"2025-02-24 22:10",NA,0
"2025-02-24 22:15",NA,0
"2025-02-24 22:20",NA,0
"2025-02-24 22:25",NA,0
"2025-02-24 22:30",0.2,0
"2025-02-24 22:35",NA,0
"2025-02-24 22:40",NA,0
"2025-02-24 22:45",NA,0
"2025-02-24 22:50",NA,0
"2025-02-24 22:55",NA,0
"2025-02-24 23:00",0,0
"2025-02-24 23:05",NA,0
"2025-02-24 23:10",NA,0
"2025-02-24 23:15",NA,0
"2025-02-24 23:20",NA,0
"2025-02-24 23:25",NA,0
"2025-02-24 23:30",0.3,0
"2025-02-24 23:35",NA,0
"2025-02-24 23:40",NA,0
"2025-02-24 23:45",NA,0
"2025-02-24 23:50",NA,0
"2025-02-24 23:55",NA,0
"2025-02-25 00:00",0.3,0
"2025-02-25 00:05",NA,0
"2025-02-25 00:10",NA,0
"2025-02-25 00:15",NA,0
"2025-02-25 00:20",NA,0
"2025-02-25 00:25",NA,0
"2025-02-25 00:30",0.5,0
"2025-02-25 00:35",NA,0
"2025-02-25 00:40",NA,0
"2025-02-25 00:45",NA,0
"2025-02-25 00:50",NA,0
"2025-02-25 00:55",NA,0
"2025-02-25 01:00",0.5,0
"2025-02-25 01:05",NA,0
"2025-02-25 01:10",NA,0
"2025-02-25 01:15",NA,0
"2025-02-25 01:20",NA,0
"2025-02-25 01:25",NA,0
"2025-02-25 01:30",0.3,0
"2025-02-25 01:35",NA,0
"2025-02-25 01:40",NA,0
"2025-02-25 01:45",NA,0
"2025-02-25 01:50",NA,0
"2025-02-25 01:55",NA,0
"2025-02-25 02:00",-0.1,0
"2025-02-25 02:05",NA,0
"2025-02-25 02:10",NA,0
"2025-02-25 02:15",NA,0
"2025-02-25 02:20",NA,0
"2025-02-25 02:25",NA,0
"2025-02-25 02:30",-0.2,0
"2025-02-25 02:35",NA,0
"2025-02-25 02:40",NA,0
"2025-02-25 02:45",NA,0
"2025-02-25 02:50",NA,0
"2025-02-25 02:55",NA,0
"2025-02-25 03:00",-0.8,0
"2025-02-25 03:05",NA,0
"2025-02-25 03:10",NA,0
"2025-02-25 03:15",NA,0
"2025-02-25 03:20",NA,0
"2025-02-25 03:25",NA,0
"2025-02-25 03:30",-1.4,0
"2025-02-25 03:35",NA,0
"2025-02-25 03:40",NA,0
"2025-02-25 03:45",NA,0
"2025-02-25 03:50",NA,0
"2025-02-25 03:55",NA,0
"2025-02-25 04:00",-1.9,0
"2025-02-25 04:05",NA,0
"2025-02-25 04:10",NA,0
"2025-02-25 04:15",NA,0
"2025-02-25 04:20",NA,0
"2025-02-25 04:25",NA,0
"2025-02-25 04:30",-2.1,0
"2025-02-25 04:35",NA,0
"2025-02-25 04:40",NA,0
"2025-02-25 04:45",NA,0
"2025-02-25 04:50",NA,0
"2025-02-25 04:55",NA,0
"2025-02-25 05:00",-2.4,0
"2025-02-25 05:05",NA,0
"2025-02-25 05:10",NA,0
"2025-02-25 05:15",NA,0
"2025-02-25 05:20",NA,0
"2025-02-25 05:25",NA,0
"2025-02-25 05:30",-2.3,0
"2025-02-25 05:35",NA,0
"2025-02-25 05:40",NA,0
"2025-02-25 05:45",NA,0
"2025-02-25 05:50",NA,0
"2025-02-25 05:55",NA,0
"2025-02-25 06:00",-2,0
"2025-02-25 06:05",NA,0
"2025-02-25 06:10",NA,0
"2025-02-25 06:15",NA,0
"2025-02-25 06:20",NA,0
"2025-02-25 06:25",NA,0
"2025-02-25 06:30",-1.8,0
"2025-02-25 06:35",NA,0
"2025-02-25 06:40",NA,0
"2025-02-25 06:45",NA,0
"2025-02-25 06:50",NA,0
"2025-02-25 06:55",NA,0
"2025-02-25 07:00",-0.9,0
"2025-02-25 07:05",NA,0
"2025-02-25 07:10",NA,0
"2025-02-25 07:15",NA,0
"2025-02-25 07:20",NA,0
"2025-02-25 07:25",NA,0
"2025-02-25 07:30",3.4,0
"2025-02-25 07:35",NA,0
"2025-02-25 07:40",NA,0
"2025-02-25 07:45",NA,0
"2025-02-25 07:50",NA,0
"2025-02-25 07:55",NA,0
"2025-02-25 08:00",6.2,0
"2025-02-25 08:05",NA,0
"2025-02-25 08:10",NA,0
"2025-02-25 08:15",NA,0
"2025-02-25 08:20",NA,0
"2025-02-25 08:25",NA,0
"2025-02-25 08:30",7.5,0
"2025-02-25 08:35",NA,0
"2025-02-25 08:40",NA,0
"2025-02-25 08:45",NA,0
"2025-02-25 08:50",NA,0
"2025-02-25 08:55",NA,0
"2025-02-25 09:00",8.699999,0
"2025-02-25 09:05",NA,0
"2025-02-25 09:10",NA,0
"2025-02-25 09:15",NA,0
"2025-02-25 09:20",NA,0
"2025-02-25 09:25",NA,0
"2025-02-25 09:30",10,0
"2025-02-25 09:35",NA,0
"2025-02-25 09:40",NA,0
"2025-02-25 09:45",NA,0
"2025-02-25 09:50",NA,0
"2025-02-25 09:55",NA,0
"2025-02-25 10:00",10.1,0
"2025-02-25 10:05",NA,0
"2025-02-25 10:10",NA,0
"2025-02-25 10:15",NA,0
"2025-02-25 10:20",NA,0
"2025-02-25 10:25",NA,0
"2025-02-25 10:30",11.4,0
"2025-02-25 10:35",NA,0
"2025-02-25 10:40",NA,0
"2025-02-25 10:45",NA,0
"2025-02-25 10:50",NA,0
"2025-02-25 10:55",NA,0
"2025-02-25 11:00",12.299999,0
"2025-02-25 11:05",NA,0
"2025-02-25 11:10",NA,0
"2025-02-25 11:15",NA,0
"2025-02-25 11:20",NA,0
"2025-02-25 11:25",NA,0
"2025-02-25 11:30",13.799999,0
"2025-02-25 11:35",NA,0
"2025-02-25 11:40",NA,0
"2025-02-25 11:45",NA,0
"2025-02-25 11:50",NA,0
"2025-02-25 11:55",NA,0
"2025-02-25 12:00",13.9,0
"2025-02-25 12:05",NA,0
"2025-02-25 12:10",NA,0
"2025-02-25 12:15",NA,0
"2025-02-25 12:20",NA,0
"2025-02-25 12:25",NA,0
"2025-02-25 12:30",13.5,0
"2025-02-25 12:35",NA,0
"2025-02-25 12:40",NA,0
"2025-02-25 12:45",NA,0
"2025-02-25 12:50",NA,0
"2025-02-25 12:55",NA,0
"2025-02-25 13:00",13.199999,0
"2025-02-25 13:05",NA,0
"2025-02-25 13:10",NA,0
"2025-02-25 13:15",NA,0
"2025-02-25 13:20",NA,0
"2025-02-25 13:25",NA,0
"2025-02-25 13:30",14,0
"2025-02-25 13:35",NA,0
"2025-02-25 13:40",NA,0
"2025-02-25 13:45",NA,0
"2025-02-25 13:50",NA,0
"2025-02-25 13:55",NA,0
"2025-02-25 14:00",13.9,0
"2025-02-25 14:05",NA,0
"2025-02-25 14:10",NA,0
"2025-02-25 14:15",NA,0
"2025-02-25 14:20",NA,0
"2025-02-25 14:25",NA,0
"2025-02-25 14:30",13.299999,0
"2025-02-25 14:35",NA,0
"2025-02-25 14:40",NA,0
"2025-02-25 14:45",NA,0
"2025-02-25 14:50",NA,0
"2025-02-25 14:55",NA,0
"2025-02-25 15:00",12.5,0
"2025-02-25 15:05",NA,0
"2025-02-25 15:10",NA,0
"2025-02-25 15:15",NA,0
"2025-02-25 15:20",NA,0
"2025-02-25 15:25",NA,0
"2025-02-25 15:30",10,0
"2025-02-25 15:35",NA,0
"2025-02-25 15:40",NA,0
"2025-02-25 15:45",NA,0
"2025-02-25 15:50",NA,0
"2025-02-25 15:55",NA,0
"2025-02-25 16:00",8.1,0
"2025-02-25 16:05",NA,0
"2025-02-25 16:10",NA,0
"2025-02-25 16:15",NA,0
"2025-02-25 16:20",NA,0
"2025-02-25 16:25",NA,0
"2025-02-25 16:30",7.099999,0
"2025-02-25 16:35",NA,0
"2025-02-25 16:40",NA,0
"2025-02-25 16:45",NA,0
"2025-02-25 16:50",NA,0
"2025-02-25 16:55",NA,0
"2025-02-25 17:00",6.3,0
"2025-02-25 17:05",NA,0
"2025-02-25 17:10",NA,0
"2025-02-25 17:15",NA,0
"2025-02-25 17:20",NA,0
"2025-02-25 17:25",NA,0
"2025-02-25 17:30",6,0
"2025-02-25 17:35",NA,0
"2025-02-25 17:40",NA,0
"2025-02-25 17:45",NA,0
"2025-02-25 17:50",NA,0
"2025-02-25 17:55",NA,0
"2025-02-25 18:00",5.3,0
"2025-02-25 18:05",NA,0
"2025-02-25 18:10",NA,0
"2025-02-25 18:15",NA,0
"2025-02-25 18:20",NA,0
"2025-02-25 18:25",NA,0
"2025-02-25 18:30",4.2,0
"2025-02-25 18:35",NA,0
"2025-02-25 18:40",NA,0
"2025-02-25 18:45",NA,0
"2025-02-25 18:50",NA,0
"2025-02-25 18:55",NA,0
"2025-02-25 19:00",2.8,0
"2025-02-25 19:05",NA,0
"2025-02-25 19:10",NA,0
"2025-02-25 19:15",NA,0
"2025-02-25 19:20",NA,0
"2025-02-25 19:25",NA,0
"2025-02-25 19:30",1.8,0
"2025-02-25 19:35",NA,0
"2025-02-25 19:40",NA,0
"2025-02-25 19:45",NA,0
"2025-02-25 19:50",NA,0
"2025-02-25 19:55",NA,0
"2025-02-25 20:00",1.5,0
"2025-02-25 20:05",NA,0
"2025-02-25 20:10",NA,0
"2025-02-25 20:15",NA,0
"2025-02-25 20:20",NA,0
"2025-02-25 20:25",NA,0
"2025-02-25 20:30",1.4,0
"2025-02-25 20:35",NA,0
"2025-02-25 20:40",NA,0
"2025-02-25 20:45",NA,0
"2025-02-25 20:50",NA,0
"2025-02-25 20:55",NA,0
"2025-02-25 21:00",0.9,0
"2025-02-25 21:05",NA,0
"2025-02-25 21:10",NA,0
"2025-02-25 21:15",NA,0
"2025-02-25 21:20",NA,0
"2025-02-25 21:25",NA,0
"2025-02-25 21:30",0.9,0
"2025-02-25 21:35",NA,0
"2025-02-25 21:40",NA,0
"2025-02-25 21:45",NA,0
"2025-02-25 21:50",NA,0
"2025-02-25 21:55",NA,0
"2025-02-25 22:00",0.8,0
"2025-02-25 22:05",NA,0
"2025-02-25 22:10",NA,0
"2025-02-25 22:15",NA,0
"2025-02-25 22:20",NA,0
"2025-02-25 22:25",NA,0
"2025-02-25 22:30",0.6,0
"2025-02-25 22:35",NA,0
"2025-02-25 22:40",NA,0
"2025-02-25 22:45",NA,0
"2025-02-25 22:50",NA,0
"2025-02-25 22:55",NA,0
"2025-02-25 23:00",0.5,0
"2025-02-25 23:05",NA,0
"2025-02-25 23:10",NA,0
"2025-02-25 23:15",NA,0
"2025-02-25 23:20",NA,0
"2025-02-25 23:25",NA,0
"2025-02-25 23:30",0.2,0
"2025-02-25 23:35",NA,0
"2025-02-25 23:40",NA,0
"2025-02-25 23:45",NA,0
"2025-02-25 23:50",NA,0
"2025-02-25 23:55",NA,0
"2025-02-26 00:00",0.1,0
"2025-02-26 00:05",NA,0
"2025-02-26 00:10",NA,0
"2025-02-26 00:15",NA,0
"2025-02-26 00:20",NA,0
"2025-02-26 00:25",NA,0
"2025-02-26 00:30",0.3,0
"2025-02-26 00:35",NA,0
"2025-02-26 00:40",NA,0
"2025-02-26 00:45",NA,0
"2025-02-26 00:50",NA,0
"2025-02-26 00:55",NA,0
"2025-02-26 01:00",0.2,0
"2025-02-26 01:05",NA,0
"2025-02-26 01:10",NA,0
"2025-02-26 01:15",NA,0
"2025-02-26 01:20",NA,0
"2025-02-26 01:25",NA,0
"2025-02-26 01:30",-0.5,0
"2025-02-26 01:35",NA,0
"2025-02-26 01:40",NA,0
"2025-02-26 01:45",NA,0
"2025-02-26 01:50",NA,0
"2025-02-26 01:55",NA,0
"2025-02-26 02:00",-1.1,0
"2025-02-26 02:05",NA,0
"2025-02-26 02:10",NA,0
"2025-02-26 02:15",NA,0
"2025-02-26 02:20",NA,0
"2025-02-26 02:25",NA,0
"2025-02-26 02:30",-1.4,0
"2025-02-26 02:35",NA,0
"2025-02-26 02:40",NA,0
"2025-02-26 02:45",NA,0
"2025-02-26 02:50",NA,0
"2025-02-26 02:55",NA,0
"2025-02-26 03:00",-1.5,0
"2025-02-26 03:05",NA,0
"2025-02-26 03:10",NA,0
"2025-02-26 03:15",NA,0
"2025-02-26 03:20",NA,0
"2025-02-26 03:25",NA,0
"2025-02-26 03:30",-1.6,0
"2025-02-26 03:35",NA,0
"2025-02-26 03:40",NA,0
"2025-02-26 03:45",NA,0
"2025-02-26 03:50",NA,0
"2025-02-26 03:55",NA,0
"2025-02-26 04:00",-1.9,0
"2025-02-26 04:05",NA,0
"2025-02-26 04:10",NA,0
"2025-02-26 04:15",NA,0
"2025-02-26 04:20",NA,0
"2025-02-26 04:25",NA,0
"2025-02-26 04:30",-2.1,0
"2025-02-26 04:35",NA,0
"2025-02-26 04:40",NA,0
"2025-02-26 04:45",NA,0
"2025-02-26 04:50",NA,0
"2025-02-26 04:55",NA,0
"2025-02-26 05:00",-2,0
"2025-02-26 05:05",NA,0
"2025-02-26 05:10",NA,0
"2025-02-26 05:15",NA,0
"2025-02-26 05:20",NA,0
"2025-02-26 05:25",NA,0
"2025-02-26 05:30",-2.4,0
"2025-02-26 05:35",NA,0
"2025-02-26 05:40",NA,0
"2025-02-26 05:45",NA,0
"2025-02-26 05:50",NA,0
"2025-02-26 05:55",NA,0
"2025-02-26 06:00",-2.5,0
"2025-02-26 06:05",NA,0
"2025-02-26 06:10",NA,0
"2025-02-26 06:15",NA,0
"2025-02-26 06:20",NA,0
"2025-02-26 06:25",NA,0
"2025-02-26 06:30",-2.5,0
"2025-02-26 06:35",NA,0
"2025-02-26 06:40",NA,0
"2025-02-26 06:45",NA,0
"2025-02-26 06:50",NA,0
"2025-02-26 06:55",NA,0
"2025-02-26 07:00",-1.5,0
"2025-02-26 07:05",NA,0
"2025-02-26 07:10",NA,0
"2025-02-26 07:15",NA,0
"2025-02-26 07:20",NA,0
"2025-02-26 07:25",NA,0
"2025-02-26 07:30",4.4,0
"2025-02-26 07:35",NA,0
"2025-02-26 07:40",NA,0
"2025-02-26 07:45",NA,0
"2025-02-26 07:50",NA,0
"2025-02-26 07:55",NA,0
"2025-02-26 08:00",8.5,0
"2025-02-26 08:05",NA,0
"2025-02-26 08:10",NA,0
"2025-02-26 08:15",NA,0
"2025-02-26 08:20",NA,0
"2025-02-26 08:25",NA,0
"2025-02-26 08:30",10.4,0
"2025-02-26 08:35",NA,0
"2025-02-26 08:40",NA,0
"2025-02-26 08:45",NA,0
"2025-02-26 08:50",NA,0
"2025-02-26 08:55",NA,0
"2025-02-26 09:00",10.299999,0
"2025-02-26 09:05",NA,0
"2025-02-26 09:10",NA,0
"2025-02-26 09:15",NA,0
"2025-02-26 09:20",NA,0
"2025-02-26 09:25",NA,0
"2025-02-26 09:30",10.799999,0
"2025-02-26 09:35",NA,0
"2025-02-26 09:40",NA,0
"2025-02-26 09:45",NA,0
"2025-02-26 09:50",NA,0
"2025-02-26 09:55",NA,0
"2025-02-26 10:00",11.6,0
"2025-02-26 10:05",NA,0
"2025-02-26 10:10",NA,0
"2025-02-26 10:15",NA,0
"2025-02-26 10:20",NA,0
"2025-02-26 10:25",NA,0
"2025-02-26 10:30",12.6,0
"2025-02-26 10:35",NA,0
"2025-02-26 10:40",NA,0
"2025-02-26 10:45",NA,0
"2025-02-26 10:50",NA,0
"2025-02-26 10:55",NA,0
"2025-02-26 11:00",12.6,0
"2025-02-26 11:05",NA,0
"2025-02-26 11:10",NA,0
"2025-02-26 11:15",NA,0
"2025-02-26 11:20",NA,0
"2025-02-26 11:25",NA,0
"2025-02-26 11:30",13.5,0
"2025-02-26 11:35",NA,0
"2025-02-26 11:40",NA,0
"2025-02-26 11:45",NA,0
"2025-02-26 11:50",NA,0
"2025-02-26 11:55",NA,0
"2025-02-26 12:00",13.199999,0
"2025-02-26 12:05",NA,0
"2025-02-26 12:10",NA,0
"2025-02-26 12:15",NA,0
"2025-02-26 12:20",NA,0
"2025-02-26 12:25",NA,0
"2025-02-26 12:30",10.699999,0
"2025-02-26 12:35",NA,0
"2025-02-26 12:40",NA,0
"2025-02-26 12:45",NA,0
"2025-02-26 12:50",NA,0
"2025-02-26 12:55",NA,0
"2025-02-26 13:00",7.4,0
"2025-02-26 13:05",NA,0
"2025-02-26 13:10",NA,0
"2025-02-26 13:15",NA,0
"2025-02-26 13:20",NA,0
"2025-02-26 13:25",NA,0
"2025-02-26 13:30",5.3,0
"2025-02-26 13:35",NA,0
"2025-02-26 13:40",NA,0
"2025-02-26 13:45",NA,0
"2025-02-26 13:50",NA,0
"2025-02-26 13:55",NA,0
"2025-02-26 14:00",4.4,0
"2025-02-26 14:05",NA,0
"2025-02-26 14:10",NA,0
"2025-02-26 14:15",NA,0
"2025-02-26 14:20",NA,0
"2025-02-26 14:25",NA,1.12799099999998
"2025-02-26 14:30",4.7,1.79602
"2025-02-26 14:35",NA,0.636994000000016
"2025-02-26 14:40",NA,1.48999000000001
"2025-02-26 14:45",NA,0.776488999999998
"2025-02-26 14:50",NA,0.36651599999999
"2025-02-26 14:55",NA,2.29901100000001
"2025-02-26 15:00",3.4,4.07547
"2025-02-26 15:05",NA,1.585511
"2025-02-26 15:10",NA,0.807006999999999
"2025-02-26 15:15",NA,0.594512000000009
"2025-02-26 15:20",NA,0.611999999999995
"2025-02-26 15:25",NA,0.8125
"2025-02-26 15:30",2.4,0.889496000000008
"2025-02-26 15:35",NA,0.520995999999997
"2025-02-26 15:40",NA,0.0870060000000024
"2025-02-26 15:45",NA,0.0604849999999999
"2025-02-26 15:50",NA,0.0310059999999908
"2025-02-26 15:55",NA,0.0224919999999997
"2025-02-26 16:00",1.7,0.026488999999998
"2025-02-26 16:05",NA,0.0200190000000191
"2025-02-26 16:10",NA,0.00698899999997593
"2025-02-26 16:15",NA,0.0205080000000066
"2025-02-26 16:20",NA,0.0035090000000082
"2025-02-26 16:25",NA,0
"2025-02-26 16:30",1.6,0
"2025-02-26 16:35",NA,0
"2025-02-26 16:40",NA,0
"2025-02-26 16:45",NA,0
"2025-02-26 16:50",NA,0
"2025-02-26 16:55",NA,0
"2025-02-26 17:00",2.3,0
"2025-02-26 17:05",NA,0
"2025-02-26 17:10",NA,0
"2025-02-26 17:15",NA,0
"2025-02-26 17:20",NA,0
"2025-02-26 17:25",NA,0
"2025-02-26 17:30",2.2,0
"2025-02-26 17:35",NA,0
"2025-02-26 17:40",NA,0
"2025-02-26 17:45",NA,0
"2025-02-26 17:50",NA,0
"2025-02-26 17:55",NA,0
"2025-02-26 18:00",1.5,0
"2025-02-26 18:05",NA,0
"2025-02-26 18:10",NA,0
"2025-02-26 18:15",NA,0
"2025-02-26 18:20",NA,0
"2025-02-26 18:25",NA,0
"2025-02-26 18:30",0.9,0
"2025-02-26 18:35",NA,0
"2025-02-26 18:40",NA,0
"2025-02-26 18:45",NA,0
"2025-02-26 18:50",NA,0
"2025-02-26 18:55",NA,0
"2025-02-26 19:00",0.6,0
"2025-02-26 19:05",NA,0
"2025-02-26 19:10",NA,0
"2025-02-26 19:15",NA,0
"2025-02-26 19:20",NA,0
"2025-02-26 19:25",NA,0
"2025-02-26 19:30",0.3,0
"2025-02-26 19:35",NA,0
"2025-02-26 19:40",NA,0
"2025-02-26 19:45",NA,0
"2025-02-26 19:50",NA,0
"2025-02-26 19:55",NA,0
"2025-02-26 20:00",0.2,0
"2025-02-26 20:05",NA,0
"2025-02-26 20:10",NA,0
"2025-02-26 20:15",NA,0
"2025-02-26 20:20",NA,0
"2025-02-26 20:25",NA,0
"2025-02-26 20:30",0,0
"2025-02-26 20:35",NA,0
"2025-02-26 20:40",NA,0
"2025-02-26 20:45",NA,0
"2025-02-26 20:50",NA,0
"2025-02-26 20:55",NA,0
"2025-02-26 21:00",-0.5,0
"2025-02-26 21:05",NA,0
"2025-02-26 21:10",NA,0
"2025-02-26 21:15",NA,0
"2025-02-26 21:20",NA,0
"2025-02-26 21:25",NA,0
"2025-02-26 21:30",-0.6,0
"2025-02-26 21:35",NA,0
"2025-02-26 21:40",NA,0
"2025-02-26 21:45",NA,0
"2025-02-26 21:50",NA,0
"2025-02-26 21:55",NA,0
"2025-02-26 22:00",-1,0
"2025-02-26 22:05",NA,0
"2025-02-26 22:10",NA,0
"2025-02-26 22:15",NA,0
"2025-02-26 22:20",NA,0
"2025-02-26 22:25",NA,0
"2025-02-26 22:30",-1.3,0
"2025-02-26 22:35",NA,0
"2025-02-26 22:40",NA,0
"2025-02-26 22:45",NA,0
"2025-02-26 22:50",NA,0
"2025-02-26 22:55",NA,0
"2025-02-26 23:00",-1.3,0
"2025-02-26 23:05",NA,0
"2025-02-26 23:10",NA,0
"2025-02-26 23:15",NA,0
"2025-02-26 23:20",NA,0
"2025-02-26 23:25",NA,0
"2025-02-26 23:30",-1,0
"2025-02-26 23:35",NA,0
"2025-02-26 23:40",NA,0
"2025-02-26 23:45",NA,0
"2025-02-26 23:50",NA,0
"2025-02-26 23:55",NA,0
"2025-02-27 00:00",-0.9,0
"2025-02-27 00:05",NA,0
"2025-02-27 00:10",NA,0
"2025-02-27 00:15",NA,0
"2025-02-27 00:20",NA,0
"2025-02-27 00:25",NA,0
"2025-02-27 00:30",-1.4,0
"2025-02-27 00:35",NA,0
"2025-02-27 00:40",NA,0
"2025-02-27 00:45",NA,0
"2025-02-27 00:50",NA,0
"2025-02-27 00:55",NA,0
"2025-02-27 01:00",-1.5,0
"2025-02-27 01:05",NA,0
"2025-02-27 01:10",NA,0
"2025-02-27 01:15",NA,0
"2025-02-27 01:20",NA,0
"2025-02-27 01:25",NA,0
"2025-02-27 01:30",-1.7,0
"2025-02-27 01:35",NA,0
"2025-02-27 01:40",NA,0
"2025-02-27 01:45",NA,0
"2025-02-27 01:50",NA,0
"2025-02-27 01:55",NA,0
"2025-02-27 02:00",-2,0
"2025-02-27 02:05",NA,0
"2025-02-27 02:10",NA,0
"2025-02-27 02:15",NA,0
"2025-02-27 02:20",NA,0
"2025-02-27 02:25",NA,0
"2025-02-27 02:30",-1.1,0
"2025-02-27 02:35",NA,0
"2025-02-27 02:40",NA,0
"2025-02-27 02:45",NA,0
"2025-02-27 02:50",NA,0
"2025-02-27 02:55",NA,0
"2025-02-27 03:00",-1,0
"2025-02-27 03:05",NA,0
"2025-02-27 03:10",NA,0
"2025-02-27 03:15",NA,0
"2025-02-27 03:20",NA,0
"2025-02-27 03:25",NA,0
"2025-02-27 03:30",-1.4,0
"2025-02-27 03:35",NA,0
"2025-02-27 03:40",NA,0
"2025-02-27 03:45",NA,0
"2025-02-27 03:50",NA,0
"2025-02-27 03:55",NA,0
"2025-02-27 04:00",-1.4,0
"2025-02-27 04:05",NA,0
"2025-02-27 04:10",NA,0
"2025-02-27 04:15",NA,0
"2025-02-27 04:20",NA,0
"2025-02-27 04:25",NA,0
"2025-02-27 04:30",-1.5,0
"2025-02-27 04:35",NA,0
"2025-02-27 04:40",NA,0
"2025-02-27 04:45",NA,0
"2025-02-27 04:50",NA,0
"2025-02-27 04:55",NA,0
"2025-02-27 05:00",-1.4,0
"2025-02-27 05:05",NA,0
"2025-02-27 05:10",NA,0
"2025-02-27 05:15",NA,0
"2025-02-27 05:20",NA,0
"2025-02-27 05:25",NA,0
"2025-02-27 05:30",-0.9,0
"2025-02-27 05:35",NA,0
"2025-02-27 05:40",NA,0
"2025-02-27 05:45",NA,0
"2025-02-27 05:50",NA,0
"2025-02-27 05:55",NA,0
"2025-02-27 06:00",-0.8,0
"2025-02-27 06:05",NA,0
"2025-02-27 06:10",NA,0
"2025-02-27 06:15",NA,0
"2025-02-27 06:20",NA,0
"2025-02-27 06:25",NA,0
"2025-02-27 06:30",-0.5,0
"2025-02-27 06:35",NA,0
"2025-02-27 06:40",NA,0
"2025-02-27 06:45",NA,0
"2025-02-27 06:50",NA,0
"2025-02-27 06:55",NA,0
"2025-02-27 07:00",-0.4,0
"2025-02-27 07:05",NA,0
"2025-02-27 07:10",NA,0
"2025-02-27 07:15",NA,0
"2025-02-27 07:20",NA,0
"2025-02-27 07:25",NA,0
"2025-02-27 07:30",4.099999,0
"2025-02-27 07:35",NA,0
"2025-02-27 07:40",NA,0
"2025-02-27 07:45",NA,0
"2025-02-27 07:50",NA,0
"2025-02-27 07:55",NA,0
"2025-02-27 08:00",8.199999,0
"2025-02-27 08:05",NA,0
"2025-02-27 08:10",NA,0
"2025-02-27 08:15",NA,0
"2025-02-27 08:20",NA,0
"2025-02-27 08:25",NA,0
"2025-02-27 08:30",10.9,0
"2025-02-27 08:35",NA,0
"2025-02-27 08:40",NA,0
"2025-02-27 08:45",NA,0
"2025-02-27 08:50",NA,0
"2025-02-27 08:55",NA,0
"2025-02-27 09:00",12.5,0
"2025-02-27 09:05",NA,0
"2025-02-27 09:10",NA,0
"2025-02-27 09:15",NA,0
"2025-02-27 09:20",NA,0
"2025-02-27 09:25",NA,0
"2025-02-27 09:30",13.6,0
"2025-02-27 09:35",NA,0
"2025-02-27 09:40",NA,0
"2025-02-27 09:45",NA,0
"2025-02-27 09:50",NA,0
"2025-02-27 09:55",NA,0
"2025-02-27 10:00",10.299999,0
"2025-02-27 10:05",NA,0
"2025-02-27 10:10",NA,0
"2025-02-27 10:15",NA,0
"2025-02-27 10:20",NA,0
"2025-02-27 10:25",NA,0
"2025-02-27 10:30",7.7,0
"2025-02-27 10:35",NA,0
"2025-02-27 10:40",NA,0
"2025-02-27 10:45",NA,0
"2025-02-27 10:50",NA,0
"2025-02-27 10:55",NA,0
"2025-02-27 11:00",7.8,0
"2025-02-27 11:05",NA,0
"2025-02-27 11:10",NA,0
"2025-02-27 11:15",NA,0
"2025-02-27 11:20",NA,0
"2025-02-27 11:25",NA,0
"2025-02-27 11:30",8.699999,0
"2025-02-27 11:35",NA,0
"2025-02-27 11:40",NA,0
"2025-02-27 11:45",NA,0
"2025-02-27 11:50",NA,0
"2025-02-27 11:55",NA,0
"2025-02-27 12:00",10.1,0
"2025-02-27 12:05",NA,0
"2025-02-27 12:10",NA,0
"2025-02-27 12:15",NA,0
"2025-02-27 12:20",NA,0
"2025-02-27 12:25",NA,0
"2025-02-27 12:30",10.199999,0
"2025-02-27 12:35",NA,0
"2025-02-27 12:40",NA,0
"2025-02-27 12:45",NA,0
"2025-02-27 12:50",NA,0
"2025-02-27 12:55",NA,0
"2025-02-27 13:00",10.4,0
"2025-02-27 13:05",NA,0
"2025-02-27 13:10",NA,0
"2025-02-27 13:15",NA,0
"2025-02-27 13:20",NA,0
"2025-02-27 13:25",NA,0
"2025-02-27 13:30",11,0
"2025-02-27 13:35",NA,0
"2025-02-27 13:40",NA,0
"2025-02-27 13:45",NA,0
"2025-02-27 13:50",NA,0
"2025-02-27 13:55",NA,0
"2025-02-27 14:00",10.9,0
"2025-02-27 14:05",NA,0
"2025-02-27 14:10",NA,0
"2025-02-27 14:15",NA,0
"2025-02-27 14:20",NA,0
"2025-02-27 14:25",NA,0
"2025-02-27 14:30",9.699999,0
"2025-02-27 14:35",NA,0
"2025-02-27 14:40",NA,0
"2025-02-27 14:45",NA,0
"2025-02-27 14:50",NA,0
"2025-02-27 14:55",NA,0
"2025-02-27 15:00",8.5,0
"2025-02-27 15:05",NA,0
"2025-02-27 15:10",NA,0
"2025-02-27 15:15",NA,0
"2025-02-27 15:20",NA,0
"2025-02-27 15:25",NA,0
"2025-02-27 15:30",7.2,0
"2025-02-27 15:35",NA,0
"2025-02-27 15:40",NA,0
"2025-02-27 15:45",NA,0
"2025-02-27 15:50",NA,0
"2025-02-27 15:55",NA,0
"2025-02-27 16:00",6.8,0
"2025-02-27 16:05",NA,0
"2025-02-27 16:10",NA,0
"2025-02-27 16:15",NA,0
"2025-02-27 16:20",NA,0
"2025-02-27 16:25",NA,0
"2025-02-27 16:30",6.099999,0
"2025-02-27 16:35",NA,0
"2025-02-27 16:40",NA,0
"2025-02-27 16:45",NA,0
"2025-02-27 16:50",NA,0
"2025-02-27 16:55",NA,0
"2025-02-27 17:00",4.8,0
"2025-02-27 17:05",NA,0
"2025-02-27 17:10",NA,0
"2025-02-27 17:15",NA,0
"2025-02-27 17:20",NA,0
"2025-02-27 17:25",NA,0
"2025-02-27 17:30",3.4,0
"2025-02-27 17:35",NA,0
"2025-02-27 17:40",NA,0
"2025-02-27 17:45",NA,0
"2025-02-27 17:50",NA,0
"2025-02-27 17:55",NA,0
"2025-02-27 18:00",2.3,0
"2025-02-27 18:05",NA,0
"2025-02-27 18:10",NA,0
"2025-02-27 18:15",NA,0
"2025-02-27 18:20",NA,0
"2025-02-27 18:25",NA,0
"2025-02-27 18:30",1,0
"2025-02-27 18:35",NA,0
"2025-02-27 18:40",NA,0
"2025-02-27 18:45",NA,0
"2025-02-27 18:50",NA,0
"2025-02-27 18:55",NA,0
"2025-02-27 19:00",0,0
"2025-02-27 19:05",NA,0
"2025-02-27 19:10",NA,0
"2025-02-27 19:15",NA,0
"2025-02-27 19:20",NA,0
"2025-02-27 19:25",NA,0
"2025-02-27 19:30",-0.8,0
"2025-02-27 19:35",NA,0
"2025-02-27 19:40",NA,0
"2025-02-27 19:45",NA,0
"2025-02-27 19:50",NA,0
"2025-02-27 19:55",NA,0
"2025-02-27 20:00",-1.3,0
"2025-02-27 20:05",NA,0
"2025-02-27 20:10",NA,0
"2025-02-27 20:15",NA,0
"2025-02-27 20:20",NA,0
"2025-02-27 20:25",NA,0
"2025-02-27 20:30",-1.8,0
"2025-02-27 20:35",NA,0
"2025-02-27 20:40",NA,0
"2025-02-27 20:45",NA,0
"2025-02-27 20:50",NA,0
"2025-02-27 20:55",NA,0
"2025-02-27 21:00",-2.3,0
"2025-02-27 21:05",NA,0
"2025-02-27 21:10",NA,0
"2025-02-27 21:15",NA,0
"2025-02-27 21:20",NA,0
"2025-02-27 21:25",NA,0
"2025-02-27 21:30",-2.7,0
"2025-02-27 21:35",NA,0
"2025-02-27 21:40",NA,0
"2025-02-27 21:45",NA,0
"2025-02-27 21:50",NA,0
"2025-02-27 21:55",NA,0
"2025-02-27 22:00",-2.4,0
"2025-02-27 22:05",NA,0
"2025-02-27 22:10",NA,0
"2025-02-27 22:15",NA,0
"2025-02-27 22:20",NA,0
"2025-02-27 22:25",NA,0
"2025-02-27 22:30",-1.9,0
"2025-02-27 22:35",NA,0
"2025-02-27 22:40",NA,0
"2025-02-27 22:45",NA,0
"2025-02-27 22:50",NA,0
"2025-02-27 22:55",NA,0
"2025-02-27 23:00",-1.6,0
"2025-02-27 23:05",NA,0
"2025-02-27 23:10",NA,0
"2025-02-27 23:15",NA,0
"2025-02-27 23:20",NA,0
"2025-02-27 23:25",NA,0
"2025-02-27 23:30",-1.8,0
"2025-02-27 23:35",NA,0
"2025-02-27 23:40",NA,0
"2025-02-27 23:45",NA,0
"2025-02-27 23:50",NA,0
"2025-02-27 23:55",NA,0
"2025-02-28 00:00",-1.6,0
"2025-02-28 00:05",NA,0
"2025-02-28 00:10",NA,0
"2025-02-28 00:15",NA,0
"2025-02-28 00:20",NA,0
"2025-02-28 00:25",NA,0
"2025-02-28 00:30",-1.9,0
"2025-02-28 00:35",NA,0
"2025-02-28 00:40",NA,0
"2025-02-28 00:45",NA,0
"2025-02-28 00:50",NA,0
"2025-02-28 00:55",NA,0
"2025-02-28 01:00",-2.3,0
"2025-02-28 01:05",NA,0
"2025-02-28 01:10",NA,0
"2025-02-28 01:15",NA,0
"2025-02-28 01:20",NA,0
"2025-02-28 01:25",NA,0
"2025-02-28 01:30",-3,0
"2025-02-28 01:35",NA,0
"2025-02-28 01:40",NA,0
"2025-02-28 01:45",NA,0
"2025-02-28 01:50",NA,0
"2025-02-28 01:55",NA,0
"2025-02-28 02:00",-3,0
"2025-02-28 02:05",NA,0
"2025-02-28 02:10",NA,0
"2025-02-28 02:15",NA,0
"2025-02-28 02:20",NA,0
"2025-02-28 02:25",NA,0
"2025-02-28 02:30",-2.9,0
"2025-02-28 02:35",NA,0
"2025-02-28 02:40",NA,0
"2025-02-28 02:45",NA,0
"2025-02-28 02:50",NA,0
"2025-02-28 02:55",NA,0
"2025-02-28 03:00",-3.4,0
"2025-02-28 03:05",NA,0
"2025-02-28 03:10",NA,0
"2025-02-28 03:15",NA,0
"2025-02-28 03:20",NA,0
"2025-02-28 03:25",NA,0
"2025-02-28 03:30",-3.8,0
"2025-02-28 03:35",NA,0
"2025-02-28 03:40",NA,0
"2025-02-28 03:45",NA,0
"2025-02-28 03:50",NA,0
"2025-02-28 03:55",NA,0
"2025-02-28 04:00",-3.9,0
"2025-02-28 04:05",NA,0
"2025-02-28 04:10",NA,0
"2025-02-28 04:15",NA,0
"2025-02-28 04:20",NA,0
"2025-02-28 04:25",NA,0
"2025-02-28 04:30",-3.9,0
"2025-02-28 04:35",NA,0
"2025-02-28 04:40",NA,0
"2025-02-28 04:45",NA,0
"2025-02-28 04:50",NA,0
"2025-02-28 04:55",NA,0
"2025-02-28 05:00",-3.9,0
"2025-02-28 05:05",NA,0
"2025-02-28 05:10",NA,0
"2025-02-28 05:15",NA,0
"2025-02-28 05:20",NA,0
"2025-02-28 05:25",NA,0
"2025-02-28 05:30",-4.099999,0
"2025-02-28 05:35",NA,0
"2025-02-28 05:40",NA,0
"2025-02-28 05:45",NA,0
"2025-02-28 05:50",NA,0
"2025-02-28 05:55",NA,0
"2025-02-28 06:00",-4,0
"2025-02-28 06:05",NA,0
"2025-02-28 06:10",NA,0
"2025-02-28 06:15",NA,0
"2025-02-28 06:20",NA,0
"2025-02-28 06:25",NA,0
"2025-02-28 06:30",-3.9,0
"2025-02-28 06:35",NA,0
"2025-02-28 06:40",NA,0
"2025-02-28 06:45",NA,0
"2025-02-28 06:50",NA,0
"2025-02-28 06:55",NA,0
"2025-02-28 07:00",-3.3,0
"2025-02-28 07:05",NA,0
"2025-02-28 07:10",NA,0
"2025-02-28 07:15",NA,0
"2025-02-28 07:20",NA,0
"2025-02-28 07:25",NA,0
"2025-02-28 07:30",1.7,0
"2025-02-28 07:35",NA,0
"2025-02-28 07:40",NA,0
"2025-02-28 07:45",NA,0
"2025-02-28 07:50",NA,0
"2025-02-28 07:55",NA,0
"2025-02-28 08:00",6,0
"2025-02-28 08:05",NA,0
"2025-02-28 08:10",NA,0
"2025-02-28 08:15",NA,0
"2025-02-28 08:20",NA,0
"2025-02-28 08:25",NA,0
"2025-02-28 08:30",8.799999,0
"2025-02-28 08:35",NA,0
"2025-02-28 08:40",NA,0
"2025-02-28 08:45",NA,0
"2025-02-28 08:50",NA,0
"2025-02-28 08:55",NA,0
"2025-02-28 09:00",10.1,0
"2025-02-28 09:05",NA,0
"2025-02-28 09:10",NA,0
"2025-02-28 09:15",NA,0
"2025-02-28 09:20",NA,0
"2025-02-28 09:25",NA,0
"2025-02-28 09:30",8.9,0
"2025-02-28 09:35",NA,0
"2025-02-28 09:40",NA,0
"2025-02-28 09:45",NA,0
"2025-02-28 09:50",NA,0
"2025-02-28 09:55",NA,0
"2025-02-28 10:00",7.9,0
"2025-02-28 10:05",NA,0
"2025-02-28 10:10",NA,0
"2025-02-28 10:15",NA,0
"2025-02-28 10:20",NA,0
"2025-02-28 10:25",NA,0
"2025-02-28 10:30",8.5,0
"2025-02-28 10:35",NA,0
"2025-02-28 10:40",NA,0
"2025-02-28 10:45",NA,0
"2025-02-28 10:50",NA,0
"2025-02-28 10:55",NA,0
"2025-02-28 11:00",8.9,0
"2025-02-28 11:05",NA,0
"2025-02-28 11:10",NA,0
"2025-02-28 11:15",NA,0
"2025-02-28 11:20",NA,0
"2025-02-28 11:25",NA,0
"2025-02-28 11:30",9.1,0
"2025-02-28 11:35",NA,0
"2025-02-28 11:40",NA,0
"2025-02-28 11:45",NA,0
"2025-02-28 11:50",NA,0
"2025-02-28 11:55",NA,0
"2025-02-28 12:00",8.4,0
"2025-02-28 12:05",NA,0
"2025-02-28 12:10",NA,0
"2025-02-28 12:15",NA,0
"2025-02-28 12:20",NA,0
"2025-02-28 12:25",NA,0
"2025-02-28 12:30",8.4,0
"2025-02-28 12:35",NA,0
"2025-02-28 12:40",NA,0
"2025-02-28 12:45",NA,0
"2025-02-28 12:50",NA,0
"2025-02-28 12:55",NA,0
"2025-02-28 13:00",9.1,0
"2025-02-28 13:05",NA,0
"2025-02-28 13:10",NA,0
"2025-02-28 13:15",NA,0
"2025-02-28 13:20",NA,0
"2025-02-28 13:25",NA,0
"2025-02-28 13:30",10,0
"2025-02-28 13:35",NA,0
"2025-02-28 13:40",NA,0
"2025-02-28 13:45",NA,0
"2025-02-28 13:50",NA,0
"2025-02-28 13:55",NA,0
"2025-02-28 14:00",10.4,0
"2025-02-28 14:05",NA,0
"2025-02-28 14:10",NA,0
"2025-02-28 14:15",NA,0
"2025-02-28 14:20",NA,0
"2025-02-28 14:25",NA,0
"2025-02-28 14:30",10.4,0
"2025-02-28 14:35",NA,0
"2025-02-28 14:40",NA,0
"2025-02-28 14:45",NA,0
"2025-02-28 14:50",NA,0
"2025-02-28 14:55",NA,0
"2025-02-28 15:00",9.9,0
"2025-02-28 15:05",NA,0
"2025-02-28 15:10",NA,0
"2025-02-28 15:15",NA,0
"2025-02-28 15:20",NA,0
"2025-02-28 15:25",NA,0
"2025-02-28 15:30",9.9,0
"2025-02-28 15:35",NA,0
"2025-02-28 15:40",NA,0
"2025-02-28 15:45",NA,0
"2025-02-28 15:50",NA,0
"2025-02-28 15:55",NA,0
"2025-02-28 16:00",9.4,0
"2025-02-28 16:05",NA,0
"2025-02-28 16:10",NA,0
"2025-02-28 16:15",NA,0
"2025-02-28 16:20",NA,0
"2025-02-28 16:25",NA,0
"2025-02-28 16:30",8.4,0
"2025-02-28 16:35",NA,0
"2025-02-28 16:40",NA,0
"2025-02-28 16:45",NA,0
"2025-02-28 16:50",NA,0
"2025-02-28 16:55",NA,0
"2025-02-28 17:00",7.4,0
"2025-02-28 17:05",NA,0
"2025-02-28 17:10",NA,0
"2025-02-28 17:15",NA,0
"2025-02-28 17:20",NA,0
"2025-02-28 17:25",NA,0
"2025-02-28 17:30",5.9,0
"2025-02-28 17:35",NA,0
"2025-02-28 17:40",NA,0
"2025-02-28 17:45",NA,0
"2025-02-28 17:50",NA,0
"2025-02-28 17:55",NA,0
"2025-02-28 18:00",3.7,0
"2025-02-28 18:05",NA,0
"2025-02-28 18:10",NA,0
"2025-02-28 18:15",NA,0
"2025-02-28 18:20",NA,0
"2025-02-28 18:25",NA,0
"2025-02-28 18:30",1.7,0
"2025-02-28 18:35",NA,0
"2025-02-28 18:40",NA,0
"2025-02-28 18:45",NA,0
"2025-02-28 18:50",NA,0
"2025-02-28 18:55",NA,0
"2025-02-28 19:00",0.3,0
"2025-02-28 19:05",NA,0
"2025-02-28 19:10",NA,0
"2025-02-28 19:15",NA,0
"2025-02-28 19:20",NA,0
"2025-02-28 19:25",NA,0
"2025-02-28 19:30",-0.4,0
"2025-02-28 19:35",NA,0
"2025-02-28 19:40",NA,0
"2025-02-28 19:45",NA,0
"2025-02-28 19:50",NA,0
"2025-02-28 19:55",NA,0
"2025-02-28 20:00",-1,0
"2025-02-28 20:05",NA,0
"2025-02-28 20:10",NA,0
"2025-02-28 20:15",NA,0
"2025-02-28 20:20",NA,0
"2025-02-28 20:25",NA,0
"2025-02-28 20:30",-1.6,0
"2025-02-28 20:35",NA,0
"2025-02-28 20:40",NA,0
"2025-02-28 20:45",NA,0
"2025-02-28 20:50",NA,0
"2025-02-28 20:55",NA,0
"2025-02-28 21:00",-2.3,0
"2025-02-28 21:05",NA,0
"2025-02-28 21:10",NA,0
"2025-02-28 21:15",NA,0
"2025-02-28 21:20",NA,0
"2025-02-28 21:25",NA,0
"2025-02-28 21:30",-3.2,0
"2025-02-28 21:35",NA,0
"2025-02-28 21:40",NA,0
"2025-02-28 21:45",NA,0
"2025-02-28 21:50",NA,0
"2025-02-28 21:55",NA,0
"2025-02-28 22:00",-2.9,0
"2025-02-28 22:05",NA,0
"2025-02-28 22:10",NA,0
"2025-02-28 22:15",NA,0
"2025-02-28 22:20",NA,0
"2025-02-28 22:25",NA,0
"2025-02-28 22:30",-1.7,0
"2025-02-28 22:35",NA,0
"2025-02-28 22:40",NA,0
"2025-02-28 22:45",NA,0
"2025-02-28 22:50",NA,0
"2025-02-28 22:55",NA,0
"2025-02-28 23:00",-0.7,0
"2025-02-28 23:05",NA,0
"2025-02-28 23:10",NA,0
"2025-02-28 23:15",NA,0
"2025-02-28 23:20",NA,0
"2025-02-28 23:25",NA,0
"2025-02-28 23:30",-0.1,0
"2025-02-28 23:35",NA,0
"2025-02-28 23:40",NA,0
"2025-02-28 23:45",NA,0
"2025-02-28 23:50",NA,0
"2025-02-28 23:55",NA,0
"2025-03-01 00:00",-0.2,0
"2025-03-01 00:05",NA,0
"2025-03-01 00:10",NA,0
"2025-03-01 00:15",NA,0
"2025-03-01 00:20",NA,0
"2025-03-01 00:25",NA,0
"2025-03-01 00:30",-0.5,0
"2025-03-01 00:35",NA,0
"2025-03-01 00:40",NA,0
"2025-03-01 00:45",NA,0
"2025-03-01 00:50",NA,0
"2025-03-01 00:55",NA,0
"2025-03-01 01:00",-1,0
"2025-03-01 01:05",NA,0
"2025-03-01 01:10",NA,0
"2025-03-01 01:15",NA,0
"2025-03-01 01:20",NA,0
"2025-03-01 01:25",NA,0
"2025-03-01 01:30",-1.6,0
"2025-03-01 01:35",NA,0
"2025-03-01 01:40",NA,0
"2025-03-01 01:45",NA,0
"2025-03-01 01:50",NA,0
"2025-03-01 01:55",NA,0
"2025-03-01 02:00",-1.9,0
"2025-03-01 02:05",NA,0
"2025-03-01 02:10",NA,0
"2025-03-01 02:15",NA,0
"2025-03-01 02:20",NA,0
"2025-03-01 02:25",NA,0
"2025-03-01 02:30",-1.9,0
"2025-03-01 02:35",NA,0
"2025-03-01 02:40",NA,0
"2025-03-01 02:45",NA,0
"2025-03-01 02:50",NA,0
"2025-03-01 02:55",NA,0
"2025-03-01 03:00",-1.4,0
"2025-03-01 03:05",NA,0
"2025-03-01 03:10",NA,0
"2025-03-01 03:15",NA,0
"2025-03-01 03:20",NA,0
"2025-03-01 03:25",NA,0
"2025-03-01 03:30",-1.4,0
"2025-03-01 03:35",NA,0
"2025-03-01 03:40",NA,0
"2025-03-01 03:45",NA,0
"2025-03-01 03:50",NA,0
"2025-03-01 03:55",NA,0
"2025-03-01 04:00",-1.4,0
"2025-03-01 04:05",NA,0
"2025-03-01 04:10",NA,0
"2025-03-01 04:15",NA,0
"2025-03-01 04:20",NA,0
"2025-03-01 04:25",NA,0
"2025-03-01 04:30",-1.8,0
"2025-03-01 04:35",NA,0
"2025-03-01 04:40",NA,0
"2025-03-01 04:45",NA,0
"2025-03-01 04:50",NA,0
"2025-03-01 04:55",NA,0
"2025-03-01 05:00",-2.4,0
"2025-03-01 05:05",NA,0
"2025-03-01 05:10",NA,0
"2025-03-01 05:15",NA,0
"2025-03-01 05:20",NA,0
"2025-03-01 05:25",NA,0
"2025-03-01 05:30",-2.4,0
"2025-03-01 05:35",NA,0
"2025-03-01 05:40",NA,0
"2025-03-01 05:45",NA,0
"2025-03-01 05:50",NA,0
"2025-03-01 05:55",NA,0
"2025-03-01 06:00",-2,0
"2025-03-01 06:05",NA,0
"2025-03-01 06:10",NA,0
"2025-03-01 06:15",NA,0
"2025-03-01 06:20",NA,0
"2025-03-01 06:25",NA,0
"2025-03-01 06:30",-1.8,0
"2025-03-01 06:35",NA,0
"2025-03-01 06:40",NA,0
"2025-03-01 06:45",NA,0
"2025-03-01 06:50",NA,0
"2025-03-01 06:55",NA,0
"2025-03-01 07:00",0.2,0
"2025-03-01 07:05",NA,0
"2025-03-01 07:10",NA,0
"2025-03-01 07:15",NA,0
"2025-03-01 07:20",NA,0
"2025-03-01 07:25",NA,0
"2025-03-01 07:30",4.9,0
"2025-03-01 07:35",NA,0
"2025-03-01 07:40",NA,0
"2025-03-01 07:45",NA,0
"2025-03-01 07:50",NA,0
"2025-03-01 07:55",NA,0
"2025-03-01 08:00",6.8,0
"2025-03-01 08:05",NA,0
"2025-03-01 08:10",NA,0
"2025-03-01 08:15",NA,0
"2025-03-01 08:20",NA,0
"2025-03-01 08:25",NA,0
"2025-03-01 08:30",5.4,0
"2025-03-01 08:35",NA,0
"2025-03-01 08:40",NA,0
"2025-03-01 08:45",NA,0
"2025-03-01 08:50",NA,0
"2025-03-01 08:55",NA,0
"2025-03-01 09:00",3.9,0
"2025-03-01 09:05",NA,0
"2025-03-01 09:10",NA,0
"2025-03-01 09:15",NA,0
"2025-03-01 09:20",NA,0
"2025-03-01 09:25",NA,0
"2025-03-01 09:30",4.4,0
"2025-03-01 09:35",NA,0
"2025-03-01 09:40",NA,0
"2025-03-01 09:45",NA,0
"2025-03-01 09:50",NA,0
"2025-03-01 09:55",NA,0
"2025-03-01 10:00",6.099999,0
"2025-03-01 10:05",NA,0
"2025-03-01 10:10",NA,0
"2025-03-01 10:15",NA,0
"2025-03-01 10:20",NA,0
"2025-03-01 10:25",NA,0
"2025-03-01 10:30",8.199999,0
"2025-03-01 10:35",NA,0
"2025-03-01 10:40",NA,0
"2025-03-01 10:45",NA,0
"2025-03-01 10:50",NA,0
"2025-03-01 10:55",NA,0
"2025-03-01 11:00",7.9,0
"2025-03-01 11:05",NA,0
"2025-03-01 11:10",NA,0
"2025-03-01 11:15",NA,0
"2025-03-01 11:20",NA,0
"2025-03-01 11:25",NA,0
"2025-03-01 11:30",7.5,0
"2025-03-01 11:35",NA,0
"2025-03-01 11:40",NA,0
"2025-03-01 11:45",NA,0
"2025-03-01 11:50",NA,0
"2025-03-01 11:55",NA,0
"2025-03-01 12:00",8.6,0
"2025-03-01 12:05",NA,0
"2025-03-01 12:10",NA,0
"2025-03-01 12:15",NA,0
"2025-03-01 12:20",NA,0
"2025-03-01 12:25",NA,0
"2025-03-01 12:30",7.2,0
"2025-03-01 12:35",NA,0
"2025-03-01 12:40",NA,0
"2025-03-01 12:45",NA,0
"2025-03-01 12:50",NA,0.119994999999989
"2025-03-01 12:55",NA,0.270996999999994
"2025-03-01 13:00",6.2,0.23550400000002
"2025-03-01 13:05",NA,0.101500999999985
"2025-03-01 13:10",NA,0.0164800000000014
"2025-03-01 13:15",NA,0.0230099999999993
"2025-03-01 13:20",NA,0.0134890000000212
"2025-03-01 13:25",NA,0
"2025-03-01 13:30",6.2,0
"2025-03-01 13:35",NA,0
"2025-03-01 13:40",NA,0
"2025-03-01 13:45",NA,0
"2025-03-01 13:50",NA,0
"2025-03-01 13:55",NA,0
"2025-03-01 14:00",5.9,0
"2025-03-01 14:05",NA,0
"2025-03-01 14:10",NA,0
"2025-03-01 14:15",NA,0
"2025-03-01 14:20",NA,0
"2025-03-01 14:25",NA,0
"2025-03-01 14:30",4.7,0
"2025-03-01 14:35",NA,0
"2025-03-01 14:40",NA,0
"2025-03-01 14:45",NA,0.109007999999989
"2025-03-01 14:50",NA,0.0690009999999859
"2025-03-01 14:55",NA,0.0435180000000059
"2025-03-01 15:00",3.8,0.071472
"2025-03-01 15:05",NA,0.0935060000000192
"2025-03-01 15:10",NA,0.0469969999999762
"2025-03-01 15:15",NA,0.0315250000000162
"2025-03-01 15:20",NA,0.0314939999999808
"2025-03-01 15:25",NA,0.0929870000000221
"2025-03-01 15:30",3.4,0.199005
"2025-03-01 15:35",NA,0.152495999999985
"2025-03-01 15:40",NA,0.156006000000019
"2025-03-01 15:45",NA,0.0459899999999891
"2025-03-01 15:50",NA,0.00399799999999573
"2025-03-01 15:55",NA,0
"2025-03-01 16:00",3.6,0
"2025-03-01 16:05",NA,0
"2025-03-01 16:10",NA,0
"2025-03-01 16:15",NA,0
"2025-03-01 16:20",NA,0
"2025-03-01 16:25",NA,0
"2025-03-01 16:30",3.7,0
"2025-03-01 16:35",NA,0.0610039999999969
"2025-03-01 16:40",NA,0.138001000000003
"2025-03-01 16:45",NA,0.0989989999999921
"2025-03-01 16:50",NA,0.101013000000023
"2025-03-01 16:55",NA,0.0564880000000016
"2025-03-01 17:00",2.8,0.0320129999999779
"2025-03-01 17:05",NA,0.00848400000000993
"2025-03-01 17:10",NA,0.00051899999999705
"2025-03-01 17:15",NA,0.000487999999990052
"2025-03-01 17:20",NA,0
"2025-03-01 17:25",NA,0
"2025-03-01 17:30",2.8,0
"2025-03-01 17:35",NA,0
"2025-03-01 17:40",NA,0
"2025-03-01 17:45",NA,0
"2025-03-01 17:50",NA,0
"2025-03-01 17:55",NA,0
"2025-03-01 18:00",2.4,0
"2025-03-01 18:05",NA,0
"2025-03-01 18:10",NA,0
"2025-03-01 18:15",NA,0
"2025-03-01 18:20",NA,0
"2025-03-01 18:25",NA,0
"2025-03-01 18:30",1.8,0
"2025-03-01 18:35",NA,0
"2025-03-01 18:40",NA,0
"2025-03-01 18:45",NA,0
"2025-03-01 18:50",NA,0
"2025-03-01 18:55",NA,0
"2025-03-01 19:00",1.4,0
"2025-03-01 19:05",NA,0
"2025-03-01 19:10",NA,0
"2025-03-01 19:15",NA,0
"2025-03-01 19:20",NA,0
"2025-03-01 19:25",NA,0
"2025-03-01 19:30",1.2,0
"2025-03-01 19:35",NA,0
"2025-03-01 19:40",NA,0
"2025-03-01 19:45",NA,0
"2025-03-01 19:50",NA,0
"2025-03-01 19:55",NA,0
"2025-03-01 20:00",0.9,0
"2025-03-01 20:05",NA,0
"2025-03-01 20:10",NA,0
"2025-03-01 20:15",NA,0
"2025-03-01 20:20",NA,0
"2025-03-01 20:25",NA,0
"2025-03-01 20:30",0.6,0
"2025-03-01 20:35",NA,0
"2025-03-01 20:40",NA,0
"2025-03-01 20:45",NA,0
"2025-03-01 20:50",NA,0
"2025-03-01 20:55",NA,0
"2025-03-01 21:00",0.6,0
"2025-03-01 21:05",NA,0
"2025-03-01 21:10",NA,0
"2025-03-01 21:15",NA,0
"2025-03-01 21:20",NA,0
"2025-03-01 21:25",NA,0
"2025-03-01 21:30",0.4,0
"2025-03-01 21:35",NA,0
"2025-03-01 21:40",NA,0
"2025-03-01 21:45",NA,0
"2025-03-01 21:50",NA,0
"2025-03-01 21:55",NA,0
"2025-03-01 22:00",0.4,0
"2025-03-01 22:05",NA,0
"2025-03-01 22:10",NA,0
"2025-03-01 22:15",NA,0
"2025-03-01 22:20",NA,0
"2025-03-01 22:25",NA,0
"2025-03-01 22:30",0.1,0
"2025-03-01 22:35",NA,0
"2025-03-01 22:40",NA,0
"2025-03-01 22:45",NA,0
"2025-03-01 22:50",NA,0
"2025-03-01 22:55",NA,0
"2025-03-01 23:00",-0.1,0
"2025-03-01 23:05",NA,0
"2025-03-01 23:10",NA,0
"2025-03-01 23:15",NA,0
"2025-03-01 23:20",NA,0
"2025-03-01 23:25",NA,0
"2025-03-01 23:30",-0.5,0
"2025-03-01 23:35",NA,0
"2025-03-01 23:40",NA,0
"2025-03-01 23:45",NA,0
"2025-03-01 23:50",NA,0
"2025-03-01 23:55",NA,0
"2025-03-02 00:00",-0.7,0
"2025-03-02 00:05",NA,0
"2025-03-02 00:10",NA,0
"2025-03-02 00:15",NA,0
"2025-03-02 00:20",NA,0
"2025-03-02 00:25",NA,0
"2025-03-02 00:30",-0.9,0
"2025-03-02 00:35",NA,0
"2025-03-02 00:40",NA,0
"2025-03-02 00:45",NA,0
"2025-03-02 00:50",NA,0
"2025-03-02 00:55",NA,0
"2025-03-02 01:00",-1.1,0
"2025-03-02 01:05",NA,0
"2025-03-02 01:10",NA,0
"2025-03-02 01:15",NA,0
"2025-03-02 01:20",NA,0
"2025-03-02 01:25",NA,0
"2025-03-02 01:30",-0.9,0
"2025-03-02 01:35",NA,0
"2025-03-02 01:40",NA,0
"2025-03-02 01:45",NA,0
"2025-03-02 01:50",NA,0
"2025-03-02 01:55",NA,0
"2025-03-02 02:00",-0.4,0
"2025-03-02 02:05",NA,0
"2025-03-02 02:10",NA,0
"2025-03-02 02:15",NA,0
"2025-03-02 02:20",NA,0
"2025-03-02 02:25",NA,0
"2025-03-02 02:30",-0.2,0
"2025-03-02 02:35",NA,0
"2025-03-02 02:40",NA,0
"2025-03-02 02:45",NA,0
"2025-03-02 02:50",NA,0
"2025-03-02 02:55",NA,0
"2025-03-02 03:00",-0.4,0
"2025-03-02 03:05",NA,0
"2025-03-02 03:10",NA,0
"2025-03-02 03:15",NA,0
"2025-03-02 03:20",NA,0
"2025-03-02 03:25",NA,0
"2025-03-02 03:30",-0.6,0
"2025-03-02 03:35",NA,0
"2025-03-02 03:40",NA,0
"2025-03-02 03:45",NA,0
"2025-03-02 03:50",NA,0
"2025-03-02 03:55",NA,0
"2025-03-02 04:00",-0.8,0
"2025-03-02 04:05",NA,0
"2025-03-02 04:10",NA,0
"2025-03-02 04:15",NA,0
"2025-03-02 04:20",NA,0
"2025-03-02 04:25",NA,0
"2025-03-02 04:30",-0.8,0
"2025-03-02 04:35",NA,0
"2025-03-02 04:40",NA,0
"2025-03-02 04:45",NA,0
"2025-03-02 04:50",NA,0
"2025-03-02 04:55",NA,0
"2025-03-02 05:00",-0.9,0
"2025-03-02 05:05",NA,0
"2025-03-02 05:10",NA,0
"2025-03-02 05:15",NA,0
"2025-03-02 05:20",NA,0
"2025-03-02 05:25",NA,0
"2025-03-02 05:30",-0.8,0
"2025-03-02 05:35",NA,0
"2025-03-02 05:40",NA,0
"2025-03-02 05:45",NA,0
"2025-03-02 05:50",NA,0
"2025-03-02 05:55",NA,0
"2025-03-02 06:00",-0.6,0
"2025-03-02 06:05",NA,0
"2025-03-02 06:10",NA,0
"2025-03-02 06:15",NA,0
"2025-03-02 06:20",NA,0
"2025-03-02 06:25",NA,0
"2025-03-02 06:30",-0.2,0
"2025-03-02 06:35",NA,0
"2025-03-02 06:40",NA,0
"2025-03-02 06:45",NA,0
"2025-03-02 06:50",NA,0
"2025-03-02 06:55",NA,0
"2025-03-02 07:00",0.5,0
"2025-03-02 07:05",NA,0
"2025-03-02 07:10",NA,0
"2025-03-02 07:15",NA,0
"2025-03-02 07:20",NA,0
"2025-03-02 07:25",NA,0
"2025-03-02 07:30",1.2,0
"2025-03-02 07:35",NA,0
"2025-03-02 07:40",NA,0
"2025-03-02 07:45",NA,0
"2025-03-02 07:50",NA,0
"2025-03-02 07:55",NA,0
"2025-03-02 08:00",2.3,0
"2025-03-02 08:05",NA,0
"2025-03-02 08:10",NA,0
"2025-03-02 08:15",NA,0
"2025-03-02 08:20",NA,0
"2025-03-02 08:25",NA,0
"2025-03-02 08:30",3.9,0
"2025-03-02 08:35",NA,0
"2025-03-02 08:40",NA,0
"2025-03-02 08:45",NA,0
"2025-03-02 08:50",NA,0
"2025-03-02 08:55",NA,0
"2025-03-02 09:00",5.2,0
"2025-03-02 09:05",NA,0
"2025-03-02 09:10",NA,0
"2025-03-02 09:15",NA,0
"2025-03-02 09:20",NA,0
"2025-03-02 09:25",NA,0
"2025-03-02 09:30",5.3,0
"2025-03-02 09:35",NA,0
"2025-03-02 09:40",NA,0
"2025-03-02 09:45",NA,0
"2025-03-02 09:50",NA,0
"2025-03-02 09:55",NA,0
"2025-03-02 10:00",7.099999,0
"2025-03-02 10:05",NA,0
"2025-03-02 10:10",NA,0
"2025-03-02 10:15",NA,0
"2025-03-02 10:20",NA,0
"2025-03-02 10:25",NA,0
"2025-03-02 10:30",8.699999,0
"2025-03-02 10:35",NA,0
"2025-03-02 10:40",NA,0
"2025-03-02 10:45",NA,0
"2025-03-02 10:50",NA,0
"2025-03-02 10:55",NA,0
"2025-03-02 11:00",8.5,0
"2025-03-02 11:05",NA,0
"2025-03-02 11:10",NA,0
"2025-03-02 11:15",NA,0
"2025-03-02 11:20",NA,0
"2025-03-02 11:25",NA,0
"2025-03-02 11:30",6.9,0.277985000000001
"2025-03-02 11:35",NA,1.23651100000001
"2025-03-02 11:40",NA,0.747498000000007
"2025-03-02 11:45",NA,0.478514999999987
"2025-03-02 11:50",NA,0.293487999999996
"2025-03-02 11:55",NA,0.123016000000007
"2025-03-02 12:00",3.7,0.0524900000000059
"2025-03-02 12:05",NA,0.0149839999999983
"2025-03-02 12:10",NA,0.00250299999999015
"2025-03-02 12:15",NA,0
"2025-03-02 12:20",NA,0
"2025-03-02 12:25",NA,0
"2025-03-02 12:30",2.2,0
"2025-03-02 12:35",NA,0
"2025-03-02 12:40",NA,0.0640260000000126
"2025-03-02 12:45",NA,0.0864870000000053
"2025-03-02 12:50",NA,0.0404959999999903
"2025-03-02 12:55",NA,0.0540159999999901
"2025-03-02 13:00",1.6,0.0560000000000116
"2025-03-02 13:05",NA,0.0554810000000145
"2025-03-02 13:10",NA,0.00250299999999015
"2025-03-02 13:15",NA,0.00601199999999835
"2025-03-02 13:20",NA,0
"2025-03-02 13:25",NA,0
"2025-03-02 13:30",2,0
"2025-03-02 13:35",NA,0
"2025-03-02 13:40",NA,0
"2025-03-02 13:45",NA,0
"2025-03-02 13:50",NA,0
"2025-03-02 13:55",NA,0
"2025-03-02 14:00",2.5,0
"2025-03-02 14:05",NA,0
"2025-03-02 14:10",NA,0
"2025-03-02 14:15",NA,0
"2025-03-02 14:20",NA,0
"2025-03-02 14:25",NA,0
"2025-03-02 14:30",3.4,0
"2025-03-02 14:35",NA,0
"2025-03-02 14:40",NA,0
"2025-03-02 14:45",NA,0
"2025-03-02 14:50",NA,0
"2025-03-02 14:55",NA,0
"2025-03-02 15:00",3.8,0
"2025-03-02 15:05",NA,0
"2025-03-02 15:10",NA,0
"2025-03-02 15:15",NA,0
"2025-03-02 15:20",NA,0
"2025-03-02 15:25",NA,0
"2025-03-02 15:30",NA,0
"2025-01-15 12:55",NA,0.005
"2025-01-15 13:05",NA,0.0145
"2025-01-15 13:10",NA,0.0145
"2025-01-15 13:15",NA,0.026
"2025-01-15 13:30",4.9,0.144
"2025-01-15 13:35",NA,0.0925
"2025-01-15 13:40",NA,0.00600000000000001
"2025-01-16 13:05",NA,0.111
"2025-01-17 14:05",NA,0.106
"2025-01-17 14:10",NA,0.0295000000000001
"2025-01-17 14:15",NA,0.028
"2025-01-17 14:20",NA,0.00800000000000001
"2025-01-17 14:25",NA,0.0245
"2025-01-17 14:30",1.7,0.00500000000000012
"2025-01-17 16:00",2.2,0.13
"2025-01-17 16:05",NA,0.0669999999999999
"2025-01-17 16:10",NA,0.05
"2025-01-17 16:15",NA,0.042
"2025-01-17 16:20",NA,0.026
"2025-01-17 16:25",NA,0.0149999999999999
"2025-01-17 16:30",1.8,0.00700000000000012
"2025-01-17 16:35",NA,0.00349999999999984
"2025-01-18 11:10",NA,0.0454999999999999
"2025-01-18 11:15",NA,0.1715
"2025-01-18 11:20",NA,0.0880000000000001
"2025-01-18 11:25",NA,0.0349999999999999
"2025-01-18 11:30",5.099999,0.0225
"2025-01-18 11:35",NA,0.0460000000000003
"2025-01-18 11:40",NA,0.11
"2025-01-18 11:45",NA,0.0609999999999999
"2025-01-18 11:50",NA,0.0274999999999999
"2025-01-18 11:55",NA,0.0225
"2025-01-18 12:05",NA,0.00200000000000022
"2025-01-20 12:45",NA,0.174
"2025-01-20 12:55",NA,0.0880000000000001
"2025-01-20 13:00",3.9,0.0185
"2025-01-20 13:05",NA,0.0215000000000001
"2025-01-20 13:10",NA,0.00249999999999995
"2025-01-20 13:15",NA,0.0385
"2025-01-20 13:20",NA,0.1375
"2025-01-20 13:25",NA,0.172
"2025-01-20 13:30",3,0.185
"2025-01-20 13:35",NA,0.233
"2025-01-20 13:40",NA,0.1575
"2025-01-20 13:50",NA,0.024
"2025-01-20 13:55",NA,0.0169999999999999
"2025-01-20 14:00",2.3,0.004
"2025-01-20 14:10",NA,0.00700000000000012
"2025-01-20 14:15",NA,0.00350000000000028
"2025-01-20 14:45",NA,0.0855000000000001
"2025-01-20 14:50",NA,0.2745
"2025-01-20 14:55",NA,0.361
"2025-01-20 15:00",2.4,0.237
"2025-01-20 15:05",NA,0.148
"2025-01-20 15:10",NA,0.1035
"2025-01-20 15:15",NA,0.0854999999999997
"2025-01-20 15:20",NA,0.0329990000000002
"2025-01-20 15:25",NA,0.0145010000000001
"2025-01-20 15:30",1.6,0.0164999999999997
"2025-01-20 15:35",NA,0.0125000000000002
"2025-01-20 15:40",NA,0.0434999999999999
"2025-01-20 15:45",NA,0.0609999999999999
"2025-01-20 15:50",NA,0.0955000000000004
"2025-01-20 16:00",1.2,0.0179999999999998
"2025-01-20 16:05",NA,0.0499999999999998
"2025-01-20 16:10",NA,0.0865
"2025-01-20 16:15",NA,0.0914999999999999
"2025-01-20 16:20",NA,0.0614990000000004
"2025-01-20 16:25",NA,0.0375009999999998
"2025-01-20 16:30",1,0.0110000000000001
"2025-01-20 16:35",NA,0.00800000000000001
"2025-01-20 16:40",NA,0.0139999999999993
"2025-01-20 16:45",NA,0.0125000000000002
"2025-01-20 16:50",NA,0.0135000000000005
"2025-01-20 16:55",NA,0.00249899999999936
"2025-01-20 17:00",0.9,0.00250100000000053
"2025-01-20 17:30",0.8,0.0865
"2025-01-20 17:35",NA,0.209
"2025-01-20 17:40",NA,0.0959989999999999
"2025-01-20 17:45",NA,0.0325009999999999
"2025-01-20 17:50",NA,0.0900000000000007
"2025-01-20 17:55",NA,0.127
"2025-01-20 18:00",0.7,0.186
"2025-01-20 18:05",NA,0.19
"2025-01-20 18:10",NA,0.199000000000001
"2025-01-20 18:15",NA,0.2105
"2025-01-20 18:20",NA,0.1645
"2025-01-20 18:25",NA,0.141999999999999
"2025-01-20 18:30",0.4,0.1515
"2025-01-20 18:35",NA,0.142999000000001
"2025-01-20 18:40",NA,0.141000999999999
"2025-01-20 18:45",NA,0.128
"2025-01-20 18:50",NA,0.1395
"2025-01-20 18:55",NA,0.148999999999999
"2025-01-20 19:00",0.3,0.156500000000001
"2025-01-20 19:05",NA,0.129999
"2025-01-20 19:10",NA,0.132
"2025-01-20 19:15",NA,0.138500000000001
"2025-01-20 19:20",NA,0.125499999999999
"2025-01-20 19:25",NA,0.123501000000001
"2025-01-20 19:30",0.1,0.120001
"2025-01-20 19:35",NA,0.0994979999999988
"2025-01-20 19:40",NA,0.0760010000000015
"2025-01-20 19:45",NA,0.0609999999999999
"2025-01-20 19:50",NA,0.0559999999999992
"2025-01-20 19:55",NA,0.053999000000001
"2025-01-20 20:00",-0.1,0.0705009999999984
"2025-01-20 20:05",NA,0.0479990000000008
"2025-01-20 20:10",NA,0.0505010000000006
"2025-01-20 20:15",NA,0.0659999999999989
"2025-01-20 20:20",NA,0.0750000000000011
"2025-01-20 20:25",NA,0.077
"2025-01-20 20:30",-0.4,0.046498999999999
"2025-01-20 20:35",NA,0.0725010000000008
"2025-01-20 20:40",NA,0.0869999999999997
"2025-01-20 20:45",NA,0.0869990000000005
"2025-01-20 20:50",NA,0.128000999999999
"2025-01-20 20:55",NA,0.112499
"2025-01-20 21:00",-0.4,0.108501
"2025-01-20 21:05",NA,0.1395
"2025-01-20 21:10",NA,0.1805
"2025-01-20 21:15",NA,0.151999999999999
"2025-01-20 21:20",NA,0.126999
"2025-01-20 21:25",NA,0.139000000000001
"2025-01-20 21:30",-0.4,0.133500999999999
"2025-01-20 21:35",NA,0.1715
"2025-01-20 21:40",NA,0.137500000000001
"2025-01-20 21:45",NA,0.189999
"2025-01-20 21:50",NA,0.183999999999999
"2025-01-20 21:55",NA,0.1835
"2025-01-20 22:00",-0.1,0.172501
"2025-01-20 22:05",NA,0.183499999999999
"2025-01-20 22:10",NA,0.192999
"2025-01-20 22:15",NA,0.191000000000001
"2025-01-20 22:20",NA,0.141501
"2025-01-20 22:25",NA,0.222
"2025-01-20 22:30",0.1,0.173500000000001
"2025-01-20 22:35",NA,0.148
"2025-01-20 22:40",NA,0.177999999999999
"2025-01-20 22:45",NA,0.111999000000001
"2025-01-20 22:50",NA,0.104001
"2025-01-20 22:55",NA,0.103999999999999
"2025-01-20 23:00",0.2,0.127000000000001
"2025-01-20 23:05",NA,0.140000000000001
"2025-01-20 23:10",NA,0.193000999999999
"2025-01-20 23:15",NA,0.0704989999999999
"2025-01-20 23:20",NA,0.112
"2025-01-20 23:25",NA,0.129499000000001
"2025-01-20 23:30",0.2,0.128501999999999
"2025-01-20 23:35",NA,0.183998000000001
"2025-01-20 23:40",NA,0.1775
"2025-01-20 23:45",NA,0.158499999999998
"2025-01-20 23:50",NA,0.183001000000001
"2025-01-20 23:55",NA,0.185001
"2025-01-21 00:00",0.1,0.152501000000001
"2025-01-21 00:05",NA,0.155998
"2025-01-21 00:10",NA,0.168997999999998
"2025-01-21 00:15",NA,0.179501000000002
"2025-01-21 00:20",NA,0.153499999999998
"2025-01-21 00:25",NA,0.148502000000001
"2025-01-21 00:30",0,0.144497000000001
"2025-01-21 00:35",NA,0.127002999999998
"2025-01-21 00:40",NA,0.146000000000001
"2025-01-21 00:45",NA,0.164497000000001
"2025-01-21 00:50",NA,0.151001000000001
"2025-01-21 00:55",NA,0.128001999999999
"2025-01-21 01:00",-0.1,0.126498999999999
"2025-01-21 01:05",NA,0.0890009999999997
"2025-01-21 01:10",NA,0.0524979999999999
"2025-01-21 01:15",NA,0.042499000000003
"2025-01-21 01:20",NA,0.0715029999999999
"2025-01-21 01:25",NA,0.055495999999998
"2025-01-21 01:35",NA,0.0274999999999999
"2025-01-21 01:40",NA,0.0254979999999989
"2025-01-21 01:45",NA,0.0195000000000007
"2025-01-21 01:50",NA,0.00899899999999931
"2025-01-21 01:55",NA,0.0149989999999995
"2025-01-21 02:00",-0.5,0.00750400000000084
"2025-01-21 02:05",NA,0.00499699999999947
"2025-01-21 02:10",NA,0.00450200000000223
"2025-01-21 02:15",NA,0.00199899999999786
"2025-01-21 02:20",NA,0.00199800000000039
"2025-01-21 17:40",NA,0.108502000000001
"2025-01-21 17:45",NA,0.0494990000000008
"2025-01-21 17:50",NA,0.020000999999997
"2025-01-21 17:55",NA,0.0294990000000013
"2025-01-21 18:00",0.9,0.0810010000000005
"2025-01-21 18:05",NA,0.0899999999999999
"2025-01-21 18:10",NA,0.0945019999999985
"2025-01-21 18:15",NA,0.115997
"2025-01-21 18:20",NA,0.121502
"2025-01-21 18:25",NA,0.0649990000000003
"2025-01-21 18:30",0.8,0.0549999999999997
"2025-01-21 18:35",NA,0.0860020000000006
"2025-01-21 18:40",NA,0.122998000000003
"2025-01-21 18:45",NA,0.102500999999997
"2025-01-21 18:50",NA,0.0704990000000016
"2025-01-21 18:55",NA,0.0784990000000008
"2025-01-21 19:00",0.5,0.0850030000000004
"2025-01-21 19:05",NA,0.0779989999999984
"2025-01-21 19:15",NA,0.0775040000000011
"2025-01-21 19:20",NA,0.0535009999999971
"2025-01-21 19:25",NA,0.0799980000000033
"2025-01-21 19:30",0.3,0.0559999999999974
"2025-01-21 19:35",NA,0.0104980000000019
"2025-01-22 07:55",NA,0.137999999999998
"2025-01-22 08:00",1.4,0.021999000000001
"2025-01-22 08:05",NA,0.00300299999999964
"2025-01-22 08:10",NA,0.0149989999999995
"2025-01-22 15:45",NA,0.0914990000000024
"2025-01-22 15:50",NA,0.0120009999999979
"2025-01-22 15:55",NA,0.045501999999999
"2025-01-22 16:00",3,0.0344960000000007
"2025-01-22 16:05",NA,0.0215040000000002
"2025-01-22 17:40",NA,0.137997000000002
"2025-01-22 17:45",NA,0.0335000000000001
"2025-01-22 17:50",NA,0.0515019999999993
"2025-01-22 17:55",NA,0.070999999999998
"2025-01-22 18:00",1,0.0629990000000014
"2025-01-22 18:05",NA,0.0400010000000002
"2025-01-22 18:10",NA,0.00799999999999912
"2025-01-22 18:15",NA,0.00299800000000161
"2025-01-22 21:35",NA,0.199000999999999
"2025-01-22 21:40",NA,0.0494999999999983
"2025-01-22 21:45",NA,0.00400100000000236
"2025-01-22 21:50",NA,0.0130009999999992
"2025-01-22 21:55",NA,0.0294990000000013
"2025-01-23 04:15",NA,0.106498999999999
"2025-01-23 04:20",NA,0.0335000000000001
"2025-01-23 04:25",NA,0.0234989999999975
"2025-01-23 04:30",-0.4,0.0480000000000018
"2025-01-23 04:35",NA,0.0680009999999989
"2025-01-23 04:45",NA,0.0550010000000007
"2025-01-23 04:50",NA,0.0869979999999977
"2025-01-23 04:55",NA,0.0650019999999998
"2025-01-23 05:05",NA,0.0544970000000013
"2025-01-23 05:10",NA,0.0549999999999997
"2025-01-23 05:20",NA,0.00600000000000023
"2025-01-23 05:25",NA,0.0154990000000019
"2025-01-23 05:30",-0.2,0.0110019999999977
"2025-01-23 05:35",NA,0.00999799999999951
"2025-01-23 05:40",NA,0.00300200000000217
"2025-01-23 05:45",NA,0.00899899999999931
"2025-01-23 05:50",NA,0.00500100000000003
"2025-01-23 05:55",NA,0.00799999999999912
"2025-01-23 06:00",-0.3,0.00949800000000067
"2025-01-23 06:05",NA,0.0130009999999992
"2025-01-23 06:10",NA,0.000499000000001359
"2025-01-23 07:35",NA,0.108996999999999
"2025-01-23 07:40",NA,0.0350000000000001
"2025-01-23 07:45",NA,0.0110019999999977
"2025-01-23 07:50",NA,0.00949800000000067
"2025-01-23 08:00",1.2,0.0149989999999995
"2025-01-23 08:05",NA,0.00799899999999809
"2025-01-23 13:50",NA,0.445999
"2025-01-23 13:55",NA,0.865002
"2025-01-23 14:00",3,0.727497
"2025-01-23 14:05",NA,0.335502999999999
"2025-01-23 14:10",NA,0.431499000000002
"2025-01-23 14:15",NA,0.388000999999999
"2025-01-23 14:20",NA,0.195498999999998
"2025-01-23 14:30",2,0.0155029999999989
"2025-01-23 14:35",NA,0.0425000000000004
"2025-01-23 14:40",NA,0.00199899999999786
"2025-01-23 15:45",NA,0.189998000000003
"2025-01-23 15:50",NA,0.246502
"2025-01-23 15:55",NA,0.301997999999998
"2025-01-23 16:00",2.6,0.245003000000001
"2025-01-23 16:05",NA,0.119999
"2025-01-23 16:10",NA,0.0989990000000027
"2025-01-23 16:15",NA,0.0735019999999977
"2025-01-23 16:25",NA,0.0735019999999977
"2025-01-23 16:30",2,0.0685000000000002
"2025-01-23 16:35",NA,0.0814979999999998
"2025-01-23 16:40",NA,0.195999
"2025-01-23 16:45",NA,0.0855020000000017
"2025-01-23 16:55",NA,0.0740020000000001
"2025-01-23 17:00",1.7,0.0310019999999973
"2025-01-23 17:05",NA,0.0410000000000004
"2025-01-23 17:10",NA,0.00299800000000161
"2025-01-23 17:15",NA,0.0125010000000003
"2025-01-23 17:20",NA,0.155498999999999
"2025-01-23 17:30",1.3,0.0869980000000012
"2025-01-23 17:35",NA,0.0470010000000016
"2025-01-23 17:40",NA,0.177498
"2025-01-23 17:45",NA,0.146003999999998
"2025-01-23 17:50",NA,0.243494999999999
"2025-01-23 17:55",NA,0.231003000000001
"2025-01-23 18:00",0.8,0.2225
"2025-01-23 18:05",NA,0.176499
"2025-01-23 18:10",NA,0.125999
"2025-01-23 18:15",NA,0.120502000000002
"2025-01-23 18:20",NA,0.094497999999998
"2025-01-23 18:25",NA,0.0499989999999997
"2025-01-23 18:30",0.5,0.0345010000000023
"2025-01-23 18:35",NA,0.0139989999999983
"2025-01-23 18:40",NA,0.0125010000000003
"2025-01-23 18:45",NA,0.00550099999999887
"2025-01-23 18:50",NA,0.021999000000001
"2025-01-23 18:55",NA,0.00900299999999987
"2025-01-23 19:00",0.3,0.00299800000000161
"2025-01-23 19:05",NA,0.0240019999999994
"2025-01-23 19:10",NA,0.00549699999999831
"2025-01-23 20:50",NA,0.040500999999999
"2025-01-23 20:55",NA,0.0875020000000006
"2025-01-23 21:00",0,0.021999000000001
"2025-01-23 21:05",NA,0.057499
"2025-01-23 21:10",NA,0.0105019999999989
"2025-01-23 21:15",NA,0.0124969999999998
"2025-01-23 21:20",NA,0.0295030000000018
"2025-01-23 21:25",NA,0.016998000000001
"2025-01-23 21:30",-0.1,0.00799899999999809
"2025-01-23 21:35",NA,0.0145000000000017
"2025-01-23 21:40",NA,0.00750000000000028
"2025-01-23 21:45",NA,0.00500100000000003
"2025-01-23 21:50",NA,0.0120009999999979
"2025-01-23 21:55",NA,0.00999799999999951
"2025-01-23 22:00",-0.1,0.0125010000000003
"2025-01-23 22:05",NA,0.00249799999999922
"2025-01-23 22:10",NA,0.000504000000002947
"2025-01-23 22:15",NA,0.000499999999998835
"2025-01-23 22:20",NA,0.0599969999999992
"2025-01-23 22:25",NA,0.134503000000002
"2025-01-23 22:30",-0.2,0.0934979999999968
"2025-01-23 22:40",NA,0.0534970000000001
"2025-01-23 22:45",NA,0.0530019999999993
"2025-01-23 22:55",NA,0.0924990000000001
"2025-01-23 23:00",-0.4,0.0520019999999981
"2025-01-23 23:05",NA,0.0359990000000003
"2025-01-23 23:10",NA,0.0229990000000022
"2025-01-23 23:15",NA,0.00500100000000003
"2025-01-23 23:20",NA,0.0109980000000007
"2025-01-24 07:30",0.9,0.115500999999998
"2025-01-24 07:35",NA,0.0444980000000008
"2025-01-24 07:40",NA,0.013500999999998
"2025-01-24 07:45",NA,0.00500100000000003
"2025-01-24 07:50",NA,0.00149900000000258
"2025-01-24 13:50",NA,0.447998000000002
"2025-01-24 13:55",NA,0.496001999999997
"2025-01-24 14:00",6.5,0.119498999999998
"2025-01-24 14:05",NA,0.0190049999999999
"2025-01-24 14:10",NA,0.057495000000003
"2025-01-24 14:15",NA,0.0120009999999979
"2025-01-24 14:20",NA,0.0110019999999977
"2025-01-24 14:25",NA,0.00499700000000303
"2025-01-24 14:30",4,0.0059970000000007
"2025-01-24 18:05",NA,0.272994999999995
"2025-01-24 18:10",NA,0.556503000000006
"2025-01-24 18:15",NA,0.661994999999997
"2025-01-24 18:20",NA,0.286003000000001
"2025-01-24 18:25",NA,0.146499999999996
"2025-01-24 18:30",1.9,0.123001000000002
"2025-01-24 18:35",NA,0.182997999999998
"2025-01-24 18:40",NA,0.0885010000000008
"2025-01-24 18:45",NA,0.179497000000005
"2025-01-24 18:50",NA,0.136505
"2025-01-24 18:55",NA,0.0595019999999948
"2025-01-24 19:00",1.4,0.126495000000006
"2025-01-24 19:05",NA,0.138999999999996
"2025-01-24 19:10",NA,0.383003000000002
"2025-01-24 19:15",NA,0.333000999999996
"2025-01-24 19:20",NA,0.149498000000001
"2025-01-24 19:25",NA,0.196998000000001
"2025-01-24 19:30",0.9,0.361000000000004
"2025-01-24 19:35",NA,0.636505
"2025-01-24 19:40",NA,0.499001
"2025-01-24 19:45",NA,0.386496999999999
"2025-01-24 19:50",NA,0.177498
"2025-01-24 19:55",NA,0.184998
"2025-01-24 20:00",0.6,0.284507999999995
"2025-01-24 20:05",NA,0.318992000000001
"2025-01-24 20:10",NA,0.262001000000005
"2025-01-24 20:15",NA,0.244498999999998
"2025-01-24 20:20",NA,0.206001999999998
"2025-01-24 20:25",NA,0.325004
"2025-01-24 20:30",0.5,0.306000000000004
"2025-01-24 20:35",NA,0.166495999999995
"2025-01-24 20:40",NA,0.223998999999999
"2025-01-24 20:45",NA,0.401505
"2025-01-24 20:50",NA,0.522995000000002
"2025-01-24 20:55",NA,0.315497999999998
"2025-01-24 21:00",0.2,0.0540009999999995
"2025-01-24 21:05",NA,0.0080030000000022
"2025-01-24 21:10",NA,0.0244980000000012
"2025-01-24 21:15",NA,0.0114980000000031
"2025-01-25 08:25",NA,0.195999
"2025-01-25 13:30",11.699999,0.1325
"2025-01-25 13:35",NA,1.014
"2025-01-25 13:40",NA,0.971000000000004
"2025-01-25 13:45",NA,0.119003999999997
"2025-01-25 13:50",NA,0.0124970000000033
"2025-01-25 14:00",7.599999,0.00499700000000303
"2025-01-25 14:35",NA,0.0349959999999996
"2025-01-25 14:40",NA,0.0700069999999968
"2025-01-25 14:45",NA,0.0704959999999986
"2025-01-25 14:50",NA,0.0185010000000005
"2025-01-25 14:55",NA,0.0134960000000035
"2025-01-25 15:00",4.099999,0.00150299999999959
"2025-01-25 20:45",NA,0.162498999999997
"2025-01-25 20:50",NA,0.016998000000001
"2025-01-25 20:55",NA,0.00650000000000261
"2025-01-26 12:30",7.099999,0.0435030000000012
"2025-01-26 12:35",NA,0.2575
"2025-01-26 12:40",NA,0.611503999999996
"2025-01-26 12:45",NA,0.253996999999998
"2025-01-26 12:50",NA,0.140000000000001
"2025-01-26 12:55",NA,0.0294950000000043
"2025-01-26 13:10",NA,0.177498
"2025-01-26 13:15",NA,0.205497000000001
"2025-01-26 13:20",NA,0.103005000000003
"2025-01-26 13:25",NA,0.0970000000000013
"2025-01-26 13:30",3.6,0.0469969999999975
"2025-01-26 13:35",NA,0.0230030000000028
"2025-01-26 13:50",NA,0.109496999999998
"2025-01-26 13:55",NA,0.106498999999999
"2025-01-26 14:00",2.7,0.129006000000004
"2025-01-26 14:05",NA,0.0669929999999965
"2025-01-26 14:10",NA,0.00750000000000028
"2025-01-26 15:30",2.7,0.0580059999999989
"2025-01-26 15:35",NA,0.133995000000006
"2025-01-26 15:45",NA,0.0260009999999937
"2025-01-26 15:50",NA,0.0145040000000023
"2025-01-26 15:55",NA,0.00899499999999875
"2025-01-26 16:00",2.2,0.0110010000000003
"2025-01-26 16:05",NA,0.0299990000000037
"2025-01-26 16:10",NA,0.0654979999999981
"2025-01-26 16:15",NA,0.100006999999998
"2025-01-26 16:20",NA,0.079498000000001
"2025-01-26 16:25",NA,0.0585020000000043
"2025-01-26 16:30",1.8,0.0194929999999971
"2025-01-26 16:35",NA,0.0395049999999983
"2025-01-26 16:40",NA,0.0244980000000012
"2025-01-26 16:45",NA,0.035499999999999
"2025-01-26 16:50",NA,0.375999
"2025-01-26 16:55",NA,0.379502000000002
"2025-01-26 17:00",1.4,0.341003000000001
"2025-01-26 17:05",NA,0.314994999999996
"2025-01-26 17:10",NA,0.226005000000001
"2025-01-26 17:15",NA,0.181496000000003
"2025-01-26 17:20",NA,0.118003999999999
"2025-01-26 17:25",NA,0.0599970000000027
"2025-01-26 17:30",1.1,0.115501999999999
"2025-01-26 17:35",NA,0.0549999999999997
"2025-01-26 17:40",NA,0.0339969999999994
"2025-01-26 17:45",NA,0.0240019999999959
"2025-01-26 17:50",NA,0.0104980000000054
"2025-01-26 17:55",NA,0.00450099999999765
"2025-01-27 12:10",NA,0.224502999999999
"2025-01-27 12:15",NA,3.0765
"2025-01-27 12:20",NA,2.573494
"2025-01-27 12:25",NA,0.774505000000005
"2025-01-27 12:30",6,0.0994949999999974
"2025-01-27 12:35",NA,0.0204999999999984
"2025-01-27 12:40",NA,0.0100020000000001
"2025-01-27 12:45",NA,0.0049980000000005
"2025-01-27 12:50",NA,0.00199899999999786
"2025-01-27 13:10",NA,0.165001000000004
"2025-01-27 13:15",NA,0.107504999999996
"2025-01-27 13:20",NA,0.215500000000006
"2025-01-27 13:25",NA,0.137000999999998
"2025-01-27 13:30",2.6,0.115493999999998
"2025-01-27 13:35",NA,0.0655059999999992
"2025-01-27 13:40",NA,0.0294950000000043
"2025-01-27 13:45",NA,0.0285039999999981
"2025-01-27 13:50",NA,0.0654979999999981
"2025-01-27 13:55",NA,0.182503000000004
"2025-01-27 14:00",1.6,0.146498999999999
"2025-01-27 14:05",NA,0.207000999999998
"2025-01-27 14:10",NA,0.254500999999998
"2025-01-27 14:15",NA,0.251999000000005
"2025-01-27 14:20",NA,0.240997999999998
"2025-01-27 14:25",NA,0.144500000000001
"2025-01-27 14:30",1.1,0.129998000000001
"2025-01-27 14:35",NA,0.0185010000000005
"2025-01-27 14:40",NA,0.016998000000001
"2025-01-27 14:45",NA,0.00150299999999959
"2025-01-27 14:50",NA,0.00149599999999595
"2025-01-27 17:05",NA,0.167503000000004
"2025-01-27 17:10",NA,0.0914989999999989
"2025-01-27 17:15",NA,0.0634999999999977
"2025-01-27 17:20",NA,0.169502000000001
"2025-01-27 17:25",NA,0.108497999999997
"2025-01-27 17:30",1.7,0.0135040000000046
"2025-01-27 17:45",NA,0.0070039999999949
"2025-01-27 17:50",NA,0.000999000000000194
"2025-01-28 08:00",1.9,0.045501999999999
"2025-01-28 08:05",NA,0.045494000000005
"2025-01-28 11:50",NA,0.418998999999999
"2025-01-28 11:55",NA,0.100501999999999
"2025-01-28 12:00",10,0.00650000000000261
"2025-01-28 12:10",NA,0.0790019999999956
"2025-01-28 12:15",NA,0.129502000000002
"2025-01-28 12:20",NA,0.134498000000001
"2025-01-28 12:25",NA,0.0195009999999982
"2025-01-28 12:30",8.4,0.0250010000000032
"2025-01-28 12:35",NA,0.0189979999999963
"2025-01-28 12:40",NA,0.0004950000000008
"2025-01-28 15:35",NA,0.186501
"2025-01-28 15:40",NA,0.150505000000003
"2025-01-28 15:45",NA,0.640991
"2025-01-28 15:50",NA,0.602508999999998
"2025-01-28 15:55",NA,0.267502000000007
"2025-01-28 16:00",1.5,0.185500999999988
"2025-01-28 16:05",NA,0.11099200000001
"2025-01-28 16:10",NA,0.141998999999998
"2025-01-28 16:20",NA,0.427993999999998
"2025-01-28 16:25",NA,0.207504
"2025-01-28 16:30",1.2,0.218994000000009
"2025-01-28 16:35",NA,0.223510999999988
"2025-01-28 16:40",NA,0.101990000000001
"2025-01-28 16:45",NA,0.0895080000000092
"2025-01-28 16:55",NA,0.131499999999988
"2025-01-28 17:00",1,0.223999000000006
"2025-01-28 17:05",NA,0.186995999999994
"2025-01-28 17:10",NA,0.0800020000000075
"2025-01-28 17:20",NA,0.0715029999999928
"2025-01-28 17:25",NA,0.0305019999999985
"2025-01-28 17:30",0.8,0.0244909999999976
"2025-01-28 17:35",NA,0.0115049999999997
"2025-01-28 17:40",NA,0.0420070000000123
"2025-01-28 17:45",NA,0.0169989999999984
"2025-01-28 17:55",NA,0.0310059999999908
"2025-01-28 18:00",0.9,0.00700400000000911
"2025-01-28 18:05",NA,0.0129850000000005
"2025-01-28 18:10",NA,0.0160059999999902
"2025-01-29 07:10",NA,0.134003000000007
"2025-01-29 07:15",NA,0.0755000000000052
"2025-01-29 07:20",NA,0.0690010000000001
"2025-01-29 07:25",NA,0.0844879999999932
"2025-01-29 07:30",4.3,0.0904989999999941
"2025-01-29 07:35",NA,0.0565040000000039
"2025-01-29 07:40",NA,0.0610039999999969
"2025-01-29 07:50",NA,0.0615090000000009
"2025-01-29 07:55",NA,0.0744930000000039
"2025-01-29 08:00",7.5,0.0114899999999949
"2025-01-29 10:40",NA,0.0595090000000056
"2025-01-29 10:45",NA,0.229491999999993
"2025-01-29 10:50",NA,0.296509
"2025-01-29 10:55",NA,1.460999
"2025-01-29 11:00",8.1,0.825500000000005
"2025-01-29 11:05",NA,0.114502000000002
"2025-01-29 11:10",NA,0.0284879999999958
"2025-01-29 11:15",NA,0.547516000000002
"2025-01-29 11:20",NA,0.119995000000003
"2025-01-29 11:25",NA,0.152999999999992
"2025-01-29 11:30",5.5,0.182006999999999
"2025-01-29 11:35",NA,0.191986000000014
"2025-01-29 11:45",NA,0.0059970000000078
"2025-01-29 14:50",NA,0.152495999999999
"2025-01-29 14:55",NA,0.111007999999998
"2025-01-29 15:00",6.5,0.0204930000000019
"2025-01-29 15:05",NA,0.016998000000001
"2025-01-29 15:10",NA,0.0189969999999988
"2025-01-29 15:15",NA,0.0070039999999949
"2025-01-29 15:20",NA,0.00399799999999573
"2025-01-29 15:25",NA,0.00399700000001246
"2025-01-29 16:45",NA,0.0410009999999943
"2025-01-29 16:50",NA,0.0455170000000038
"2025-01-29 16:55",NA,0.026488999999998
"2025-01-29 17:00",2.6,0.0364989999999921
"2025-01-29 17:05",NA,0.0124970000000104
"2025-01-29 17:10",NA,0.00199899999999786
"2025-01-29 17:15",NA,0.00199899999999786
"2025-01-30 12:55",NA,0.200500000000005
"2025-01-30 13:00",7.8,0.109009
"2025-01-30 13:05",NA,0.083999999999989
"2025-01-30 13:10",NA,0.0514980000000094
"2025-01-30 13:15",NA,0.0424959999999999
"2025-01-30 13:20",NA,0.0590059999999966
"2025-01-30 13:25",NA,0.00849900000000048
"2025-01-30 13:30",7,0.0449979999999925
"2025-01-30 13:35",NA,0.117508000000001
"2025-01-30 13:40",NA,0.381988000000007
"2025-01-30 13:45",NA,0.212508999999997
"2025-01-30 13:50",NA,0.178498000000005
"2025-01-30 13:55",NA,0.0944969999999898
"2025-01-30 14:00",6.099999,0.0249940000000066
"2025-01-30 14:05",NA,0.104004000000003
"2025-01-30 14:10",NA,0.0279999999999916
"2025-01-30 16:10",NA,0.137009000000006
"2025-01-30 16:15",NA,0.0659940000000034
"2025-01-30 16:20",NA,0.0469969999999904
"2025-01-30 16:50",NA,0.120499000000009
"2025-01-30 16:55",NA,0.0815119999999894
"2025-01-30 17:00",2.7,0.0519870000000111
"2025-01-30 17:05",NA,0.0445099999999883
"2025-01-30 17:10",NA,0.0435030000000012
"2025-01-30 17:15",NA,0.218490000000003
"2025-01-30 17:20",NA,0.139008000000004
"2025-01-30 17:25",NA,0.321990999999997
"2025-01-30 17:30",2.1,0.292999000000009
"2025-01-30 17:40",NA,0.0419920000000076
"2025-01-30 17:45",NA,0.0395049999999912
"2025-01-30 17:50",NA,0.0269930000000045
"2025-01-30 17:55",NA,0.0175009999999958
"2025-01-30 18:00",1.6,0.0290070000000071
"2025-01-30 18:05",NA,0.0494999999999948
"2025-01-30 18:15",NA,0.161513999999997
"2025-01-30 18:20",NA,0.217986999999994
"2025-01-30 18:25",NA,0.133499
"2025-01-30 18:30",1.3,0.0805059999999997
"2025-01-30 18:35",NA,0.0639950000000056
"2025-01-30 18:40",NA,0.126007000000001
"2025-01-30 18:45",NA,0.142501999999993
"2025-01-30 18:50",NA,0.222000000000008
"2025-01-30 18:55",NA,0.284499999999994
"2025-01-30 19:00",0.9,0.207001000000005
"2025-01-30 19:05",NA,0.150497000000001
"2025-01-30 19:10",NA,0.10099799999999
"2025-01-30 19:15",NA,0.023499000000001
"2025-01-30 19:20",NA,0.0330050000000028
"2025-01-30 19:25",NA,0.0489960000000025
"2025-01-30 19:30",0.7,0.0780029999999954
"2025-01-30 19:35",NA,0.0345000000000084
"2025-01-31 13:55",NA,0.12100199999999
"2025-01-31 14:00",4.7,0.0854950000000088
"2025-01-31 14:05",NA,0.0545039999999943
"2025-01-31 14:10",NA,0.0804899999999975
"2025-01-31 14:15",NA,0.0865030000000075
"2025-01-31 14:20",NA,0.102004999999991
"2025-01-31 14:25",NA,0.0464930000000123
"2025-01-31 14:30",4.099999,0.0460049999999939
"2025-01-31 14:35",NA,0.0175019999999932
"2025-01-31 14:40",NA,0.0299990000000037
"2025-01-31 17:40",NA,0.0930019999999985
"2025-01-31 17:45",NA,0.0820010000000053
"2025-01-31 17:50",NA,0.0279999999999916
"2025-01-31 17:55",NA,0.0455020000000133
"2025-01-31 18:00",1.9,0.0189969999999988
"2025-01-31 18:05",NA,0.00250199999999268
"2025-01-31 18:10",NA,0.000991999999996551
"2025-02-01 15:15",NA,0.254501000000005
"2025-02-01 15:20",NA,0.141007000000002
"2025-02-01 15:25",NA,0.0839990000000057
"2025-02-01 15:30",5.4,0.071990999999997
"2025-02-01 15:35",NA,0.329498999999998
"2025-02-01 15:40",NA,0.652511000000004
"2025-02-01 15:45",NA,0.509994999999989
"2025-02-01 15:50",NA,0.981994
"2025-02-01 15:55",NA,0.553513000000009
"2025-02-01 16:00",3.7,0.229996
"2025-02-01 16:05",NA,2.741501
"2025-02-01 16:10",NA,1.927002
"2025-02-01 16:15",NA,0.858000999999987
"2025-02-01 16:20",NA,0.196488000000002
"2025-02-01 16:25",NA,0.0160060000000044
"2025-02-01 16:30",2.6,0.0054930000000013
"2025-02-01 16:35",NA,0.00550900000000354
"2025-02-01 16:45",NA,0.239989999999992
"2025-02-01 16:50",NA,0.426513999999997
"2025-02-01 16:55",NA,0.169998000000007
"2025-02-01 17:00",2.1,0.132994999999994
"2025-02-01 17:05",NA,0.138504000000012
"2025-02-01 17:10",NA,0.180496999999988
"2025-02-01 17:15",NA,0.0924980000000062
"2025-02-01 17:20",NA,0.0070039999999949
"2025-02-02 19:30",1.8,0.122498000000007
"2025-02-02 19:35",NA,0.177504999999996
"2025-02-02 19:40",NA,0.0834959999999967
"2025-02-02 19:45",NA,0.0130010000000027
"2025-02-02 19:50",NA,0.00450100000000475
"2025-02-02 19:55",NA,0.00399799999999573
"2025-02-07 12:40",NA,0.149001999999996
"2025-02-07 12:45",NA,0.252487000000002
"2025-02-07 12:50",NA,0.0375060000000076
"2025-02-07 12:55",NA,0.120498999999995
"2025-02-07 13:00",5.2,0.196502999999993
"2025-02-07 13:05",NA,0.0485070000000007
"2025-02-07 13:10",NA,0.0124970000000104
"2025-02-07 13:30",4.3,0.0849919999999997
"2025-02-07 13:35",NA,0.46501099999999
"2025-02-07 13:40",NA,0.376999000000012
"2025-02-07 13:45",NA,0.0414889999999986
"2025-02-07 13:50",NA,0.0230099999999993
"2025-02-07 13:55",NA,0.0244909999999976
"2025-02-07 14:00",3.1,0.0140069999999923
"2025-02-07 14:05",NA,0.00399800000000994
"2025-02-07 14:45",NA,0.0914920000000023
"2025-02-07 14:50",NA,0.237013999999988
"2025-02-07 14:55",NA,0.0384980000000041
"2025-02-07 15:00",2.8,0.00349500000000091
"2025-02-07 15:05",NA,0.000502999999994813
"2025-02-07 15:45",NA,0.109497000000005
"2025-02-07 15:50",NA,0.0254979999999989
"2025-02-07 19:05",NA,0.0429990000000089
"2025-02-07 19:10",NA,0.0924989999999895
"2025-02-07 19:15",NA,0.154510000000002
"2025-02-07 19:20",NA,0.0995029999999986
"2025-02-07 19:25",NA,0.167999000000009
"2025-02-07 19:30",0.6,0.175490999999994
"2025-02-07 19:35",NA,0.189010999999994
"2025-02-07 19:40",NA,0.156982000000013
"2025-02-07 19:45",NA,0.110000999999997
"2025-02-07 19:50",NA,0.132003999999995
"2025-02-07 19:55",NA,0.159500000000008
"2025-02-07 20:00",0.5,0.12100199999999
"2025-02-07 20:05",NA,0.0670010000000048
"2025-02-07 20:10",NA,0.0644989999999979
"2025-02-07 20:15",NA,0.0500030000000038
"2025-02-07 20:20",NA,0.0489960000000025
"2025-02-07 20:25",NA,0.0279999999999916
"2025-02-07 20:35",NA,0.0364990000000063
"2025-02-07 20:40",NA,0.0480039999999917
"2025-02-07 20:45",NA,0.0480050000000034
"2025-02-07 20:50",NA,0.0585020000000043
"2025-02-07 21:00",0.1,0.0365139999999968
"2025-02-07 21:05",NA,0.0604859999999974
"2025-02-07 21:15",NA,0.0410159999999991
"2025-02-07 21:20",NA,0.0429990000000089
"2025-02-07 21:25",NA,0.0109870000000001
"2025-02-08 12:20",NA,0.0615080000000034
"2025-02-08 12:25",NA,0.606490999999991
"2025-02-08 12:30",5.4,1.074005
"2025-02-08 12:35",NA,0.139496000000008
"2025-02-08 12:40",NA,0.0559999999999974
"2025-02-08 12:45",NA,0.0200040000000001
"2025-02-08 12:50",NA,0.012999999999991
"2025-02-08 12:55",NA,0.0124970000000104
"2025-02-08 13:00",3.4,0.0245060000000024
"2025-02-08 13:05",NA,0.252501999999993
"2025-02-08 13:10",NA,0.358490000000003
"2025-02-08 13:15",NA,0.206513000000001
"2025-02-08 13:20",NA,0.250991999999997
"2025-02-08 13:25",NA,0.178497000000007
"2025-02-08 13:30",2.5,0.198012999999989
"2025-02-08 13:35",NA,0.090485000000001
"2025-02-08 13:40",NA,0.14900200000001
"2025-02-08 13:45",NA,0.110503999999992
"2025-02-08 13:50",NA,0.0644989999999979
"2025-02-08 13:55",NA,0.0525050000000107
"2025-02-08 14:00",2,0.0350039999999865
"2025-02-08 14:05",NA,0.114487000000011
"2025-02-08 14:10",NA,0.0110009999999932
"2025-02-08 15:55",NA,0.210510999999997
"2025-02-08 16:00",1.8,0.412994000000012
"2025-02-08 16:05",NA,0.42199699999999
"2025-02-08 16:10",NA,0.277008000000009
"2025-02-08 16:15",NA,0.285491999999991
"2025-02-08 16:20",NA,0.136002000000005
"2025-02-08 16:25",NA,0.079498000000001
"2025-02-08 16:30",1.4,0.0729979999999983
"2025-02-08 16:35",NA,0.0189969999999988
"2025-02-08 16:40",NA,0.0610049999999944
"2025-02-08 16:45",NA,0.0579990000000095
"2025-02-08 16:50",NA,0.0185079999999971
"2025-02-08 16:55",NA,0.0144959999999941
"2025-02-08 17:00",1,0.023499000000001
"2025-02-08 17:10",NA,0.109985999999992
"2025-02-08 17:15",NA,0.0460050000000081
"2025-02-08 17:25",NA,0.00450200000000223
"2025-02-08 18:25",NA,0.341003000000001
"2025-02-08 18:30",0.8,0.170501999999999
"2025-02-08 18:35",NA,0.00349400000000344
"2025-02-08 18:40",NA,0.0269930000000045
"2025-02-08 18:45",NA,0.022002999999998
"2025-02-08 18:50",NA,0.0175019999999932
"2025-02-08 18:55",NA,0.00450100000000475
"2025-02-08 19:40",NA,0.0520020000000017
"2025-02-08 19:45",NA,0.108993999999996
"2025-02-08 19:50",NA,0.0325009999999963
"2025-02-08 19:55",NA,0.0335080000000119
"2025-02-08 20:00",0.5,0.00399799999999573
"2025-02-08 20:05",NA,0.000991999999996551
"2025-02-08 20:40",NA,0.138000000000005
"2025-02-08 20:45",NA,0.0870060000000024
"2025-02-08 20:50",NA,0.176497999999995
"2025-02-08 20:55",NA,0.183502000000004
"2025-02-08 21:00",0.5,0.166503999999989
"2025-02-08 21:05",NA,0.185990000000004
"2025-02-08 21:10",NA,0.295501000000002
"2025-02-08 21:15",NA,0.254502000000002
"2025-02-08 21:20",NA,0.349502000000001
"2025-02-08 21:25",NA,0.235000999999997
"2025-02-08 21:30",0.3,0.0885009999999937
"2025-02-08 21:35",NA,0.057495000000003
"2025-02-08 21:40",NA,0.0189969999999988
"2025-02-08 21:45",NA,0.0190130000000011
"2025-02-08 21:50",NA,0.0109860000000026
"2025-02-08 21:55",NA,0.014008000000004
"2025-02-08 22:00",0.3,0.00900199999999529
"2025-02-09 12:20",NA,0.421493999999996
"2025-02-09 12:25",NA,0.582001000000005
"2025-02-09 12:30",6.599999,0.626509999999996
"2025-02-09 12:35",NA,0.155991
"2025-02-09 12:40",NA,0.0865020000000101
"2025-02-09 12:45",NA,0.0699919999999992
"2025-02-09 12:50",NA,0.0155029999999954
"2025-02-09 12:55",NA,0.0115049999999997
"2025-02-09 13:00",4.4,0.0950009999999963
"2025-02-09 13:05",NA,0.0564880000000016
"2025-02-09 14:35",NA,0.093002999999996
"2025-02-09 14:40",NA,0.761505
"2025-02-09 14:45",NA,0.602508
"2025-02-09 14:50",NA,0.684998000000007
"2025-02-09 14:55",NA,0.431990999999996
"2025-02-09 15:00",3,0.215500000000006
"2025-02-09 15:05",NA,0.0875089999999972
"2025-02-09 15:10",NA,0.0699919999999992
"2025-02-09 15:15",NA,0.0220039999999955
"2025-02-09 15:20",NA,0.0249940000000066
"2025-02-09 15:25",NA,0.00849900000000048
"2025-02-09 16:20",NA,0.170501999999999
"2025-02-09 16:25",NA,0.0469969999999904
"2025-02-09 16:30",1.5,0.0345000000000084
"2025-02-09 16:40",NA,0.00900199999999529
"2025-02-09 16:45",NA,0.0299990000000037
"2025-02-09 16:50",NA,0.0059970000000078
"2025-02-09 16:55",NA,0.0774989999999889
"2025-02-09 17:00",1.4,0.049500000000009
"2025-02-09 17:05",NA,0.0225059999999928
"2025-02-09 17:10",NA,0.01049900000001
"2025-02-09 17:15",NA,0.0119929999999897
"2025-02-09 19:30",0.6,0.223495
"2025-02-09 19:35",NA,0.184006000000011
"2025-02-09 19:40",NA,0.571486999999991
"2025-02-09 19:45",NA,0.511506000000011
"2025-02-09 19:50",NA,0.115493000000001
"2025-02-09 19:55",NA,0.0450139999999948
"2025-02-09 20:00",0.5,0.0244900000000001
"2025-02-09 20:05",NA,0.00250300000000436
"2025-02-09 20:25",NA,0.105498999999995
"2025-02-09 20:30",0.5,0.363510000000005
"2025-02-09 20:35",NA,0.324996999999996
"2025-02-09 20:40",NA,0.190001999999993
"2025-02-09 20:45",NA,0.151001000000008
"2025-02-09 20:55",NA,0.206999999999994
"2025-02-09 21:00",0.5,0.180497000000003
"2025-02-09 21:10",NA,0.101990000000001
"2025-02-09 21:15",NA,0.0305019999999985
"2025-02-09 21:20",NA,0.0220039999999955
"2025-02-09 21:25",NA,0.0119930000000039
"2025-02-09 21:35",NA,0.00199899999999786
"2025-02-10 11:15",NA,0.0605010000000021
"2025-02-10 11:20",NA,0.238006999999996
"2025-02-10 11:25",NA,0.233001000000002
"2025-02-10 11:30",5.599999,0.138001000000003
"2025-02-10 11:35",NA,0.105498999999995
"2025-02-10 11:45",NA,0.122498000000007
"2025-02-10 11:50",NA,0.0760039999999975
"2025-02-10 11:55",NA,0.176497999999995
"2025-02-10 12:00",3.7,0.483490000000003
"2025-02-10 12:05",NA,0.223999000000006
"2025-02-10 12:10",NA,0.103011999999993
"2025-02-10 12:15",NA,0.192993000000001
"2025-02-10 12:20",NA,0.395004999999998
"2025-02-10 12:25",NA,0.0764920000000018
"2025-02-10 12:30",2.8,0.031006000000005
"2025-02-10 12:35",NA,0.311492999999999
"2025-02-10 12:40",NA,0.643508999999995
"2025-02-10 12:45",NA,0.621994000000001
"2025-02-10 12:50",NA,0.242004000000009
"2025-02-10 12:55",NA,0.190505999999999
"2025-02-10 13:00",2.2,0.154998999999989
"2025-02-10 13:05",NA,0.0885010000000079
"2025-02-10 13:10",NA,0.0449979999999925
"2025-02-10 13:15",NA,0.21150200000001
"2025-02-10 13:20",NA,0.215499999999992
"2025-02-10 13:25",NA,0.384994000000006
"2025-02-10 13:30",1.9,0.341003999999998
"2025-02-10 13:35",NA,0.419997999999993
"2025-02-10 13:40",NA,0.300491000000008
"2025-02-10 13:45",NA,0.287505999999993
"2025-02-10 13:50",NA,0.258499999999998
"2025-02-10 13:55",NA,0.10650600000001
"2025-02-10 14:00",1.7,0.104996
"2025-02-10 14:05",NA,0.106994
"2025-02-10 14:10",NA,0.0875089999999972
"2025-02-10 14:20",NA,0.103011999999993
"2025-02-10 14:25",NA,0.144501000000005
"2025-02-10 14:30",1.4,0.131987999999993
"2025-02-10 14:35",NA,0.0555120000000073
"2025-02-10 14:40",NA,0.016998000000001
"2025-02-10 14:45",NA,0.0149990000000031
"2025-02-10 14:50",NA,0.0150000000000006
"2025-02-10 14:55",NA,0.0395049999999912
"2025-02-10 15:00",2.2,0.0304870000000079
"2025-02-10 15:05",NA,0.0370029999999986
"2025-02-10 15:10",NA,0.027007999999995
"2025-02-10 15:15",NA,0.00900199999999529
"2025-02-10 15:20",NA,0.00399800000000994
"2025-02-11 10:35",NA,0.106003000000001
"2025-02-11 10:45",NA,0.0214840000000009
"2025-02-11 10:50",NA,0.0225069999999903
"2025-02-11 10:55",NA,0.0160060000000044
"2025-02-11 11:00",10.9,0.000991999999996551
"2025-02-11 12:00",9.299999,0.133010999999996
"2025-02-11 12:05",NA,0.860993000000008
"2025-02-11 12:10",NA,0.134001999999995
"2025-02-11 12:15",NA,0.0204930000000019
"2025-02-11 12:20",NA,0.0100100000000083
"2025-02-11 12:25",NA,0.00248699999998792
"2025-02-11 14:15",NA,0.722503000000003
"2025-02-11 14:20",NA,1.88700900000001
"2025-02-11 14:25",NA,1.15550199999998
"2025-02-11 14:30",5.099999,0.84097300000002
"2025-02-11 14:35",NA,0.452515000000005
"2025-02-11 14:40",NA,0.435485999999997
"2025-02-11 14:45",NA,0.370024999999998
"2025-02-11 14:50",NA,0.188996000000003
"2025-02-11 14:55",NA,0.208983999999987
"2025-02-11 15:00",3,0.258514999999989
"2025-02-11 15:05",NA,0.222503000000017
"2025-02-11 15:10",NA,0.226990000000001
"2025-02-11 15:15",NA,0.135009999999994
"2025-02-11 15:20",NA,0.089507999999995
"2025-02-11 15:25",NA,0.127472000000012
"2025-02-11 15:30",2,0.215514999999982
"2025-02-11 15:35",NA,0.225494000000026
"2025-02-11 15:40",NA,0.164001999999982
"2025-02-11 15:45",NA,0.0930170000000032
"2025-02-11 15:50",NA,0.0989989999999921
"2025-02-11 15:55",NA,0.0704960000000199
"2025-02-11 16:00",2.3,0.134490999999997
"2025-02-11 16:05",NA,0.0930170000000032
"2025-02-11 16:10",NA,0.027985000000001
"2025-02-11 16:15",NA,0.0249939999999924
"2025-02-12 11:20",NA,0.527495999999985
"2025-02-12 11:25",NA,1.50900300000001
"2025-02-12 11:30",7.2,1.37350499999999
"2025-02-12 11:35",NA,0.174011000000007
"2025-02-12 14:05",NA,2.65399199999999
"2025-02-12 14:10",NA,1.36398300000002
"2025-02-12 14:15",NA,0.275512999999989
"2025-02-12 14:20",NA,0.193511999999998
"2025-02-12 14:25",NA,0.226501000000013
"2025-02-12 14:35",NA,0.196014999999989
"2025-02-12 14:40",NA,0.277984000000004
"2025-02-12 14:45",NA,0.260009999999994
"2025-02-12 14:50",NA,0.186981000000003
"2025-02-12 14:55",NA,0.137023999999997
"2025-02-12 15:00",4.599999,0.156982999999997
"2025-02-12 15:05",NA,0.0694880000000069
"2025-02-12 15:10",NA,0.0555119999999931
"2025-02-12 15:15",NA,0.0555110000000241
"2025-02-12 15:20",NA,0.0610049999999944
"2025-02-12 15:25",NA,0.0219720000000052
"2025-02-12 17:05",NA,0.198516999999981
"2025-02-12 17:10",NA,0.130982000000017
"2025-02-12 17:15",NA,0.123503999999997
"2025-02-12 17:20",NA,0.0415040000000033
"2025-02-12 17:25",NA,0.0054930000000013
"2025-02-12 18:55",NA,0.0729980000000126
"2025-02-12 19:00",1.2,0.0180059999999855
"2025-02-12 19:05",NA,0.00601199999999835
"2025-02-12 19:10",NA,0.0124810000000082
"2025-02-12 19:15",NA,0.000488999999987527
"2025-02-12 19:45",NA,0.151001000000008
"2025-02-12 19:50",NA,0.174011000000007
"2025-02-12 19:55",NA,0.268004999999988
"2025-02-12 20:00",0.6,0.208495999999997
"2025-02-12 20:05",NA,0.0385140000000206
"2025-02-12 20:10",NA,0.00198299999999563
"2025-02-12 20:15",NA,0.0110169999999812
"2025-02-12 20:20",NA,0.00198400000002152
"2025-02-13 13:45",NA,0.0695189999999855
"2025-02-13 13:50",NA,0.452483999999998
"2025-02-13 14:00",6.2,0.981507000000022
"2025-02-13 14:05",NA,0.467497999999978
"2025-02-13 14:20",NA,0.276001000000008
"2025-02-13 14:25",NA,0.194489000000004
"2025-02-13 14:30",3.7,0.127501999999993
"2025-02-13 14:35",NA,0.0820010000000195
"2025-02-13 14:40",NA,0.053496999999993
"2025-02-13 14:45",NA,0.0329899999999839
"2025-02-13 14:50",NA,0.0220030000000122
"2025-02-13 14:55",NA,0.00952200000000403
"2025-02-13 15:00",2.8,0.0109860000000026
"2025-02-13 15:10",NA,0.0330199999999934
"2025-02-13 15:15",NA,0.0394900000000007
"2025-02-13 15:25",NA,0.0490110000000072
"2025-02-13 15:35",NA,0.0490110000000072
"2025-02-13 15:40",NA,0.0725099999999941
"2025-02-13 15:45",NA,0.0534660000000144
"2025-02-13 15:50",NA,0.0495310000000018
"2025-02-13 15:55",NA,0.0214839999999867
"2025-02-13 16:00",1.6,0.036011000000002
"2025-02-13 16:05",NA,0.0269770000000165
"2025-02-13 16:10",NA,0.0010069999999871
"2025-02-13 16:15",NA,0.0115049999999997
"2025-02-13 16:20",NA,0.0065010000000143
"2025-02-13 16:55",NA,0.097502999999989
"2025-02-13 17:00",1,0.0140079999999898
"2025-02-13 17:05",NA,0.0229800000000182
"2025-02-13 17:10",NA,0.0325009999999963
"2025-02-13 17:15",NA,0.0285030000000006
"2025-02-13 17:20",NA,0.0274969999999826
"2025-02-13 17:25",NA,0.0260010000000079
"2025-02-13 17:30",1.1,0.0415030000000058
"2025-02-13 17:35",NA,0.0505070000000103
"2025-02-13 17:40",NA,0.0109859999999742
"2025-02-13 17:45",NA,0.0160220000000209
"2025-02-13 17:50",NA,0.0269779999999855
"2025-02-13 17:55",NA,0.00152600000001257
"2025-02-13 18:00",1.2,0.00149500000000558
"2025-02-14 04:25",NA,0.108001999999999
"2025-02-14 04:30",-0.2,0.0834959999999967
"2025-02-14 04:35",NA,0.061981000000003
"2025-02-14 04:40",NA,0.0520019999999874
"2025-02-14 04:45",NA,0.0685119999999984
"2025-02-14 04:50",NA,0.0939940000000092
"2025-02-14 04:55",NA,0.0559999999999832
"2025-02-14 05:00",-0.3,0.053009000000003
"2025-02-14 05:05",NA,0.0344850000000179
"2025-02-14 05:10",NA,0.00750700000000393
"2025-02-14 05:15",NA,0.0125119999999868
"2025-02-14 05:20",NA,0.0064999999999884
"2025-02-14 05:25",NA,0.00698900000000435
"2025-02-14 06:10",NA,0.097992000000005
"2025-02-14 06:15",NA,0.0395200000000102
"2025-02-14 06:20",NA,0.0325009999999963
"2025-02-14 06:25",NA,0.00799599999999145
"2025-02-14 06:30",-0.1,0.0319819999999993
"2025-02-14 06:35",NA,0.0585030000000017
"2025-02-14 06:40",NA,0.133513999999991
"2025-02-14 06:45",NA,0.208984000000015
"2025-02-14 06:50",NA,0.191010000000006
"2025-02-14 06:55",NA,0.184508999999991
"2025-02-14 07:00",0.3,0.0784910000000139
"2025-02-14 07:05",NA,0.0214849999999842
"2025-02-14 07:10",NA,0.0140069999999923
"2025-02-14 07:15",NA,0.0240180000000123
"2025-02-14 07:20",NA,0.0369870000000105
"2025-02-14 07:25",NA,0.0224909999999738
"2025-02-14 07:30",0.7,0.0145270000000153
"2025-02-14 07:35",NA,0.017975000000007
"2025-02-14 07:40",NA,0.0260009999999795
"2025-02-14 07:45",NA,0.0550230000000056
"2025-02-14 07:50",NA,0.0654900000000112
"2025-02-14 07:55",NA,0.0629889999999875
"2025-02-14 08:00",1.8,0.0924990000000037
"2025-02-14 08:05",NA,0.089507999999995
"2025-02-14 08:10",NA,0.0924980000000062
"2025-02-14 08:15",NA,0.0444950000000119
"2025-02-14 08:20",NA,0.00900299999997856
"2025-02-14 08:25",NA,0.0140070000000208
"2025-02-14 08:30",3.4,0.0190130000000011
"2025-02-14 08:35",NA,0.00598099999999135
"2025-02-14 08:40",NA,0.0100099999999941
"2025-02-14 11:25",NA,0.662506000000008
"2025-02-14 11:30",6,0.259978999999987
"2025-02-14 11:35",NA,0.156006000000019
"2025-02-14 11:40",NA,0.0614929999999845
"2025-02-14 11:45",NA,0.00900300000000698
"2025-02-14 12:05",NA,0.0664979999999957
"2025-02-14 12:10",NA,0.247008999999991
"2025-02-14 12:15",NA,0.371002000000004
"2025-02-14 12:20",NA,0.216492000000017
"2025-02-14 12:25",NA,0.170012999999983
"2025-02-14 12:30",4.8,0.0419920000000218
"2025-02-14 12:35",NA,0.109985999999992
"2025-02-14 12:40",NA,0.201019000000002
"2025-02-14 12:45",NA,0.164977999999991
"2025-02-14 12:50",NA,0.258513999999991
"2025-02-14 12:55",NA,0.324494000000016
"2025-02-14 13:00",3.9,0.424011000000007
"2025-02-14 13:05",NA,0.281493999999981
"2025-02-14 13:10",NA,0.293487999999996
"2025-02-14 13:15",NA,0.196014000000019
"2025-02-14 13:20",NA,0.0929869999999937
"2025-02-14 13:25",NA,0.182006999999999
"2025-02-14 13:30",3.1,0.219024999999988
"2025-02-14 13:35",NA,0.165985000000006
"2025-02-14 13:40",NA,0.175995
"2025-02-14 13:45",NA,0.472014999999999
"2025-02-14 13:50",NA,0.842499000000004
"2025-02-14 14:00",2.2,0.498993000000013
"2025-02-14 14:05",NA,0.335998999999987
"2025-02-14 14:10",NA,0.315002000000021
"2025-02-14 14:15",NA,0.158996999999999
"2025-02-14 14:20",NA,0.121489999999994
"2025-02-14 14:25",NA,0.102996999999988
"2025-02-14 14:30",2.1,0.0195010000000195
"2025-02-14 14:35",NA,0.0144959999999799
"2025-02-14 14:40",NA,0.254028000000005
"2025-02-14 14:45",NA,0.117492999999996
"2025-02-14 14:50",NA,0.0455010000000016
"2025-02-14 14:55",NA,0.0375060000000076
"2025-02-14 15:05",NA,0.0379939999999976
"2025-02-14 15:10",NA,0.0459900000000175
"2025-02-14 15:15",NA,0.227508999999998
"2025-02-14 15:20",NA,0.152007999999995
"2025-02-14 15:25",NA,0.153990999999991
"2025-02-14 15:30",1.8,0.0725099999999941
"2025-02-14 15:35",NA,0.20748900000001
"2025-02-14 15:45",NA,0.321990999999997
"2025-02-14 15:50",NA,0.17501900000002
"2025-02-14 15:55",NA,0.223479999999995
"2025-02-14 16:00",1.4,0.164519999999982
"2025-02-14 16:05",NA,0.130982000000017
"2025-02-14 16:10",NA,0.157013000000006
"2025-02-14 16:15",NA,0.180998999999986
"2025-02-14 16:20",NA,0.234497000000005
"2025-02-14 16:25",NA,0.277007999999995
"2025-02-14 16:35",NA,0.264983999999998
"2025-02-14 16:40",NA,0.222504000000015
"2025-02-14 16:45",NA,0.382995999999991
"2025-02-14 16:50",NA,0.226012999999995
"2025-02-14 16:55",NA,0.205993000000007
"2025-02-14 17:00",0.9,0.12750299999999
"2025-02-14 17:05",NA,0.108001999999999
"2025-02-14 17:10",NA,0.109497000000005
"2025-02-14 17:15",NA,0.115996999999993
"2025-02-14 17:20",NA,0.0599970000000098
"2025-02-14 17:25",NA,0.080994000000004
"2025-02-14 17:30",0.9,0.0379939999999976
"2025-02-14 17:35",NA,0.0155029999999954
"2025-02-14 17:40",NA,0.00149600000000305
"2025-02-14 19:00",0.2,0.0585020000000043
"2025-02-14 19:05",NA,0.128510000000006
"2025-02-14 20:45",NA,0.128997999999996
"2025-02-14 20:55",NA,0.043974999999989
"2025-02-14 21:00",-0.1,0.0445259999999905
"2025-02-14 21:05",NA,0.0379939999999976
"2025-02-14 21:10",NA,0.0514830000000188
"2025-02-14 21:15",NA,0.0509950000000003
"2025-02-14 21:25",NA,0.0289909999999907
"2025-02-14 21:30",-0.1,0.0234990000000153
"2025-02-14 21:35",NA,0.00149500000000558
"2025-02-14 21:45",NA,0.114501999999987
"2025-02-14 21:50",NA,0.053986000000009
"2025-02-14 21:55",NA,0.0110169999999812
"2025-02-14 22:00",-0.2,0.0104980000000126
"2025-02-14 22:25",NA,0.270995999999997
"2025-02-14 22:30",-0.1,0.128509000000008
"2025-02-14 22:35",NA,0.0514839999999879
"2025-02-14 22:40",NA,0.0100089999999966
"2025-02-14 23:20",NA,0.216492000000017
"2025-02-14 23:25",NA,0.0104979999999841
"2025-02-15 00:15",NA,0.0964969999999994
"2025-02-15 00:20",NA,0.0390010000000132
"2025-02-15 00:25",NA,0.0240169999999864
"2025-02-15 00:30",-0.5,0.0074769999999944
"2025-02-15 00:40",NA,0.00402900000000272
"2025-02-15 00:50",NA,0.0664969999999983
"2025-02-15 00:55",NA,0.116973999999999
"2025-02-15 01:00",-0.7,0.129517000000021
"2025-02-15 01:05",NA,0.0880129999999895
"2025-02-15 01:10",NA,0.0379939999999976
"2025-02-15 01:15",NA,0.0149839999999983
"2025-02-15 01:20",NA,0.0135190000000023
"2025-02-15 01:25",NA,0.0044860000000142
"2025-02-15 04:10",NA,0.114013999999997
"2025-02-15 04:15",NA,0.035979999999995
"2025-02-15 04:20",NA,0.0140079999999898
"2025-02-15 05:10",NA,0.0545040000000085
"2025-02-15 05:15",NA,0.0685119999999984
"2025-02-15 05:20",NA,0.0144960000000083
"2025-02-15 05:25",NA,0.0054930000000013
"2025-02-15 05:30",-1.5,0.00500499999998283
"2025-02-15 05:35",NA,0.00900300000000698
"2025-02-15 05:40",NA,0.00500500000001125
"2025-02-15 05:45",NA,0.000975999999980104
"2025-02-15 06:15",NA,0.0675050000000113
"2025-02-15 06:20",NA,0.0874939999999924
"2025-02-15 06:25",NA,0.0205080000000066
"2025-02-15 06:30",-1,0.0429990000000089
"2025-02-15 06:35",NA,0.0444949999999835
"2025-02-15 06:40",NA,0.0339960000000019
"2025-02-15 06:45",NA,0.0120239999999967
"2025-02-15 06:50",NA,0.00399799999999573
"2025-02-15 06:55",NA,0.00299100000000863
"2025-02-15 08:35",NA,0.178009000000003
"2025-02-15 08:40",NA,0.0369870000000105
"2025-02-15 08:50",NA,0.0010069999999871
"2025-02-15 13:15",NA,0.136994000000016
"2025-02-15 13:20",NA,0.035002999999989
"2025-02-15 13:25",NA,0.0469970000000046
"2025-02-15 13:30",7.599999,0.0444949999999835
"2025-02-15 13:35",NA,0.0475160000000017
"2025-02-15 13:40",NA,0.0344850000000179
"2025-02-15 13:45",NA,0.0415040000000033
"2025-02-15 13:50",NA,0.0134879999999953
"2025-02-15 13:55",NA,0.00051899999999705
"2025-02-16 23:40",NA,0.0484930000000077
"2025-02-16 23:50",NA,0.0210259999999778
"2025-02-16 23:55",NA,0.0114750000000186
"2025-02-17 00:00",-0.4,0.0295109999999852
"2025-02-17 00:05",NA,0.0379939999999976
"2025-02-17 00:10",NA,0.0425110000000188
"2025-02-17 00:15",NA,0.0740049999999997
"2025-02-17 00:20",NA,0.071472
"2025-02-17 00:25",NA,0.0625309999999786
"2025-02-17 00:30",-0.4,0.064483000000024
"2025-02-17 00:35",NA,0.0855109999999968
"2025-02-17 00:45",NA,0.0574959999999862
"2025-02-17 00:50",NA,0.044005999999996
"2025-02-17 00:55",NA,0.0260010000000079
"2025-02-17 01:00",-0.4,0.0159910000000139
"2025-02-17 01:05",NA,0.0200199999999882
"2025-02-17 01:10",NA,0.0784909999999854
"2025-02-17 01:15",NA,0.121002000000004
"2025-02-17 01:20",NA,0.117492999999996
"2025-02-17 01:25",NA,0.0670160000000237
"2025-02-17 01:35",NA,0.0384829999999852
"2025-02-17 01:40",NA,0.045501999999999
"2025-02-17 01:45",NA,0.0429990000000089
"2025-02-17 01:50",NA,0.0335079999999834
"2025-02-17 01:55",NA,0.0515139999999974
"2025-02-17 02:00",-0.6,0.0379940000000261
"2025-02-17 02:05",NA,0.0304879999999912
"2025-02-17 02:10",NA,0.0315239999999903
"2025-02-17 02:15",NA,0.0209660000000156
"2025-02-17 02:20",NA,0.0120239999999967
"2025-02-17 02:25",NA,0.0429989999999805
"2025-02-17 02:30",-0.6,0.0054930000000013
"2025-02-17 02:35",NA,0.016998000000001
"2025-02-17 02:40",NA,0.0314950000000067
"2025-02-17 02:45",NA,0.016998000000001
"2025-02-17 02:50",NA,0.0295100000000161
"2025-02-17 02:55",NA,0.0264899999999955
"2025-02-17 03:00",-0.6,0.0104979999999841
"2025-02-17 03:05",NA,0.044524999999993
"2025-02-17 03:10",NA,0.0884700000000009
"2025-02-17 03:15",NA,0.0755310000000122
"2025-02-17 03:20",NA,0.108979000000005
"2025-02-17 03:25",NA,0.115509000000003
"2025-02-17 03:30",-0.7,0.0879819999999825
"2025-02-17 03:40",NA,0.0899960000000135
"2025-02-17 03:45",NA,0.0800179999999955
"2025-02-17 03:50",NA,0.0804739999999811
"2025-02-17 03:55",NA,0.0900270000000205
"2025-02-17 04:00",-0.7,0.0969849999999894
"2025-02-17 04:05",NA,0.102997000000016
"2025-02-17 04:10",NA,0.101990000000001
"2025-02-17 04:15",NA,0.0819999999999936
"2025-02-17 04:20",NA,0.0615239999999915
"2025-02-17 04:30",-0.8,0.0905150000000106
"2025-02-17 04:35",NA,0.0480039999999917
"2025-02-17 04:40",NA,0.0155029999999954
"2025-02-17 04:45",NA,0.0134890000000212
"2025-02-17 04:50",NA,0.0190119999999752
"2025-02-17 04:55",NA,0.0339969999999994
"2025-02-17 05:00",-0.9,0.0239860000000078
"2025-02-17 05:05",NA,0.045501999999999
"2025-02-17 05:10",NA,0.0190130000000011
"2025-02-17 13:00",9.799999,0.196990999999997
"2025-02-17 13:05",NA,0.64498900000001
"2025-02-17 13:10",NA,0.184508999999991
"2025-02-17 13:15",NA,0.244018000000011
"2025-02-17 13:20",NA,0.214477999999986
"2025-02-17 13:30",6.2,0.0639950000000056
"2025-02-17 13:35",NA,0.053009000000003
"2025-02-17 13:40",NA,0.0209959999999967
"2025-02-17 13:45",NA,0.00650099999998588
"2025-02-17 13:50",NA,0.0025020000000211
"2025-02-18 12:40",NA,0.295989999999989
"2025-02-18 12:45",NA,0.313018999999997
"2025-02-18 12:50",NA,0.000977000000006001
"2025-02-18 14:05",NA,0.457518999999991
"2025-02-18 14:10",NA,0.0885010000000079
"2025-02-18 14:15",NA,0.0469970000000046
"2025-02-18 14:20",NA,0.0849919999999997
"2025-02-18 14:25",NA,0.130980999999991
"2025-02-18 14:30",5.8,0.0730289999999911
"2025-02-18 14:35",NA,0.0334770000000049
"2025-02-18 14:40",NA,0.0115049999999997
"2025-02-18 14:45",NA,0.00351000000000568
"2025-02-18 14:50",NA,0.000487999999990052
"2025-02-18 16:05",NA,0.300017999999994
"2025-02-18 16:10",NA,0.335999000000015
"2025-02-18 16:15",NA,0.44598400000001
"2025-02-18 16:25",NA,1.39001399999998
"2025-02-18 16:30",2.9,0.622986000000026
"2025-02-18 16:35",NA,0.709503999999981
"2025-02-18 16:40",NA,0.472991000000007
"2025-02-18 16:45",NA,0.275512999999989
"2025-02-18 16:50",NA,0.244506999999999
"2025-02-18 16:55",NA,0.259979000000016
"2025-02-18 17:00",1.9,0.278503999999998
"2025-02-18 17:05",NA,0.385986000000003
"2025-02-18 17:10",NA,0.40100099999998
"2025-02-18 17:15",NA,0.318512000000027
"2025-02-18 17:20",NA,0.332000999999991
"2025-02-18 17:25",NA,0.12249700000001
"2025-02-18 17:30",1.2,0.0209959999999967
"2025-02-18 17:35",NA,0.0054930000000013
"2025-02-18 19:15",NA,0.149506000000002
"2025-02-18 19:20",NA,0.131011999999998
"2025-02-18 19:25",NA,0.210998999999987
"2025-02-18 19:30",0.5,0.170013000000012
"2025-02-18 19:35",NA,0.165496999999988
"2025-02-18 19:40",NA,0.398987000000005
"2025-02-18 19:45",NA,0.192504999999983
"2025-02-18 19:50",NA,0.179504000000009
"2025-02-18 19:55",NA,0.389983999999998
"2025-02-18 20:00",0.5,0.182495000000017
"2025-02-18 20:05",NA,0.0385129999999947
"2025-02-18 20:10",NA,0.00399799999999573
"2025-02-18 22:15",NA,0.119994999999989
"2025-02-18 22:20",NA,0.026520000000005
"2025-02-18 22:25",NA,0.0489809999999977
"2025-02-18 22:30",0.3,0.165497000000016
"2025-02-18 22:35",NA,0.103514999999987
"2025-02-19 01:05",NA,0.0475160000000017
"2025-02-19 01:10",NA,0.0859990000000153
"2025-02-19 01:15",NA,0.052977999999996
"2025-02-19 01:20",NA,0.0610049999999944
"2025-02-19 01:25",NA,0.0939940000000092
"2025-02-19 01:35",NA,0.0115049999999997
"2025-02-19 01:40",NA,0.0139769999999828
"2025-02-19 01:45",NA,0.0330200000000218
"2025-02-19 01:50",NA,0.102996999999988
"2025-02-19 02:00",0.3,0.0230099999999993
"2025-02-19 02:05",NA,0.0230109999999968
"2025-02-19 02:10",NA,0.0234980000000178
"2025-02-19 02:15",NA,0.000487999999990052
"2025-02-19 02:20",NA,0.000489000000015949
"2025-02-19 07:55",NA,0.152985000000001
"2025-02-19 08:00",1.3,0.694519000000014
"2025-02-19 08:05",NA,0.378997999999996
"2025-02-19 08:10",NA,0.245483000000007
"2025-02-19 08:15",NA,0.37750299999999
"2025-02-19 08:20",NA,0.294493999999986
"2025-02-19 08:25",NA,0.0580140000000142
"2025-02-19 08:30",3.2,0.0189819999999941
"2025-02-19 08:35",NA,0.0125120000000152
"2025-02-19 08:40",NA,0.0125129999999842
"2025-02-19 11:45",NA,0.130005000000011
"2025-02-19 11:50",NA,1.046997
"2025-02-19 11:55",NA,0.716003000000001
"2025-02-19 12:00",9.4,0.311492999999984
"2025-02-19 12:05",NA,0.501983999999993
"2025-02-19 12:10",NA,0.147003000000012
"2025-02-19 12:15",NA,0.0335080000000119
"2025-02-19 12:20",NA,0.0195009999999911
"2025-02-19 12:25",NA,0.0964960000000019
"2025-02-19 12:30",6.4,0.0639960000000031
"2025-02-19 12:35",NA,0.0155029999999954
"2025-02-19 12:40",NA,0.000487999999990052
"2025-02-19 15:20",NA,0.0820010000000195
"2025-02-19 15:25",NA,0.347014999999999
"2025-02-19 15:35",NA,0.0849919999999997
"2025-02-19 15:40",NA,0.00448599999998578
"2025-02-19 15:45",NA,0.0125120000000152
"2025-02-20 12:15",NA,0.23049899999998
"2025-02-20 12:20",NA,0.0344850000000179
"2025-02-20 12:25",NA,0.00601199999999835
"2025-02-20 12:30",7.4,0.00698900000000435
"2025-02-20 12:35",NA,0.00302099999998973
"2025-02-20 12:40",NA,0.00299100000000863
"2025-02-20 12:45",NA,0.0469970000000046
"2025-02-20 14:10",NA,0.167021999999974
"2025-02-20 14:15",NA,0.33200100000002
"2025-02-20 14:20",NA,0.0879819999999825
"2025-02-20 14:25",NA,0.053009000000003
"2025-02-20 20:25",NA,0.0574960000000146
"2025-02-20 20:30",0.5,0.0989989999999921
"2025-02-20 20:35",NA,0.0289909999999907
"2025-02-20 20:40",NA,0.0054930000000013
"2025-02-21 13:45",NA,0.235016000000002
"2025-02-21 13:50",NA,0.325989000000021
"2025-02-21 13:55",NA,0.13052399999998
"2025-02-21 14:00",9,0.0344850000000179
"2025-02-21 14:05",NA,0.00750699999997551
"2025-02-21 14:10",NA,0.0285030000000006
"2025-02-21 14:15",NA,0.0199890000000096
"2025-02-21 21:15",NA,0.053009000000003
"2025-02-21 21:20",NA,0.072480000000013
"2025-02-21 21:25",NA,0.0285030000000006
"2025-02-21 21:30",1.8,0.00399799999999573
"2025-02-21 21:55",NA,0.124511999999982
"2025-02-21 22:00",1.2,0.101012999999995
"2025-02-21 22:05",NA,0.0969850000000179
"2025-02-21 22:10",NA,0.123016000000007
"2025-02-21 22:15",NA,0.260497999999984
"2025-02-21 22:20",NA,0.390991000000014
"2025-02-21 22:25",NA,0.324005
"2025-02-21 22:30",0.9,0.121003000000002
"2025-02-21 22:35",NA,0.0589899999999943
"2025-02-21 22:40",NA,0.0325009999999963
"2025-02-21 22:45",NA,0.00149600000000305
"2025-02-22 06:55",NA,0.0599970000000098
"2025-02-22 07:00",0.5,0.239013999999997
"2025-02-22 07:05",NA,0.119506999999999
"2025-02-22 07:10",NA,0.0589899999999943
"2025-02-22 07:15",NA,0.0144960000000083
"2025-02-22 07:20",NA,0.0195009999999911
"2025-02-22 07:25",NA,0.0254819999999825
"2025-02-22 07:30",0.9,0.0720210000000066
"2025-02-22 07:35",NA,0.128997999999996
"2025-02-22 07:40",NA,0.0384830000000136
"2025-02-22 07:45",NA,0.0275269999999921
"2025-02-22 07:50",NA,0.0189819999999941
"2025-02-22 07:55",NA,0.0174860000000194
"2025-02-22 08:00",1.7,0.00952200000000403
"2025-02-22 08:10",NA,0.0130010000000027
"2025-02-22 08:15",NA,0.00500499999998283
"2025-02-22 08:20",NA,0.000976000000008526
"2025-02-22 11:25",NA,0.299012000000005
"2025-02-22 11:30",6.3,0.121002000000004
"2025-02-22 11:35",NA,0.0955199999999934
"2025-02-22 11:40",NA,0.026976999999988
"2025-02-22 11:45",NA,0.0045170000000212
"2025-02-22 11:50",NA,0.000975999999980104
"2025-02-22 13:25",NA,0.231019000000003
"2025-02-22 13:30",8.799999,0.781981999999999
"2025-02-22 13:40",NA,0.255005000000011
"2025-02-22 13:45",NA,0.216003000000001
"2025-02-22 13:50",NA,0.457977
"2025-02-22 13:55",NA,0.134522000000004
"2025-02-22 14:05",NA,0.00448599999998578
"2025-02-22 15:20",NA,0.460022000000009
"2025-02-22 15:25",NA,0.113495
"2025-02-22 15:30",4.9,0.0180059999999855
"2025-02-22 15:35",NA,0.010009000000025
"2025-02-22 15:40",NA,0.00549399999999878
"2025-02-22 16:35",NA,0.217986999999994
"2025-02-22 16:40",NA,0.0199890000000096
"2025-02-22 16:45",NA,0.0020139999999742
"2025-02-22 18:10",NA,0.23550400000002
"2025-02-22 18:20",NA,0.438996000000003
"2025-02-22 18:25",NA,0.178527000000003
"2025-02-22 18:30",3.1,0.0229799999999898
"2025-02-23 13:45",NA,0.120514000000014
"2025-02-23 13:50",NA,0.0224919999999997
"2025-02-23 15:25",NA,0.0750119999999868
"2025-02-23 15:30",9.5,0.838501000000008
"2025-02-23 15:35",NA,0.414489000000003
"2025-02-23 15:40",NA,0.00500499999998283
"2025-02-24 16:25",NA,0.0654910000000086
"2025-02-24 16:30",6.9,0.0675050000000113
"2025-02-26 14:25",NA,1.12799099999998
"2025-02-26 14:30",4.7,1.79602
"2025-02-26 14:35",NA,0.636994000000016
"2025-02-26 14:40",NA,1.48999000000001
"2025-02-26 14:50",NA,0.36651599999999
"2025-02-26 14:55",NA,2.29901100000001
"2025-02-26 15:00",3.4,4.07547
"2025-02-26 15:05",NA,1.585511
"2025-02-26 15:10",NA,0.807006999999999
"2025-02-26 15:15",NA,0.594512000000009
"2025-02-26 15:20",NA,0.611999999999995
"2025-02-26 15:30",2.4,0.889496000000008
"2025-02-26 15:35",NA,0.520995999999997
"2025-02-26 15:40",NA,0.0870060000000024
"2025-02-26 15:50",NA,0.0310059999999908
"2025-02-26 15:55",NA,0.0224919999999997
"2025-02-26 16:00",1.7,0.026488999999998
"2025-02-26 16:05",NA,0.0200190000000191
"2025-02-26 16:10",NA,0.00698899999997593
"2025-02-26 16:15",NA,0.0205080000000066
"2025-03-01 12:50",NA,0.119994999999989
"2025-03-01 12:55",NA,0.270996999999994
"2025-03-01 13:00",6.2,0.23550400000002
"2025-03-01 13:05",NA,0.101500999999985
"2025-03-01 13:10",NA,0.0164800000000014
"2025-03-01 13:15",NA,0.0230099999999993
"2025-03-01 13:20",NA,0.0134890000000212
"2025-03-01 14:45",NA,0.109007999999989
"2025-03-01 14:50",NA,0.0690009999999859
"2025-03-01 14:55",NA,0.0435180000000059
"2025-03-01 15:00",3.8,0.071472
"2025-03-01 15:05",NA,0.0935060000000192
"2025-03-01 15:15",NA,0.0315250000000162
"2025-03-01 15:20",NA,0.0314939999999808
"2025-03-01 15:25",NA,0.0929870000000221
"2025-03-01 15:30",3.4,0.199005
"2025-03-01 15:35",NA,0.152495999999985
"2025-03-01 15:40",NA,0.156006000000019
"2025-03-01 15:45",NA,0.0459899999999891
"2025-03-01 15:50",NA,0.00399799999999573
"2025-03-01 16:35",NA,0.0610039999999969
"2025-03-01 16:40",NA,0.138001000000003
"2025-03-01 16:45",NA,0.0989989999999921
"2025-03-01 16:50",NA,0.101013000000023
"2025-03-01 16:55",NA,0.0564880000000016
"2025-03-01 17:00",2.8,0.0320129999999779
"2025-03-01 17:05",NA,0.00848400000000993
"2025-03-01 17:10",NA,0.00051899999999705
"2025-03-01 17:15",NA,0.000487999999990052
"2025-03-02 11:30",6.9,0.277985000000001
"2025-03-02 11:35",NA,1.23651100000001
"2025-03-02 11:40",NA,0.747498000000007
"2025-03-02 11:45",NA,0.478514999999987
"2025-03-02 11:50",NA,0.293487999999996
"2025-03-02 11:55",NA,0.123016000000007
"2025-03-02 12:00",3.7,0.0524900000000059
"2025-03-02 12:05",NA,0.0149839999999983
"2025-03-02 12:10",NA,0.00250299999999015
"2025-03-02 12:40",NA,0.0640260000000126
"2025-03-02 12:45",NA,0.0864870000000053
"2025-03-02 12:50",NA,0.0404959999999903
"2025-03-02 12:55",NA,0.0540159999999901
"2025-03-02 13:00",1.6,0.0560000000000116
"2025-03-02 13:05",NA,0.0554810000000145
"2025-03-02 13:10",NA,0.00250299999999015
"2025-03-02 13:15",NA,0.00601199999999835
