"date","nivel"
"2025-09-28 11:50",0.053
"2025-09-28 11:55",0.04
"2025-09-28 12:00",0.151
"2025-09-28 12:05",0.036
"2025-09-28 12:05",NA
"2025-09-28 12:06",NA
"2025-09-28 12:07",NA
"2025-09-28 12:08",NA
"2025-09-28 12:09",NA
"2025-09-28 12:10",0.106
"2025-09-28 12:15",0.205
"2025-09-28 12:20",0.186
"2025-09-28 12:25",0.172
"2025-09-28 12:30",0.171
"2025-09-28 12:35",0.17
"2025-09-28 12:40",0.166
"2025-09-28 12:45",0.178
"2025-09-28 12:50",0.179
"2025-09-28 12:55",0.175
"2025-09-28 13:00",0.183
"2025-09-28 13:05",0.186
"2025-09-28 13:10",0.183
"2025-09-28 13:15",0.193
"2025-09-28 13:20",0.189
"2025-09-28 13:25",0.186
"2025-09-28 13:30",0.188
"2025-09-28 13:35",0.182
"2025-09-28 13:40",0.187
"2025-09-28 13:45",0.184
"2025-09-28 13:50",0.185
"2025-09-28 13:55",0.181
"2025-09-28 14:00",0.188
"2025-09-28 14:05",0.186
"2025-09-28 14:10",0.179
"2025-09-28 14:15",0.185
"2025-09-28 14:20",0.185
"2025-09-28 14:25",0.186
"2025-09-28 14:30",0.183
"2025-09-28 14:35",0.181
"2025-09-28 14:40",0.175
"2025-09-28 14:45",0.178
"2025-09-28 14:50",0.187
"2025-09-28 14:55",0.185
"2025-09-28 15:00",0.174
"2025-09-28 15:05",0.18
"2025-09-28 15:10",0.178
"2025-09-28 15:15",0.18
"2025-09-28 15:20",0.182
"2025-09-28 15:25",0.181
"2025-09-28 15:30",0.191
"2025-09-28 15:35",0.185
"2025-09-28 15:40",0.184
"2025-09-28 15:45",0.187
"2025-09-28 15:50",0.19
"2025-09-28 15:55",0.19
"2025-09-28 16:00",0.187
"2025-09-28 16:05",0.184
"2025-09-28 16:10",0.196
"2025-09-28 16:15",0.193
"2025-09-28 16:20",0.188
"2025-09-28 16:25",0.193
"2025-09-28 16:30",0.195
"2025-09-28 16:35",0.19
"2025-09-28 16:40",0.192
"2025-09-28 16:45",0.193
"2025-09-28 16:50",0.183
"2025-09-28 16:55",0.189
"2025-09-28 17:00",0.188
"2025-09-28 17:05",0.19
"2025-09-28 17:10",0.195
"2025-09-28 17:15",0.201
"2025-09-28 17:20",0.188
"2025-09-28 17:25",0.193
"2025-09-28 17:30",0.189
"2025-09-28 17:35",0.186
"2025-09-28 17:40",0.187
"2025-09-28 17:45",0.188
"2025-09-28 17:50",0.197
"2025-09-28 17:55",0.198
"2025-09-28 18:00",0.192
"2025-09-28 18:05",0.194
"2025-09-28 18:10",0.189
"2025-09-28 18:15",0.191
"2025-09-28 18:20",0.186
"2025-09-28 18:25",0.193
"2025-09-28 18:30",0.193
"2025-09-28 18:35",0.191
"2025-09-28 18:40",0.191
"2025-09-28 18:45",0.191
"2025-09-28 18:50",0.196
"2025-09-28 18:55",0.183
"2025-09-28 19:00",0.188
"2025-09-28 19:05",0.195
"2025-09-28 19:10",0.183
"2025-09-28 19:15",0.189
"2025-09-28 19:20",0.191
"2025-09-28 19:25",0.193
"2025-09-28 19:30",0.188
"2025-09-28 19:35",0.192
"2025-09-28 19:40",0.183
"2025-09-28 19:45",0.187
"2025-09-28 19:50",0.191
"2025-09-28 19:55",0.19
"2025-09-28 20:00",0.186
"2025-09-28 20:05",0.187
"2025-09-28 20:10",0.187
"2025-09-28 20:15",0.187
"2025-09-28 20:20",0.189
"2025-09-28 20:25",0.18
"2025-09-28 20:30",0.187
"2025-09-28 20:35",0.182
"2025-09-28 20:40",0.185
"2025-09-28 20:45",0.184
"2025-09-28 20:50",0.187
"2025-09-28 20:55",0.182
"2025-09-28 21:00",0.178
"2025-09-28 21:05",0.181
"2025-09-28 21:10",0.177
"2025-09-28 21:15",0.185
"2025-09-28 21:20",0.188
"2025-09-28 21:25",0.192
"2025-09-28 21:30",0.183
"2025-09-28 21:35",0.182
"2025-09-28 21:40",0.185
"2025-09-28 21:45",0.19
"2025-09-28 21:50",0.181
"2025-09-28 21:55",0.185
"2025-09-28 22:00",0.188
"2025-09-28 22:05",0.188
"2025-09-28 22:10",0.192
"2025-09-28 22:15",0.185
"2025-09-28 22:20",0.185
"2025-09-28 22:25",0.181
"2025-09-28 22:30",0.185
"2025-09-28 22:35",0.191
"2025-09-28 22:40",0.194
"2025-09-28 22:45",0.185
"2025-09-28 22:50",0.194
"2025-09-28 22:55",0.197
"2025-09-28 23:00",0.193
"2025-09-28 23:05",0.199
"2025-09-28 23:10",0.195
"2025-09-28 23:15",0.193
"2025-09-28 23:20",0.193
"2025-09-28 23:25",0.195
"2025-09-28 23:30",0.192
"2025-09-28 23:35",0.199
"2025-09-28 23:40",0.197
"2025-09-28 23:45",0.198
"2025-09-28 23:50",0.202
"2025-09-28 23:55",0.206
"2025-09-29 00:00",0.206
"2025-09-29 00:05",0.213
"2025-09-29 00:10",0.201
"2025-09-29 00:15",0.205
"2025-09-29 00:20",0.21
"2025-09-29 00:25",0.205
"2025-09-29 00:30",0.199
"2025-09-29 00:35",0.205
"2025-09-29 00:40",0.204
"2025-09-29 00:45",0.204
"2025-09-29 00:50",0.211
"2025-09-29 00:55",0.194
"2025-09-29 01:00",0.203
"2025-09-29 01:05",0.203
"2025-09-29 01:10",0.201
"2025-09-29 01:15",0.201
"2025-09-29 01:20",0.203
"2025-09-29 01:25",0.208
"2025-09-29 01:30",0.204
"2025-09-29 01:35",0.208
"2025-09-29 01:40",0.207
"2025-09-29 01:45",0.203
"2025-09-29 01:50",0.213
"2025-09-29 01:55",0.213
"2025-09-29 02:00",0.211
"2025-09-29 02:05",0.204
"2025-09-29 02:10",0.207
"2025-09-29 02:15",0.211
"2025-09-29 02:20",0.206
"2025-09-29 02:25",0.21
"2025-09-29 02:30",0.202
"2025-09-29 02:35",0.205
"2025-09-29 02:40",0.208
"2025-09-29 02:45",0.205
"2025-09-29 02:50",0.2
"2025-09-29 02:55",0.205
"2025-09-29 03:00",0.208
"2025-09-29 03:05",0.199
"2025-09-29 03:10",0.204
"2025-09-29 03:15",0.214
"2025-09-29 03:20",0.202
"2025-09-29 03:25",0.206
"2025-09-29 03:30",0.207
"2025-09-29 03:35",0.214
"2025-09-29 03:40",0.211
"2025-09-29 03:45",0.211
"2025-09-29 03:50",0.211
"2025-09-29 03:55",0.211
"2025-09-29 04:00",0.201
"2025-09-29 04:05",0.211
"2025-09-29 04:10",0.201
"2025-09-29 04:15",0.2
"2025-09-29 04:20",0.208
"2025-09-29 04:25",0.204
"2025-09-29 04:30",0.204
"2025-09-29 04:35",0.199
"2025-09-29 04:40",0.201
"2025-09-29 04:45",0.204
"2025-09-29 04:50",0.204
"2025-09-29 04:55",0.21
"2025-09-29 05:00",0.204
"2025-09-29 05:05",0.204
"2025-09-29 05:10",0.208
"2025-09-29 05:15",0.204
"2025-09-29 05:20",0.195
"2025-09-29 05:25",0.204
"2025-09-29 05:30",0.195
"2025-09-29 05:35",0.197
"2025-09-29 05:40",0.197
"2025-09-29 05:45",0.196
"2025-09-29 05:50",0.196
"2025-09-29 05:55",0.195
"2025-09-29 06:00",0.2
"2025-09-29 06:05",0.2
"2025-09-29 06:10",0.206
"2025-09-29 06:15",0.193
"2025-09-29 06:20",0.187
"2025-09-29 06:25",0.189
"2025-09-29 06:30",0.19
"2025-09-29 06:35",0.193
"2025-09-29 06:40",0.187
"2025-09-29 06:45",0.184
"2025-09-29 06:50",0.188
"2025-09-29 06:55",0.184
"2025-09-29 07:00",0.192
"2025-09-29 07:05",0.179
"2025-09-29 07:10",0.181
"2025-09-29 07:15",0.174
"2025-09-29 07:20",0.172
"2025-09-29 07:25",0.16
"2025-09-29 07:30",0.167
"2025-09-29 07:35",0.164
"2025-09-29 07:40",0.162
"2025-09-29 07:45",0.159
"2025-09-29 07:50",0.165
"2025-09-29 07:55",0.152
"2025-09-29 08:00",0.157
"2025-09-29 08:05",0.163
"2025-09-29 08:10",0.158
"2025-09-29 08:15",0.152
"2025-09-29 08:20",0.149
"2025-09-29 08:25",0.156
"2025-09-29 08:30",0.15
"2025-09-29 08:35",0.152
"2025-09-29 08:40",0.148
"2025-09-29 08:45",0.162
"2025-09-29 08:50",0.153
"2025-09-29 08:55",0.157
"2025-09-29 09:00",0.147
"2025-09-29 09:05",0.149
"2025-09-29 09:10",0.152
"2025-09-29 09:15",0.146
"2025-09-29 09:20",0.147
"2025-09-29 09:25",0.147
"2025-09-29 09:30",0.145
"2025-09-29 09:35",0.141
"2025-09-29 09:40",0.143
"2025-09-29 09:45",0.146
"2025-09-29 09:50",0.146
"2025-09-29 09:55",0.146
"2025-09-29 10:00",0.15
"2025-09-29 10:05",0.145
"2025-09-29 10:10",0.149
"2025-09-29 10:15",0.139
"2025-09-29 10:20",0.146
"2025-09-29 10:25",0.146
"2025-09-29 10:30",0.145
"2025-09-29 10:35",0.147
"2025-09-29 10:40",0.145
"2025-09-29 10:45",0.148
"2025-09-29 10:50",0.14
"2025-09-29 10:55",0.15
"2025-09-29 11:00",0.148
"2025-09-29 11:05",0.137
"2025-09-29 11:10",0.145
"2025-09-29 11:15",0.141
"2025-09-29 11:20",0.142
"2025-09-29 11:25",0.145
"2025-09-29 11:30",0.146
"2025-09-29 11:35",0.143
"2025-09-29 11:40",0.147
"2025-09-29 11:45",0.158
"2025-09-29 11:50",0.156
"2025-09-29 11:55",0.159
"2025-09-29 12:00",0.157
"2025-09-29 12:05",0.161
"2025-09-29 12:10",0.159
"2025-09-29 12:15",0.159
"2025-09-29 12:20",0.155
"2025-09-29 12:25",0.151
"2025-09-29 12:30",0.157
"2025-09-29 12:35",0.153
"2025-09-29 12:40",0.156
"2025-09-29 12:45",0.156
"2025-09-29 12:50",0.154
"2025-09-29 12:55",0.15
"2025-09-29 13:00",0.148
"2025-09-29 13:05",0.154
"2025-09-29 13:10",0.158
"2025-09-29 13:15",0.156
"2025-09-29 13:20",0.16
"2025-09-29 13:25",0.149
"2025-09-29 13:30",0.149
"2025-09-29 13:35",0.141
"2025-09-29 13:40",0.16
"2025-09-29 13:45",0.153
"2025-09-29 13:50",0.155
"2025-09-29 13:55",0.144
"2025-09-29 14:00",0.148
"2025-09-29 14:05",0.154
"2025-09-29 14:10",0.144
"2025-09-29 14:15",0.152
"2025-09-29 14:20",0.154
"2025-09-29 14:25",0.153
"2025-09-29 14:30",0.152
"2025-09-29 14:35",0.145
"2025-09-29 14:40",0.145
"2025-09-29 14:45",0.147
"2025-09-29 14:50",0.146
"2025-09-29 14:55",0.142
"2025-09-29 15:00",0.14
"2025-09-29 15:05",0.149
"2025-09-29 15:10",0.151
"2025-09-29 15:15",0.146
"2025-09-29 15:20",0.148
"2025-09-29 15:25",0.141
"2025-09-29 15:30",0.148
"2025-09-29 15:35",0.143
"2025-09-29 15:40",0.15
"2025-09-29 15:45",0.151
"2025-09-29 15:50",0.145
"2025-09-29 15:55",0.153
"2025-09-29 16:00",0.148
"2025-09-29 16:05",0.134
"2025-09-29 16:10",0.141
"2025-09-29 16:15",0.144
"2025-09-29 16:20",0.139
"2025-09-29 16:25",0.142
"2025-09-29 16:30",0.139
"2025-09-29 16:35",0.138
"2025-09-29 16:40",0.132
"2025-09-29 16:45",0.139
"2025-09-29 16:50",0.138
"2025-09-29 16:55",0.141
"2025-09-29 17:00",0.136
"2025-09-29 17:05",0.139
"2025-09-29 17:10",0.139
"2025-09-29 17:15",0.134
"2025-09-29 17:20",0.136
"2025-09-29 17:25",0.139
"2025-09-29 17:30",0.141
"2025-09-29 17:35",0.135
"2025-09-29 17:40",0.145
"2025-09-29 17:45",0.142
"2025-09-29 17:50",0.144
"2025-09-29 17:55",0.151
"2025-09-29 18:00",0.151
"2025-09-29 18:05",0.148
"2025-09-29 18:10",0.147
"2025-09-29 18:15",0.153
"2025-09-29 18:20",0.143
"2025-09-29 18:25",0.145
"2025-09-29 18:30",0.15
"2025-09-29 18:35",0.15
"2025-09-29 18:40",0.142
"2025-09-29 18:45",0.146
"2025-09-29 18:50",0.147
"2025-09-29 18:55",0.155
"2025-09-29 19:00",0.147
"2025-09-29 19:05",0.149
"2025-09-29 19:10",0.146
"2025-09-29 19:15",0.147
"2025-09-29 19:20",0.145
"2025-09-29 19:25",0.143
"2025-09-29 19:30",0.143
"2025-09-29 19:35",0.148
"2025-09-29 19:40",0.151
"2025-09-29 19:45",0.151
"2025-09-29 19:50",0.149
"2025-09-29 19:55",0.145
"2025-09-29 20:00",0.15
"2025-09-29 20:05",0.145
"2025-09-29 20:10",0.152
"2025-09-29 20:15",0.148
"2025-09-29 20:20",0.142
"2025-09-29 20:25",0.138
"2025-09-29 20:30",0.15
"2025-09-29 20:35",0.144
"2025-09-29 20:40",0.143
"2025-09-29 20:45",0.141
"2025-09-29 20:50",0.142
"2025-09-29 20:55",0.143
"2025-09-29 21:00",0.139
"2025-09-29 21:05",0.133
"2025-09-29 21:10",0.15
"2025-09-29 21:15",0.146
"2025-09-29 21:20",0.146
"2025-09-29 21:25",0.141
"2025-09-29 21:30",0.145
"2025-09-29 21:35",0.144
"2025-09-29 21:40",0.136
"2025-09-29 21:45",0.138
"2025-09-29 21:50",0.145
"2025-09-29 21:55",0.142
"2025-09-29 22:00",0.145
"2025-09-29 22:05",0.14
"2025-09-29 22:10",0.148
"2025-09-29 22:15",0.139
"2025-09-29 22:20",0.147
"2025-09-29 22:25",0.156
"2025-09-29 22:30",0.147
"2025-09-29 22:35",0.147
"2025-09-29 22:40",0.15
"2025-09-29 22:45",0.151
"2025-09-29 22:50",0.15
"2025-09-29 22:55",0.144
"2025-09-29 23:00",0.142
"2025-09-29 23:05",0.15
"2025-09-29 23:10",0.144
"2025-09-29 23:15",0.141
"2025-09-29 23:20",0.15
"2025-09-29 23:25",0.145
"2025-09-29 23:30",0.14
"2025-09-29 23:35",0.144
"2025-09-29 23:40",0.153
"2025-09-29 23:45",0.145
"2025-09-29 23:50",0.145
"2025-09-29 23:55",0.148
"2025-09-30 00:00",0.153
"2025-09-30 00:05",0.148
"2025-09-30 00:10",0.148
"2025-09-30 00:15",0.149
"2025-09-30 00:20",0.156
"2025-09-30 00:25",0.151
"2025-09-30 00:30",0.154
"2025-09-30 00:35",0.163
"2025-09-30 00:40",0.158
"2025-09-30 00:45",0.151
"2025-09-30 00:50",0.157
"2025-09-30 00:55",0.158
"2025-09-30 01:00",0.167
"2025-09-30 01:05",0.157
"2025-09-30 01:10",0.166
"2025-09-30 01:15",0.156
"2025-09-30 01:20",0.169
"2025-09-30 01:25",0.164
"2025-09-30 01:30",0.158
"2025-09-30 01:35",0.161
"2025-09-30 01:40",0.161
"2025-09-30 01:45",0.16
"2025-09-30 01:50",0.16
"2025-09-30 01:55",0.157
"2025-09-30 02:00",0.161
"2025-09-30 02:05",0.169
"2025-09-30 02:10",0.167
"2025-09-30 02:15",0.164
"2025-09-30 02:20",0.168
"2025-09-30 02:25",0.162
"2025-09-30 02:30",0.166
"2025-09-30 02:35",0.162
"2025-09-30 02:40",0.171
"2025-09-30 02:45",0.175
"2025-09-30 02:50",0.17
"2025-09-30 02:55",0.172
"2025-09-30 03:00",0.165
"2025-09-30 03:05",0.169
"2025-09-30 03:10",0.174
"2025-09-30 03:15",0.172
"2025-09-30 03:20",0.178
"2025-09-30 03:25",0.169
"2025-09-30 03:30",0.172
"2025-09-30 03:35",0.174
"2025-09-30 03:40",0.178
"2025-09-30 03:45",0.17
"2025-09-30 03:50",0.168
"2025-09-30 03:55",0.168
"2025-09-30 04:00",0.166
"2025-09-30 04:05",0.157
"2025-09-30 04:10",0.166
"2025-09-30 04:15",0.166
"2025-09-30 04:20",0.169
"2025-09-30 04:25",0.165
"2025-09-30 04:30",0.165
"2025-09-30 04:35",0.155
"2025-09-30 04:40",0.161
"2025-09-30 04:45",0.165
"2025-09-30 04:50",0.161
"2025-09-30 04:55",0.165
"2025-09-30 05:00",0.165
"2025-09-30 05:05",0.165
"2025-09-30 05:10",0.17
"2025-09-30 05:15",0.171
"2025-09-30 05:20",0.167
"2025-09-30 05:25",0.169
"2025-09-30 05:30",0.16
"2025-09-30 05:35",0.161
"2025-09-30 05:40",0.157
"2025-09-30 05:45",0.162
"2025-09-30 05:50",0.162
"2025-09-30 05:55",0.159
"2025-09-30 06:00",0.155
"2025-09-30 06:05",0.152
"2025-09-30 06:10",0.15
"2025-09-30 06:15",0.153
"2025-09-30 06:20",0.155
"2025-09-30 06:25",0.153
"2025-09-30 06:30",0.154
"2025-09-30 06:35",0.143
"2025-09-30 06:40",0.141
"2025-09-30 06:45",0.145
"2025-09-30 06:50",0.149
"2025-09-30 06:55",0.136
"2025-09-30 07:00",0.142
"2025-09-30 07:05",0.14
"2025-09-30 07:10",0.14
"2025-09-30 07:15",0.131
"2025-09-30 07:20",0.127
"2025-09-30 07:25",0.12
"2025-09-30 07:30",0.123
"2025-09-30 07:35",0.124
"2025-09-30 07:40",0.12
"2025-09-30 07:45",0.118
"2025-09-30 07:50",0.115
"2025-09-30 07:55",0.116
"2025-09-30 08:00",0.108
"2025-09-30 08:05",0.112
"2025-09-30 08:10",0.1
"2025-09-30 08:15",0.108
"2025-09-30 08:20",0.109
"2025-09-30 08:25",0.113
"2025-09-30 08:30",0.109
"2025-09-30 08:35",0.104
"2025-09-30 08:40",0.102
"2025-09-30 08:45",0.098
"2025-09-30 08:50",0.107
"2025-09-30 08:55",0.105
"2025-09-30 09:00",0.105
"2025-09-30 09:05",0.105
"2025-09-30 09:10",0.097
"2025-09-30 09:15",0.092
"2025-09-30 09:20",0.096
"2025-09-30 09:25",0.099
"2025-09-30 09:30",0.093
"2025-09-30 09:35",0.102
"2025-09-30 09:40",0.094
"2025-09-30 09:45",0.091
"2025-09-30 09:50",0.092
"2025-09-30 09:55",0.092
"2025-09-30 10:00",0.094
"2025-09-30 10:05",0.094
"2025-09-30 10:10",0.096
"2025-09-30 10:15",0.09
"2025-09-30 10:20",0.094
"2025-09-30 10:25",0.087
"2025-09-30 10:30",0.092
"2025-09-30 10:35",0.091
"2025-09-30 10:40",0.096
"2025-09-30 10:45",0.098
"2025-09-30 10:50",0.092
"2025-09-30 10:55",0.098
"2025-09-30 11:00",0.096
"2025-09-30 11:05",0.096
"2025-09-30 11:10",0.094
"2025-09-30 11:15",0.104
"2025-09-30 11:20",0.106
"2025-09-30 11:25",0.097
"2025-09-30 11:30",0.097
"2025-09-30 11:35",0.1
"2025-09-30 11:40",0.102
"2025-09-30 11:45",0.094
"2025-09-30 11:50",0.104
"2025-09-30 11:55",0.105
"2025-09-30 12:00",0.105
"2025-09-30 12:05",0.113
"2025-09-30 12:10",0.104
"2025-09-30 12:15",0.108
"2025-09-30 12:20",0.116
"2025-09-30 12:25",0.107
"2025-09-30 12:30",0.114
"2025-09-30 12:35",0.113
"2025-09-30 12:40",0.118
"2025-09-30 12:45",0.118
"2025-09-30 12:50",0.11
"2025-09-30 12:55",0.114
"2025-09-30 13:00",0.108
"2025-09-30 13:05",0.109
"2025-09-30 13:10",0.109
"2025-09-30 13:15",0.116
"2025-09-30 13:20",0.116
"2025-09-30 13:25",0.111
"2025-09-30 13:30",0.116
"2025-09-30 13:35",0.111
"2025-09-30 13:40",0.113
"2025-09-30 13:45",0.098
"2025-09-30 13:50",0.109
"2025-09-30 13:55",0.108
"2025-09-30 14:00",0.111
"2025-09-30 14:05",0.109
"2025-09-30 14:10",0.104
"2025-09-30 14:15",0.11
"2025-09-30 14:20",0.11
"2025-09-30 14:25",0.108
"2025-09-30 14:30",0.114
"2025-09-30 14:35",0.116
"2025-09-30 14:40",0.112
"2025-09-30 14:45",0.105
"2025-09-30 14:50",0.113
"2025-09-30 14:55",0.11
"2025-09-30 15:00",0.115
"2025-09-30 15:05",0.11
"2025-09-30 15:10",0.114
"2025-09-30 15:15",0.111
"2025-09-30 15:20",0.106
"2025-09-30 15:25",0.113
"2025-09-30 15:30",0.11
"2025-09-30 15:35",0.108
"2025-09-30 15:40",0.109
"2025-09-30 15:45",0.107
"2025-09-30 15:50",0.11
"2025-09-30 15:55",0.112
"2025-09-30 16:00",0.112
"2025-09-30 16:05",0.105
"2025-09-30 16:10",0.106
"2025-09-30 16:15",0.105
"2025-09-30 16:20",0.102
"2025-09-30 16:25",0.095
"2025-09-30 16:30",0.096
"2025-09-30 16:35",0.106
"2025-09-30 16:40",0.098
"2025-09-30 16:45",0.099
"2025-09-30 16:50",0.102
"2025-09-30 16:55",0.101
"2025-09-30 17:00",0.098
"2025-09-30 17:05",0.098
"2025-09-30 17:10",0.099
"2025-09-30 17:15",0.092
"2025-09-30 17:20",0.097
"2025-09-30 17:25",0.092
"2025-09-30 17:30",0.097
"2025-09-30 17:35",0.096
"2025-09-30 17:40",0.092
"2025-09-30 17:45",0.103
"2025-09-30 17:50",0.101
"2025-09-30 17:55",0.109
"2025-09-30 18:00",0.108
"2025-09-30 18:05",0.1
"2025-09-30 18:10",0.099
"2025-09-30 18:15",0.097
"2025-09-30 18:20",0.104
"2025-09-30 18:25",0.095
"2025-09-30 18:30",0.103
"2025-09-30 18:35",0.099
"2025-09-30 18:40",0.101
"2025-09-30 18:45",0.103
"2025-09-30 18:50",0.101
"2025-09-30 18:55",0.102
"2025-09-30 19:00",0.101
"2025-09-30 19:05",0.095
"2025-09-30 19:10",0.1
"2025-09-30 19:15",0.097
"2025-09-30 19:20",0.098
"2025-09-30 19:25",0.098
"2025-09-30 19:30",0.099
"2025-09-30 19:35",0.098
"2025-09-30 19:40",0.087
"2025-09-30 19:45",0.094
"2025-09-30 19:50",0.085
"2025-09-30 19:55",0.094
"2025-09-30 20:00",0.097
"2025-09-30 20:05",0.094
"2025-09-30 20:10",0.094
"2025-09-30 20:15",0.1
"2025-09-30 20:20",0.098
"2025-09-30 20:25",0.095
"2025-09-30 20:30",0.088
"2025-09-30 20:35",0.093
"2025-09-30 20:40",0.093
"2025-09-30 20:45",0.093
"2025-09-30 20:50",0.089
"2025-09-30 20:55",0.098
"2025-09-30 21:00",0.094
"2025-09-30 21:05",0.089
"2025-09-30 21:10",0.089
"2025-09-30 21:15",0.092
"2025-09-30 21:20",0.086
"2025-09-30 21:25",0.092
"2025-09-30 21:30",0.088
"2025-09-30 21:35",0.094
"2025-09-30 21:40",0.083
"2025-09-30 21:45",0.09
"2025-09-30 21:50",0.086
"2025-09-30 21:55",0.086
"2025-09-30 22:00",0.088
"2025-09-30 22:05",0.095
"2025-09-30 22:10",0.09
"2025-09-30 22:15",0.086
"2025-09-30 22:20",0.093
"2025-09-30 22:25",0.087
"2025-09-30 22:30",0.092
"2025-09-30 22:35",0.101
"2025-09-30 22:40",0.091
"2025-09-30 22:45",0.093
"2025-09-30 22:50",0.091
"2025-09-30 22:55",0.092
"2025-09-30 23:00",0.098
"2025-09-30 23:05",0.101
"2025-09-30 23:10",0.096
"2025-09-30 23:15",0.101
"2025-09-30 23:20",0.101
"2025-09-30 23:25",0.096
"2025-09-30 23:30",0.101
"2025-09-30 23:35",0.105
"2025-09-30 23:40",0.1
"2025-09-30 23:45",0.105
"2025-09-30 23:50",0.106
"2025-09-30 23:55",0.112
"2025-10-01 00:00",0.121
"2025-10-01 00:05",0.106
"2025-10-01 00:10",0.114
"2025-10-01 00:15",0.106
"2025-10-01 00:20",0.11
"2025-10-01 00:25",0.113
"2025-10-01 00:30",0.107
"2025-10-01 00:35",0.11
"2025-10-01 00:40",0.114
"2025-10-01 00:45",0.113
"2025-10-01 00:50",0.113
"2025-10-01 00:55",0.12
"2025-10-01 01:00",0.116
"2025-10-01 01:05",0.111
"2025-10-01 01:10",0.123
"2025-10-01 01:15",0.119
"2025-10-01 01:20",0.126
"2025-10-01 01:25",0.118
"2025-10-01 01:30",0.122
"2025-10-01 01:35",0.121
"2025-10-01 01:40",0.121
"2025-10-01 01:45",0.126
"2025-10-01 01:50",0.127
"2025-10-01 01:55",0.127
"2025-10-01 02:00",0.127
"2025-10-01 02:05",0.134
"2025-10-01 02:10",0.133
"2025-10-01 02:15",0.13
"2025-10-01 02:20",0.123
"2025-10-01 02:25",0.125
"2025-10-01 02:30",0.127
"2025-10-01 02:35",0.127
"2025-10-01 02:40",0.131
"2025-10-01 02:45",0.132
"2025-10-01 02:50",0.13
"2025-10-01 02:55",0.13
"2025-10-01 03:00",0.133
"2025-10-01 03:05",0.129
"2025-10-01 03:10",0.129
"2025-10-01 03:15",0.125
"2025-10-01 03:20",0.138
"2025-10-01 03:25",0.129
"2025-10-01 03:30",0.134
"2025-10-01 03:35",0.138
"2025-10-01 03:40",0.138
"2025-10-01 03:45",0.137
"2025-10-01 03:50",0.134
"2025-10-01 03:55",0.131
"2025-10-01 04:00",0.13
"2025-10-01 04:05",0.135
"2025-10-01 04:10",0.134
"2025-10-01 04:15",0.134
"2025-10-01 04:20",0.134
"2025-10-01 04:25",0.13
"2025-10-01 04:30",0.134
"2025-10-01 04:35",0.13
"2025-10-01 04:40",0.131
"2025-10-01 04:45",0.13
"2025-10-01 04:50",0.13
"2025-10-01 04:55",0.127
"2025-10-01 05:00",0.124
"2025-10-01 05:05",0.137
"2025-10-01 05:10",0.127
"2025-10-01 05:15",0.128
"2025-10-01 05:20",0.124
"2025-10-01 05:25",0.117
"2025-10-01 05:30",0.126
"2025-10-01 05:35",0.126
"2025-10-01 05:40",0.122
"2025-10-01 05:45",0.119
"2025-10-01 05:50",0.119
"2025-10-01 05:55",0.123
"2025-10-01 06:00",0.116
"2025-10-01 06:05",0.129
"2025-10-01 06:10",0.12
"2025-10-01 06:15",0.124
"2025-10-01 06:20",0.113
"2025-10-01 06:25",0.112
"2025-10-01 06:30",0.114
"2025-10-01 06:35",0.115
"2025-10-01 06:40",0.112
"2025-10-01 06:45",0.107
"2025-10-01 06:50",0.108
"2025-10-01 06:55",0.109
"2025-10-01 07:00",0.105
"2025-10-01 07:05",0.098
"2025-10-01 07:10",0.092
"2025-10-01 07:15",0.095
"2025-10-01 07:20",0.098
"2025-10-01 07:25",0.097
"2025-10-01 07:30",0.094
"2025-10-01 07:35",0.093
"2025-10-01 07:40",0.086
"2025-10-01 07:45",0.085
"2025-10-01 07:50",0.089
"2025-10-01 07:55",0.081
"2025-10-01 08:00",0.081
"2025-10-01 08:05",0.075
"2025-10-01 08:10",0.073
"2025-10-01 08:15",0.073
"2025-10-01 08:20",0.071
"2025-10-01 08:25",0.075
"2025-10-01 08:30",0.069
"2025-10-01 08:35",0.066
"2025-10-01 08:40",0.058
"2025-10-01 08:45",0.057
"2025-10-01 08:50",0.06
"2025-10-01 08:55",0.055
"2025-10-01 09:00",0.055
"2025-10-01 09:05",0.05
"2025-10-01 09:10",0.055
"2025-10-01 09:15",0.053
"2025-10-01 09:20",0.059
"2025-10-01 09:25",0.055
"2025-10-01 09:30",0.047
"2025-10-01 09:35",0.059
"2025-10-01 09:40",0.05
"2025-10-01 09:45",0.05
"2025-10-01 09:50",0.053
"2025-10-01 09:55",0.056
"2025-10-01 10:00",0.059
"2025-10-01 10:05",0.055
"2025-10-01 10:10",0.053
"2025-10-01 10:15",0.056
"2025-10-01 10:20",0.056
"2025-10-01 10:25",0.059
"2025-10-01 10:30",0.068
"2025-10-01 10:35",0.058
"2025-10-01 10:40",0.058
"2025-10-01 10:45",0.065
"2025-10-01 10:50",0.061
"2025-10-01 10:55",0.063
"2025-10-01 11:00",0.072
"2025-10-01 11:05",0.065
"2025-10-01 11:10",0.076
"2025-10-01 11:15",0.068
"2025-10-01 11:20",0.071
"2025-10-01 11:25",0.065
"2025-10-01 11:30",0.069
"2025-10-01 11:35",0.057
"2025-10-01 11:40",0.068
"2025-10-01 11:45",0.07
"2025-10-01 11:50",0.068
"2025-10-01 11:55",0.065
"2025-10-01 12:00",0.078
"2025-10-01 12:05",0.069
"2025-10-01 12:10",0.07
"2025-10-01 12:15",0.067
"2025-10-01 12:20",0.07
"2025-10-01 12:25",0.07
"2025-10-01 12:30",0.071
"2025-10-01 12:35",0.073
"2025-10-01 12:40",0.07
"2025-10-01 12:45",0.064
"2025-10-01 12:50",0.063
"2025-10-01 12:55",0.059
"2025-10-01 13:00",0.067
"2025-10-01 13:05",0.066
"2025-10-01 13:10",0.065
"2025-10-01 13:15",0.062
"2025-10-01 13:20",0.065
"2025-10-01 13:25",0.067
"2025-10-01 13:30",0.06
"2025-10-01 13:35",0.064
"2025-10-01 13:40",0.058
"2025-10-01 13:45",0.063
"2025-10-01 13:50",0.067
"2025-10-01 13:55",0.061
"2025-10-01 14:00",0.064
"2025-10-01 14:05",0.072
"2025-10-01 14:10",0.065
"2025-10-01 14:15",0.061
"2025-10-01 14:20",0.059
"2025-10-01 14:25",0.065
"2025-10-01 14:30",0.063
"2025-10-01 14:35",0.066
"2025-10-01 14:40",0.061
"2025-10-01 14:45",0.068
"2025-10-01 14:50",0.062
"2025-10-01 14:55",0.059
"2025-10-01 15:00",0.055
"2025-10-01 15:05",0.053
"2025-10-01 15:10",0.051
"2025-10-01 15:15",0.055
"2025-10-01 15:20",0.061
"2025-10-01 15:25",0.052
"2025-10-01 15:30",0.052
"2025-10-01 15:35",0.045
"2025-10-01 15:40",0.044
"2025-10-01 15:45",0.047
"2025-10-01 15:50",0.054
"2025-10-01 15:55",0.046
"2025-10-01 16:00",0.044
"2025-10-01 16:05",0.041
"2025-10-01 16:10",0.055
"2025-10-01 16:15",0.053
"2025-10-01 16:20",0.04
"2025-10-01 16:25",0.041
"2025-10-01 16:30",0.047
"2025-10-01 16:35",0.046
"2025-10-01 16:40",0.042
"2025-10-01 16:45",0.045
"2025-10-01 16:50",0.045
"2025-10-01 16:55",0.043
"2025-10-01 17:00",0.046
"2025-10-01 17:05",0.047
"2025-10-01 17:10",0.052
"2025-10-01 17:15",0.055
"2025-10-01 17:20",0.05
"2025-10-01 17:25",0.047
"2025-10-01 17:30",0.054
"2025-10-01 17:35",0.053
"2025-10-01 17:40",0.047
"2025-10-01 17:45",0.056
"2025-10-01 17:50",0.055
"2025-10-01 17:55",0.055
"2025-10-01 18:00",0.052
"2025-10-01 18:05",0.049
"2025-10-01 18:10",0.056
"2025-10-01 18:15",0.055
"2025-10-01 18:20",0.058
"2025-10-01 18:25",0.061
"2025-10-01 18:30",0.069
"2025-10-01 18:35",0.056
"2025-10-01 18:40",0.064
"2025-10-01 18:45",0.063
"2025-10-01 18:50",0.061
"2025-10-01 18:55",0.056
"2025-10-01 19:00",0.073
"2025-10-01 19:05",0.068
"2025-10-01 19:10",0.059
"2025-10-01 19:15",0.059
"2025-10-01 19:20",0.053
"2025-10-01 19:25",0.054
"2025-10-01 19:30",0.057
"2025-10-01 19:35",0.061
"2025-10-01 19:40",0.053
"2025-10-01 19:45",0.056
"2025-10-01 19:50",0.06
"2025-10-01 19:55",0.068
"2025-10-01 20:00",0.064
"2025-10-01 20:05",0.055
"2025-10-01 20:10",0.056
"2025-10-01 20:15",0.054
"2025-10-01 20:20",0.054
"2025-10-01 20:25",0.062
"2025-10-01 20:30",0.051
"2025-10-01 20:35",0.058
"2025-10-01 20:40",0.058
"2025-10-01 20:45",0.055
"2025-10-01 20:50",0.057
"2025-10-01 20:55",0.054
"2025-10-01 21:00",0.049
"2025-10-01 21:05",0.049
"2025-10-01 21:10",0.053
"2025-10-01 21:15",0.049
"2025-10-01 21:20",0.052
"2025-10-01 21:25",0.052
"2025-10-01 21:30",0.054
"2025-10-01 21:35",0.055
"2025-10-01 21:40",0.058
"2025-10-01 21:45",0.049
"2025-10-01 21:50",0.056
"2025-10-01 21:55",0.057
"2025-10-01 22:00",0.055
"2025-10-01 22:05",0.058
"2025-10-01 22:10",0.058
"2025-10-01 22:15",0.055
"2025-10-01 22:20",0.062
"2025-10-01 22:25",0.062
"2025-10-01 22:30",0.053
"2025-10-01 22:35",0.053
"2025-10-01 22:40",0.051
"2025-10-01 22:45",0.055
"2025-10-01 22:50",0.051
"2025-10-01 22:55",0.052
"2025-10-01 23:00",0.049
"2025-10-01 23:05",0.047
"2025-10-01 23:10",0.052
"2025-10-01 23:15",0.057
"2025-10-01 23:20",0.057
"2025-10-01 23:25",0.055
"2025-10-01 23:30",0.05
"2025-10-01 23:35",0.058
"2025-10-01 23:40",0.061
"2025-10-01 23:45",0.06
"2025-10-01 23:50",0.069
"2025-10-01 23:55",0.06
"2025-10-02 00:00",0.06
"2025-10-02 00:05",0.068
"2025-10-02 00:10",0.068
"2025-10-02 00:15",0.068
"2025-10-02 00:20",0.068
"2025-10-02 00:25",0.066
"2025-10-02 00:30",0.07
"2025-10-02 00:35",0.074
"2025-10-02 00:40",0.065
"2025-10-02 00:45",0.077
"2025-10-02 00:50",0.064
"2025-10-02 00:55",0.07
"2025-10-02 01:00",0.074
"2025-10-02 01:05",0.072
"2025-10-02 01:10",0.072
"2025-10-02 01:15",0.072
"2025-10-02 01:20",0.076
"2025-10-02 01:25",0.074
"2025-10-02 01:30",0.072
"2025-10-02 01:35",0.067
"2025-10-02 01:40",0.07
"2025-10-02 01:45",0.073
"2025-10-02 01:50",0.071
"2025-10-02 01:55",0.075
"2025-10-02 02:00",0.08
"2025-10-02 02:05",0.075
"2025-10-02 02:10",0.075
"2025-10-02 02:15",0.083
"2025-10-02 02:20",0.084
"2025-10-02 02:25",0.075
"2025-10-02 02:30",0.073
"2025-10-02 02:35",0.077
"2025-10-02 02:40",0.082
"2025-10-02 02:45",0.082
"2025-10-02 02:50",0.071
"2025-10-02 02:55",0.08
"2025-10-02 03:00",0.072
"2025-10-02 03:05",0.077
"2025-10-02 03:10",0.079
"2025-10-02 03:15",0.078
"2025-10-02 03:20",0.077
"2025-10-02 03:25",0.075
"2025-10-02 03:30",0.084
"2025-10-02 03:35",0.076
"2025-10-02 03:40",0.079
"2025-10-02 03:45",0.08
"2025-10-02 03:50",0.08
"2025-10-02 03:55",0.079
"2025-10-02 04:00",0.082
"2025-10-02 04:05",0.078
"2025-10-02 04:10",0.076
"2025-10-02 04:15",0.074
"2025-10-02 04:20",0.074
"2025-10-02 04:25",0.078
"2025-10-02 04:30",0.079
"2025-10-02 04:35",0.079
"2025-10-02 04:40",0.079
"2025-10-02 04:45",0.07
"2025-10-02 04:50",0.069
"2025-10-02 04:55",0.081
"2025-10-02 05:00",0.076
"2025-10-02 05:05",0.077
"2025-10-02 05:10",0.072
"2025-10-02 05:15",0.072
"2025-10-02 05:20",0.064
"2025-10-02 05:25",0.072
"2025-10-02 05:30",0.065
"2025-10-02 05:35",0.063
"2025-10-02 05:40",0.061
"2025-10-02 05:45",0.061
"2025-10-02 05:50",0.059
"2025-10-02 05:55",0.086
"2025-10-02 06:00",0.086
"2025-10-02 06:05",0.086
"2025-10-02 06:10",0.086
"2025-10-02 06:15",0.074
"2025-10-02 06:20",0.083
"2025-10-02 06:25",0.084
"2025-10-02 06:30",0.081
"2025-10-02 06:35",0.075
"2025-10-02 06:40",0.083
"2025-10-02 06:45",0.065
"2025-10-02 06:50",0.062
"2025-10-02 06:55",0.058
"2025-10-02 07:00",0.054
"2025-10-02 07:05",0.053
"2025-10-02 07:10",0.047
"2025-10-02 07:15",0.046
"2025-10-02 07:20",0.049
"2025-10-02 07:25",0.046
"2025-10-02 07:30",0.041
"2025-10-02 07:35",0.037
"2025-10-02 07:40",0.036
"2025-10-02 07:45",0.043
"2025-10-02 07:50",0.04
"2025-10-02 07:55",0.042
"2025-10-02 08:00",0.04
"2025-10-02 08:05",0.037
"2025-10-02 08:10",0.032
"2025-10-02 08:15",0.038
"2025-10-02 08:20",0.032
"2025-10-02 08:25",0.029
"2025-10-02 08:30",0.028
"2025-10-02 08:35",0.034
"2025-10-02 08:40",0.028
"2025-10-02 08:45",0.031
"2025-10-02 08:50",0.028
"2025-10-02 08:55",0.028
"2025-10-02 09:00",0.025
"2025-10-02 09:05",0.034
"2025-10-02 09:10",0.028
"2025-10-02 09:15",0.024
"2025-10-02 09:20",0.02
"2025-10-02 09:25",0.02
"2025-10-02 09:30",0.023
"2025-10-02 09:35",0.027
"2025-10-02 09:40",0.025
"2025-10-02 09:45",0.025
"2025-10-02 09:50",0.025
"2025-10-02 09:55",0.019
"2025-10-02 10:00",0.021
"2025-10-02 10:05",0.025
"2025-10-02 10:10",0.025
"2025-10-02 10:15",0.017
"2025-10-02 10:20",0.019
"2025-10-02 10:25",0.017
"2025-10-02 10:30",0.016
"2025-10-02 10:35",0.023
"2025-10-02 10:40",0.027
"2025-10-02 10:45",0.017
"2025-10-02 10:50",0.021
"2025-10-02 10:55",0.021
"2025-10-02 11:00",0.024
"2025-10-02 11:05",0.021
"2025-10-02 11:10",0.015
"2025-10-02 11:15",0.02
"2025-10-02 11:20",0.028
"2025-10-02 11:25",0.02
"2025-10-02 11:30",0.028
"2025-10-02 11:35",0.022
"2025-10-02 11:40",0.028
"2025-10-02 11:45",0.033
"2025-10-02 11:50",0.03
"2025-10-02 11:55",0.031
"2025-10-02 12:00",0.024
"2025-10-02 12:05",0.026
"2025-10-02 12:10",0.026
"2025-10-02 12:15",0.022
"2025-10-02 12:20",0.027
"2025-10-02 12:25",0.027
"2025-10-02 12:30",0.035
"2025-10-02 12:35",0.026
"2025-10-02 12:40",0.028
"2025-10-02 12:45",0.026
"2025-10-02 12:50",0.022
"2025-10-02 12:55",0.031
"2025-10-02 13:00",0.028
"2025-10-02 13:05",0.022
"2025-10-02 13:10",0.026
"2025-10-02 13:15",0.015
"2025-10-02 13:20",0.016
"2025-10-02 13:25",0.014
"2025-10-02 13:30",0.016
"2025-10-02 13:35",0.018
"2025-10-02 13:40",0.025
"2025-10-02 13:45",0.025
"2025-10-02 13:50",0.018
"2025-10-02 13:55",0.012
"2025-10-02 14:00",0.018
"2025-10-02 14:05",0.017
"2025-10-02 14:10",0.009
"2025-10-02 14:15",0.011
"2025-10-02 14:20",0.02
"2025-10-02 14:25",0.009
"2025-10-02 14:30",0.013
"2025-10-02 14:35",0.006
"2025-10-02 14:40",0.019
"2025-10-02 14:45",0.015
"2025-10-02 14:50",0.019
"2025-10-02 14:55",0.015
"2025-10-02 15:00",0.019
"2025-10-02 15:05",0.008
"2025-10-02 15:10",0.009
"2025-10-02 15:15",0.006
"2025-10-02 15:20",0.002
"2025-10-02 15:25",0.008
"2025-10-02 15:30",0.003
"2025-10-02 15:35",0.002
"2025-10-02 15:40",-0.001
"2025-10-02 15:45",0.001
"2025-10-02 15:50",-0.001
"2025-10-02 15:55",-0.001
"2025-10-02 16:00",0.003
"2025-10-02 16:05",-0.001
"2025-10-02 16:10",0.007
"2025-10-02 16:15",0.003
"2025-10-02 16:20",0.011
"2025-10-02 16:25",0.004
"2025-10-02 16:30",0.005
"2025-10-02 16:35",0.003
"2025-10-02 16:40",0.012
"2025-10-02 16:45",0.007
"2025-10-02 16:50",0.014
"2025-10-02 16:55",0.018
"2025-10-02 17:00",0.019
"2025-10-02 17:05",0.021
"2025-10-02 17:10",0.019
"2025-10-02 17:15",0.023
"2025-10-02 17:20",0.025
"2025-10-02 17:25",0.026
"2025-10-02 17:30",0.03
"2025-10-02 17:35",0.03
"2025-10-02 17:40",0.03
"2025-10-02 17:45",0.026
"2025-10-02 17:50",0.035
"2025-10-02 17:55",0.036
"2025-10-02 18:00",0.041
"2025-10-02 18:05",0.037
"2025-10-02 18:10",0.043
"2025-10-02 18:15",0.031
"2025-10-02 18:20",0.04
"2025-10-02 18:25",0.047
"2025-10-02 18:30",0.042
"2025-10-02 18:35",0.051
"2025-10-02 18:40",0.045
"2025-10-02 18:45",0.051
"2025-10-02 18:50",0.054
"2025-10-02 18:55",0.051
"2025-10-02 19:00",0.056
"2025-10-02 19:05",0.049
"2025-10-02 19:10",0.052
"2025-10-02 19:15",0.064
"2025-10-02 19:20",0.063
"2025-10-02 19:25",0.061
"2025-10-02 19:30",0.072
"2025-10-02 19:35",0.062
"2025-10-02 19:40",0.068
"2025-10-02 19:45",0.064
"2025-10-02 19:50",0.068
"2025-10-02 19:55",0.07
"2025-10-02 20:00",0.067
"2025-10-02 20:05",0.064
"2025-10-02 20:10",0.062
"2025-10-02 20:15",0.07
"2025-10-02 20:20",0.062
"2025-10-02 20:25",0.063
"2025-10-02 20:30",0.066
"2025-10-02 20:35",0.067
"2025-10-02 20:40",0.066
"2025-10-02 20:45",0.07
"2025-10-02 20:50",0.069
"2025-10-02 20:55",0.068
"2025-10-02 21:00",0.069
"2025-10-02 21:05",0.076
"2025-10-02 21:10",0.073
"2025-10-02 21:15",0.077
"2025-10-02 21:20",0.076
"2025-10-02 21:25",0.077
"2025-10-02 21:30",0.067
"2025-10-02 21:35",0.065
"2025-10-02 21:40",0.077
"2025-10-02 21:45",0.079
"2025-10-02 21:50",0.078
"2025-10-02 21:55",0.077
"2025-10-02 22:00",0.067
"2025-10-02 22:05",0.076
"2025-10-02 22:10",0.071
"2025-10-02 22:15",0.072
"2025-10-02 22:20",0.079
"2025-10-02 22:25",0.07
"2025-10-02 22:30",0.073
"2025-10-02 22:35",0.073
"2025-10-02 22:40",0.076
"2025-10-02 22:45",0.076
"2025-10-02 22:50",0.082
"2025-10-02 22:55",0.083
"2025-10-02 23:00",0.079
"2025-10-02 23:05",0.072
"2025-10-02 23:10",0.081
"2025-10-02 23:15",0.081
"2025-10-02 23:20",0.075
"2025-10-02 23:25",0.075
"2025-10-02 23:30",0.074
"2025-10-02 23:35",0.084
"2025-10-02 23:40",0.087
"2025-10-02 23:45",0.085
"2025-10-02 23:50",0.085
"2025-10-02 23:55",0.085
"2025-10-03 00:00",0.085
"2025-10-03 00:05",0.08
"2025-10-03 00:10",0.083
"2025-10-03 00:15",0.079
"2025-10-03 00:20",0.086
"2025-10-03 00:25",0.082
"2025-10-03 00:30",0.077
"2025-10-03 00:35",0.085
"2025-10-03 00:40",0.088
"2025-10-03 00:45",0.079
"2025-10-03 00:50",0.087
"2025-10-03 00:55",0.087
"2025-10-03 01:00",0.083
"2025-10-03 01:05",0.082
"2025-10-03 01:10",0.077
"2025-10-03 01:15",0.08
"2025-10-03 01:20",0.08
"2025-10-03 01:25",0.08
"2025-10-03 01:30",0.075
"2025-10-03 01:35",0.079
"2025-10-03 01:40",0.07
"2025-10-03 01:45",0.074
"2025-10-03 01:50",0.078
"2025-10-03 01:55",0.078
"2025-10-03 02:00",0.081
"2025-10-03 02:05",0.081
"2025-10-03 02:10",0.081
"2025-10-03 02:15",0.079
"2025-10-03 02:20",0.075
"2025-10-03 02:25",0.088
"2025-10-03 02:30",0.079
"2025-10-03 02:35",0.082
"2025-10-03 02:40",0.09
"2025-10-03 02:45",0.09
"2025-10-03 02:50",0.086
"2025-10-03 02:55",0.095
"2025-10-03 03:00",0.09
"2025-10-03 03:05",0.084
"2025-10-03 03:10",0.084
"2025-10-03 03:15",0.082
"2025-10-03 03:20",0.091
"2025-10-03 03:25",0.088
"2025-10-03 03:30",0.091
"2025-10-03 03:35",0.087
"2025-10-03 03:40",0.095
"2025-10-03 03:45",0.096
"2025-10-03 03:50",0.093
"2025-10-03 03:55",0.091
"2025-10-03 04:00",0.088
"2025-10-03 04:05",0.078
"2025-10-03 04:10",0.097
"2025-10-03 04:15",0.089
"2025-10-03 04:20",0.08
"2025-10-03 04:25",0.087
"2025-10-03 04:30",0.083
"2025-10-03 04:35",0.089
"2025-10-03 04:40",0.097
"2025-10-03 04:45",0.097
"2025-10-03 04:50",0.097
"2025-10-03 04:55",0.106
"2025-10-03 05:00",0.102
"2025-10-03 05:05",0.093
"2025-10-03 05:10",0.088
"2025-10-03 05:15",0.089
"2025-10-03 05:20",0.089
"2025-10-03 05:25",0.101
"2025-10-03 05:30",0.093
"2025-10-03 05:35",0.102
"2025-10-03 05:40",0.093
"2025-10-03 05:45",0.09
"2025-10-03 05:50",0.09
"2025-10-03 05:55",0.095
"2025-10-03 06:00",0.095
"2025-10-03 06:05",0.09
"2025-10-03 06:10",0.097
"2025-10-03 06:15",0.093
"2025-10-03 06:20",0.093
"2025-10-03 06:25",0.094
"2025-10-03 06:30",0.089
"2025-10-03 06:35",0.087
"2025-10-03 06:40",0.081
"2025-10-03 06:45",0.073
"2025-10-03 06:50",0.063
"2025-10-03 06:55",0.064
"2025-10-03 07:00",0.062
"2025-10-03 07:05",0.051
"2025-10-03 07:10",0.044
"2025-10-03 07:15",0.047
"2025-10-03 07:20",0.051
"2025-10-03 07:25",0.038
"2025-10-03 07:30",0.032
"2025-10-03 07:35",0.029
"2025-10-03 07:40",0.028
"2025-10-03 07:45",0.027
"2025-10-03 07:50",0.03
"2025-10-03 07:55",0.03
"2025-10-03 08:00",0.025
"2025-10-03 08:05",0.02
"2025-10-03 08:10",0.023
"2025-10-03 08:15",0.021
"2025-10-03 08:20",0.011
"2025-10-03 08:25",0.014
"2025-10-03 08:30",0.015
"2025-10-03 08:35",0.015
"2025-10-03 08:40",0.011
"2025-10-03 08:45",0.012
"2025-10-03 08:50",0.01
"2025-10-03 08:55",0.017
"2025-10-03 09:00",0.013
"2025-10-03 09:05",0.01
"2025-10-03 09:10",0.011
"2025-10-03 09:15",0.007
"2025-10-03 09:20",0.014
"2025-10-03 09:25",0.018
"2025-10-03 09:30",0.013
"2025-10-03 09:35",0.011
"2025-10-03 09:40",0.007
"2025-10-03 09:45",0.007
"2025-10-03 09:50",0.02
"2025-10-03 09:55",0.015
"2025-10-03 10:00",0.011
"2025-10-03 10:05",0.009
"2025-10-03 10:10",0.018
"2025-10-03 10:15",0.013
"2025-10-03 10:20",0.01
"2025-10-03 10:25",0.012
"2025-10-03 10:30",0.014
"2025-10-03 10:35",0.01
"2025-10-03 10:40",0.014
"2025-10-03 10:45",0.014
"2025-10-03 10:50",0.018
"2025-10-03 10:55",0.019
"2025-10-03 11:00",0.016
"2025-10-03 11:05",0.013
"2025-10-03 11:10",0.01
"2025-10-03 11:15",0.004
"2025-10-03 11:20",0.008
"2025-10-03 11:25",0.005
"2025-10-03 11:30",0.008
"2025-10-03 11:35",0.016
"2025-10-03 11:40",0.008
"2025-10-03 11:45",0.008
"2025-10-03 11:50",0.008
"2025-10-03 11:55",0.009
"2025-10-03 12:00",0.007
"2025-10-03 12:05",0.013
"2025-10-03 12:10",0.008
"2025-10-03 12:15",0.009
"2025-10-03 12:20",0.009
"2025-10-03 12:25",0.01
"2025-10-03 12:30",0.013
"2025-10-03 12:35",0.011
"2025-10-03 12:40",0.012
"2025-10-03 12:45",0.023
"2025-10-03 12:50",0.011
"2025-10-03 12:55",0.011
"2025-10-03 13:00",0.017
"2025-10-03 13:05",0.011
"2025-10-03 13:10",0.013
"2025-10-03 13:15",0.011
"2025-10-03 13:20",0.002
"2025-10-03 13:25",0.012
"2025-10-03 13:30",0.015
"2025-10-03 13:35",0.013
"2025-10-03 13:40",0.004
"2025-10-03 13:45",0.008
"2025-10-03 13:50",0.012
"2025-10-03 13:55",0.013
"2025-10-03 14:00",0.013
"2025-10-03 14:05",0.017
"2025-10-03 14:10",0.01
"2025-10-03 14:15",0.006
"2025-10-03 14:20",0.006
"2025-10-03 14:25",0.002
"2025-10-03 14:30",0.002
"2025-10-03 14:35",0.012
"2025-10-03 14:40",0.008
"2025-10-03 14:45",0.001
"2025-10-03 14:50",0.006
"2025-10-03 14:55",0.005
"2025-10-03 15:00",0.005
"2025-10-03 15:05",0.001
"2025-10-03 15:10",0.003
"2025-10-03 15:15",-0.004
"2025-10-03 15:20",-0.001
"2025-10-03 15:25",0.007
"2025-10-03 15:30",0.005
"2025-10-03 15:35",0.007
"2025-10-03 15:40",0.005
"2025-10-03 15:45",0.007
"2025-10-03 15:50",0.008
"2025-10-03 15:55",0.01
"2025-10-03 16:00",0.012
"2025-10-03 16:05",0.01
"2025-10-03 16:10",0.01
"2025-10-03 16:15",0.015
"2025-10-03 16:20",0.009
"2025-10-03 16:25",0.006
"2025-10-03 16:30",0.003
"2025-10-03 16:35",0.014
"2025-10-03 16:40",0.004
"2025-10-03 16:45",0.014
"2025-10-03 16:50",0.02
"2025-10-03 16:55",0.014
"2025-10-03 17:00",0.011
"2025-10-03 17:05",0.016
"2025-10-03 17:10",0.018
"2025-10-03 17:15",0.014
"2025-10-03 17:20",0.024
"2025-10-03 17:25",0.033
"2025-10-03 17:30",0.032
"2025-10-03 17:35",0.034
"2025-10-03 17:40",0.033
"2025-10-03 17:45",0.031
"2025-10-03 17:50",0.032
"2025-10-03 17:55",0.038
"2025-10-03 18:00",0.038
"2025-10-03 18:05",0.048
"2025-10-03 18:10",0.04
"2025-10-03 18:15",0.048
"2025-10-03 18:20",0.038
"2025-10-03 18:25",0.05
"2025-10-03 18:30",0.049
"2025-10-03 18:35",0.047
"2025-10-03 18:40",0.055
"2025-10-03 18:45",0.056
"2025-10-03 18:50",0.058
"2025-10-03 18:55",0.057
"2025-10-03 19:00",0.06
"2025-10-03 19:05",0.055
"2025-10-03 19:10",0.056
"2025-10-03 19:15",0.059
"2025-10-03 19:20",0.062
"2025-10-03 19:25",0.068
"2025-10-03 19:30",0.068
"2025-10-03 19:35",0.067
"2025-10-03 19:40",0.061
"2025-10-03 19:45",0.067
"2025-10-03 19:50",0.066
"2025-10-03 19:55",0.065
"2025-10-03 20:00",0.07
"2025-10-03 20:05",0.06
"2025-10-03 20:10",0.059
"2025-10-03 20:15",0.056
"2025-10-03 20:20",0.075
"2025-10-03 20:25",0.08
"2025-10-03 20:30",0.071
"2025-10-03 20:35",0.074
"2025-10-03 20:40",0.068
"2025-10-03 20:45",0.067
"2025-10-03 20:50",0.064
"2025-10-03 20:55",0.07
"2025-10-03 21:00",0.073
"2025-10-03 21:05",0.074
"2025-10-03 21:10",0.072
"2025-10-03 21:15",0.073
"2025-10-03 21:20",0.067
"2025-10-03 21:25",0.077
"2025-10-03 21:30",0.08
"2025-10-03 21:35",0.074
"2025-10-03 21:40",0.068
"2025-10-03 21:45",0.077
"2025-10-03 21:50",0.068
"2025-10-03 21:55",0.072
"2025-10-03 22:00",0.073
"2025-10-03 22:05",0.071
"2025-10-03 22:10",0.076
"2025-10-03 22:15",0.072
"2025-10-03 22:20",0.08
"2025-10-03 22:25",0.081
"2025-10-03 22:30",0.074
"2025-10-03 22:35",0.079
"2025-10-03 22:40",0.077
"2025-10-03 22:45",0.077
"2025-10-03 22:50",0.073
"2025-10-03 22:55",0.08
"2025-10-03 23:00",0.085
"2025-10-03 23:05",0.075
"2025-10-03 23:10",0.084
"2025-10-03 23:15",0.08
"2025-10-03 23:20",0.078
"2025-10-03 23:25",0.074
"2025-10-03 23:30",0.082
"2025-10-03 23:35",0.078
"2025-10-03 23:40",0.082
"2025-10-03 23:45",0.072
"2025-10-03 23:50",0.081
"2025-10-03 23:55",0.076
"2025-10-04 00:00",0.079
"2025-10-04 00:05",0.083
"2025-10-04 00:10",0.083
"2025-10-04 00:15",0.076
"2025-10-04 00:20",0.079
"2025-10-04 00:25",0.079
"2025-10-04 00:30",0.082
"2025-10-04 00:35",0.087
"2025-10-04 00:40",0.081
"2025-10-04 00:45",0.081
"2025-10-04 00:50",0.08
"2025-10-04 00:55",0.082
"2025-10-04 01:00",0.08
"2025-10-04 01:05",0.089
"2025-10-04 01:10",0.089
"2025-10-04 01:15",0.084
"2025-10-04 01:20",0.084
"2025-10-04 01:25",0.084
"2025-10-04 01:30",0.075
"2025-10-04 01:35",0.091
"2025-10-04 01:40",0.078
"2025-10-04 01:45",0.078
"2025-10-04 01:50",0.087
"2025-10-04 01:55",0.082
"2025-10-04 02:00",0.077
"2025-10-04 02:05",0.078
"2025-10-04 02:10",0.084
"2025-10-04 02:15",0.086
"2025-10-04 02:20",0.089
"2025-10-04 02:25",0.085
"2025-10-04 02:30",0.083
"2025-10-04 02:35",0.081
"2025-10-04 02:40",0.094
"2025-10-04 02:45",0.081
"2025-10-04 02:50",0.085
"2025-10-04 02:55",0.087
"2025-10-04 03:00",0.088
"2025-10-04 03:05",0.092
"2025-10-04 03:10",0.092
"2025-10-04 03:15",0.092
"2025-10-04 03:20",0.096
"2025-10-04 03:25",0.086
"2025-10-04 03:30",0.083
"2025-10-04 03:35",0.086
"2025-10-04 03:40",0.083
"2025-10-04 03:45",0.095
"2025-10-04 03:50",0.104
"2025-10-04 03:55",0.1
"2025-10-04 04:00",0.091
"2025-10-04 04:05",0.091
"2025-10-04 04:10",0.093
"2025-10-04 04:15",0.1
"2025-10-04 04:20",0.088
"2025-10-04 04:25",0.092
"2025-10-04 04:30",0.092
"2025-10-04 04:35",0.092
"2025-10-04 04:40",0.092
"2025-10-04 04:45",0.088
"2025-10-04 04:50",0.09
"2025-10-04 04:55",0.089
"2025-10-04 05:00",0.085
"2025-10-04 05:05",0.091
"2025-10-04 05:10",0.091
"2025-10-04 05:15",0.082
"2025-10-04 05:20",0.087
"2025-10-04 05:25",0.091
"2025-10-04 05:30",0.087
"2025-10-04 05:35",0.091
"2025-10-04 05:40",0.087
"2025-10-04 05:45",0.092
"2025-10-04 05:50",0.092
"2025-10-04 05:55",0.079
"2025-10-04 06:00",0.085
"2025-10-04 06:05",0.086
"2025-10-04 06:10",0.09
"2025-10-04 06:15",0.085
"2025-10-04 06:20",0.086
"2025-10-04 06:25",0.078
"2025-10-04 06:30",0.094
"2025-10-04 06:35",0.082
"2025-10-04 06:40",0.074
"2025-10-04 06:45",0.075
"2025-10-04 06:50",0.068
"2025-10-04 06:55",0.07
"2025-10-04 07:00",0.055
"2025-10-04 07:05",0.055
"2025-10-04 07:10",0.05
"2025-10-04 07:15",0.051
"2025-10-04 07:20",0.035
"2025-10-04 07:25",0.036
"2025-10-04 07:30",0.031
"2025-10-04 07:35",0.034
"2025-10-04 07:40",0.025
"2025-10-04 07:45",0.028
"2025-10-04 07:50",0.023
"2025-10-04 07:55",0.03
"2025-10-04 08:00",0.013
"2025-10-04 08:05",0.026
"2025-10-04 08:10",0.02
"2025-10-04 08:15",0.028
"2025-10-04 08:20",0.022
"2025-10-04 08:25",0.021
"2025-10-04 08:30",0.017
"2025-10-04 08:35",0.021
"2025-10-04 08:40",0.019
"2025-10-04 08:45",0.011
"2025-10-04 08:50",0.022
"2025-10-04 08:55",0.019
"2025-10-04 09:00",0.021
"2025-10-04 09:05",0.017
"2025-10-04 09:10",0.018
"2025-10-04 09:15",0.02
"2025-10-04 09:20",0.011
"2025-10-04 09:25",0.012
"2025-10-04 09:30",0.017
"2025-10-04 09:35",0.021
"2025-10-04 09:40",0.013
"2025-10-04 09:45",0.024
"2025-10-04 09:50",0.018
"2025-10-04 09:55",0.015
"2025-10-04 10:00",0.007
"2025-10-04 10:05",0.013
"2025-10-04 10:10",0.011
"2025-10-04 10:15",0.005
"2025-10-04 10:20",0.011
"2025-10-04 10:25",0.015
"2025-10-04 10:30",0.011
"2025-10-04 10:35",0.005
"2025-10-04 10:40",0.013
"2025-10-04 10:45",0.007
"2025-10-04 10:50",0.006
"2025-10-04 10:55",0.011
"2025-10-04 11:00",0.003
"2025-10-04 11:05",0.013
"2025-10-04 11:10",0.014
"2025-10-04 11:15",0.008
"2025-10-04 11:20",0.012
"2025-10-04 11:25",0.012
"2025-10-04 11:30",0.01
"2025-10-04 11:35",0.006
"2025-10-04 11:40",0.011
"2025-10-04 11:45",0.008
"2025-10-04 11:50",0.01
"2025-10-04 11:55",0.013
"2025-10-04 12:00",0.013
"2025-10-04 12:05",0.013
"2025-10-04 12:10",0.01
"2025-10-04 12:15",0.016
"2025-10-04 12:20",0.017
"2025-10-04 12:25",0.014
"2025-10-04 12:30",0.012
"2025-10-04 12:35",0.011
"2025-10-04 12:40",0.007
"2025-10-04 12:45",0.011
"2025-10-04 12:50",0.009
"2025-10-04 12:55",0.001
"2025-10-04 13:00",0.016
"2025-10-04 13:05",0.013
"2025-10-04 13:10",0.011
"2025-10-04 13:15",0.005
"2025-10-04 13:20",0.007
"2025-10-04 13:25",0.02
"2025-10-04 13:30",0.009
"2025-10-04 13:35",0.013
"2025-10-04 13:40",0.014
"2025-10-04 13:45",0.007
"2025-10-04 13:50",0.013
"2025-10-04 13:55",0.005
"2025-10-04 14:00",0.009
"2025-10-04 14:05",0.016
"2025-10-04 14:10",0.009
"2025-10-04 14:15",0.005
"2025-10-04 14:20",0.009
"2025-10-04 14:25",0.013
"2025-10-04 14:30",0.011
"2025-10-04 14:35",0.015
"2025-10-04 14:40",0.011
"2025-10-04 14:45",0.01
"2025-10-04 14:50",0.012
"2025-10-04 14:55",0.006
"2025-10-04 15:00",0.01
"2025-10-04 15:05",0.008
"2025-10-04 15:10",0.006
"2025-10-04 15:15",0.006
"2025-10-04 15:20",0.008
"2025-10-04 15:25",0.012
"2025-10-04 15:30",0.015
"2025-10-04 15:35",0.002
"2025-10-04 15:40",0.008
"2025-10-04 15:45",0.01
"2025-10-04 15:50",0.02
"2025-10-04 15:55",0.016
"2025-10-04 16:00",0.015
"2025-10-04 16:05",0.013
"2025-10-04 16:10",0.024
"2025-10-04 16:15",0.021
"2025-10-04 16:20",0.015
"2025-10-04 16:25",0.015
"2025-10-04 16:30",0.013
"2025-10-04 16:35",0.023
"2025-10-04 16:40",0.02
"2025-10-04 16:45",0.02
"2025-10-04 16:50",0.028
"2025-10-04 16:55",0.029
"2025-10-04 17:00",0.025
"2025-10-04 17:05",0.023
"2025-10-04 17:10",0.031
"2025-10-04 17:15",0.029
"2025-10-04 17:20",0.032
"2025-10-04 17:25",0.041
"2025-10-04 17:30",0.037
"2025-10-04 17:35",0.038
"2025-10-04 17:40",0.047
"2025-10-04 17:45",0.045
"2025-10-04 17:50",0.04
"2025-10-04 17:55",0.043
"2025-10-04 18:00",0.044
"2025-10-04 18:05",0.044
"2025-10-04 18:10",0.047
"2025-10-04 18:15",0.044
"2025-10-04 18:20",0.051
"2025-10-04 18:25",0.05
"2025-10-04 18:30",0.049
"2025-10-04 18:35",0.05
"2025-10-04 18:40",0.055
"2025-10-04 18:45",0.053
"2025-10-04 18:50",0.051
"2025-10-04 18:55",0.059
"2025-10-04 19:00",0.063
"2025-10-04 19:05",0.054
"2025-10-04 19:10",0.063
"2025-10-04 19:15",0.06
"2025-10-04 19:20",0.062
"2025-10-04 19:25",0.06
"2025-10-04 19:30",0.059
"2025-10-04 19:35",0.067
"2025-10-04 19:40",0.062
"2025-10-04 19:45",0.063
"2025-10-04 19:50",0.068
"2025-10-04 19:55",0.063
"2025-10-04 20:00",0.07
"2025-10-04 20:05",0.075
"2025-10-04 20:10",0.068
"2025-10-04 20:15",0.066
"2025-10-04 20:20",0.064
"2025-10-04 20:25",0.069
"2025-10-04 20:30",0.072
"2025-10-04 20:35",0.075
"2025-10-04 20:40",0.075
"2025-10-04 20:45",0.075
"2025-10-04 20:50",0.068
"2025-10-04 20:55",0.074
"2025-10-04 21:00",0.074
"2025-10-04 21:05",0.069
"2025-10-04 21:10",0.069
"2025-10-04 21:15",0.074
"2025-10-04 21:20",0.074
"2025-10-04 21:25",0.069
"2025-10-04 21:30",0.07
"2025-10-04 21:35",0.068
"2025-10-04 21:40",0.079
"2025-10-04 21:45",0.07
"2025-10-04 21:50",0.071
"2025-10-04 21:55",0.073
"2025-10-04 22:00",0.077
"2025-10-04 22:05",0.064
"2025-10-04 22:10",0.067
"2025-10-04 22:15",0.079
"2025-10-04 22:20",0.066
"2025-10-04 22:25",0.066
"2025-10-04 22:30",0.06
"2025-10-04 22:35",0.06
"2025-10-04 22:40",0.065
"2025-10-04 22:45",0.067
"2025-10-04 22:50",0.062
"2025-10-04 22:55",0.065
"2025-10-04 23:00",0.066
"2025-10-04 23:05",0.061
"2025-10-04 23:10",0.062
"2025-10-04 23:15",0.068
"2025-10-04 23:20",0.068
"2025-10-04 23:25",0.074
"2025-10-04 23:30",0.069
"2025-10-04 23:35",0.065
"2025-10-04 23:40",0.069
"2025-10-04 23:45",0.067
"2025-10-04 23:50",0.07
"2025-10-04 23:55",0.061
"2025-10-05 00:00",0.063
"2025-10-05 00:05",0.061
"2025-10-05 00:10",0.074
"2025-10-05 00:15",0.065
"2025-10-05 00:20",0.065
"2025-10-05 00:25",0.06
"2025-10-05 00:30",0.073
"2025-10-05 00:35",0.063
"2025-10-05 00:40",0.067
"2025-10-05 00:45",0.076
"2025-10-05 00:50",0.069
"2025-10-05 00:55",0.073
"2025-10-05 01:00",0.072
"2025-10-05 01:05",0.072
"2025-10-05 01:10",0.076
"2025-10-05 01:15",0.072
"2025-10-05 01:20",0.072
"2025-10-05 01:25",0.075
"2025-10-05 01:30",0.079
"2025-10-05 01:35",0.075
"2025-10-05 01:40",0.074
"2025-10-05 01:45",0.077
"2025-10-05 01:50",0.068
"2025-10-05 01:55",0.075
"2025-10-05 02:00",0.08
"2025-10-05 02:05",0.075
"2025-10-05 02:10",0.075
"2025-10-05 02:15",0.07
"2025-10-05 02:20",0.066
"2025-10-05 02:25",0.073
"2025-10-05 02:30",0.075
"2025-10-05 02:35",0.08
"2025-10-05 02:40",0.073
"2025-10-05 02:45",0.076
"2025-10-05 02:50",0.08
"2025-10-05 02:55",0.071
"2025-10-05 03:00",0.073
"2025-10-05 03:05",0.078
"2025-10-05 03:10",0.081
"2025-10-05 03:15",0.07
"2025-10-05 03:20",0.077
"2025-10-05 03:25",0.074
"2025-10-05 03:30",0.079
"2025-10-05 03:35",0.078
"2025-10-05 03:40",0.082
"2025-10-05 03:45",0.078
"2025-10-05 03:50",0.078
"2025-10-05 03:55",0.078
"2025-10-05 04:00",0.078
"2025-10-05 04:05",0.078
"2025-10-05 04:10",0.084
"2025-10-05 04:15",0.084
"2025-10-05 04:20",0.078
"2025-10-05 04:25",0.082
"2025-10-05 04:30",0.084
"2025-10-05 04:35",0.078
"2025-10-05 04:40",0.086
"2025-10-05 04:45",0.08
"2025-10-05 04:50",0.083
"2025-10-05 04:55",0.079
"2025-10-05 05:00",0.084
"2025-10-05 05:05",0.084
"2025-10-05 05:10",0.079
"2025-10-05 05:15",0.084
"2025-10-05 05:20",0.08
"2025-10-05 05:25",0.079
"2025-10-05 05:30",0.08
"2025-10-05 05:35",0.086
"2025-10-05 05:40",0.085
"2025-10-05 05:45",0.086
"2025-10-05 05:50",0.081
"2025-10-05 05:55",0.083
"2025-10-05 06:00",0.083
"2025-10-05 06:05",0.083
"2025-10-05 06:10",0.085
"2025-10-05 06:15",0.081
"2025-10-05 06:20",0.076
"2025-10-05 06:25",0.077
"2025-10-05 06:30",0.075
"2025-10-05 06:35",0.072
"2025-10-05 06:40",0.071
"2025-10-05 06:45",0.059
"2025-10-05 06:50",0.06
"2025-10-05 06:55",0.056
"2025-10-05 07:00",0.054
"2025-10-05 07:05",0.06
"2025-10-05 07:10",0.057
"2025-10-05 07:15",0.04
"2025-10-05 07:20",0.044
"2025-10-05 07:25",0.047
"2025-10-05 07:30",0.036
"2025-10-05 07:35",0.031
"2025-10-05 07:40",0.029
"2025-10-05 07:45",0.029
"2025-10-05 07:50",0.027
"2025-10-05 07:55",0.029
"2025-10-05 08:00",0.022
"2025-10-05 08:05",0.008
"2025-10-05 08:10",0.024
"2025-10-05 08:15",0.021
"2025-10-05 08:20",0.02
"2025-10-05 08:25",0.012
"2025-10-05 08:30",0.007
"2025-10-05 08:35",0.016
"2025-10-05 08:40",0.022
"2025-10-05 08:45",0.009
"2025-10-05 08:50",0.016
"2025-10-05 08:55",0.007
"2025-10-05 09:00",0.016
"2025-10-05 09:05",0.017
"2025-10-05 09:10",0.01
"2025-10-05 09:15",0.015
"2025-10-05 09:20",0.021
"2025-10-05 09:25",0.011
"2025-10-05 09:30",0.013
"2025-10-05 09:35",0.011
"2025-10-05 09:40",0.007
"2025-10-05 09:45",0.005
"2025-10-05 09:50",0.011
"2025-10-05 09:55",0.014
"2025-10-05 10:00",0.01
"2025-10-05 10:05",0.006
"2025-10-05 10:10",0.006
"2025-10-05 10:15",0.012
"2025-10-05 10:20",0.006
"2025-10-05 10:25",0.013
"2025-10-05 10:30",0.011
"2025-10-05 10:35",0.017
"2025-10-05 10:40",0.013
"2025-10-05 10:45",0.01
"2025-10-05 10:50",0.013
"2025-10-05 10:55",0.013
"2025-10-05 11:00",0.019
"2025-10-05 11:05",0.017
"2025-10-05 11:10",0.015
"2025-10-05 11:15",0.014
"2025-10-05 11:20",0.008
"2025-10-05 11:25",0.008
"2025-10-05 11:30",0.013
"2025-10-05 11:35",0.011
"2025-10-05 11:40",0.019
"2025-10-05 11:45",0.006
"2025-10-05 11:50",0.01
"2025-10-05 11:55",0.013
"2025-10-05 12:00",0.017
"2025-10-05 12:05",0.012
"2025-10-05 12:10",0.01
"2025-10-05 12:15",0.015
"2025-10-05 12:20",0.01
"2025-10-05 12:25",0.014
"2025-10-05 12:30",0.01
"2025-10-05 12:35",0.015
"2025-10-05 12:40",0.012
"2025-10-05 12:45",0.011
"2025-10-05 12:50",0.018
"2025-10-05 12:55",0.005
"2025-10-05 13:00",0.017
"2025-10-05 13:05",0.018
"2025-10-05 13:10",0.018
"2025-10-05 13:15",0.011
"2025-10-05 13:20",0.015
"2025-10-05 13:25",0.008
"2025-10-05 13:30",0.011
"2025-10-05 13:35",0.008
"2025-10-05 13:40",0.008
"2025-10-05 13:45",0.012
"2025-10-05 13:50",0.01
"2025-10-05 13:55",0.006
"2025-10-05 14:00",-0.001
"2025-10-05 14:05",0.006
"2025-10-05 14:10",0.004
"2025-10-05 14:15",0.01
"2025-10-05 14:20",0.004
"2025-10-05 14:25",0.015
"2025-10-05 14:30",0.01
"2025-10-05 14:35",0.01
"2025-10-05 14:40",0.021
"2025-10-05 14:45",0.006
"2025-10-05 14:50",0.012
"2025-10-05 14:55",0.01
"2025-10-05 15:00",0.01
"2025-10-05 15:05",0.01
"2025-10-05 15:10",0.015
"2025-10-05 15:15",0.013
"2025-10-05 15:20",0.01
"2025-10-05 15:25",0.008
"2025-10-05 15:30",0.017
"2025-10-05 15:35",0.004
"2025-10-05 15:40",0.01
"2025-10-05 15:45",0.019
"2025-10-05 15:50",0.013
"2025-10-05 15:55",0.011
"2025-10-05 16:00",0.019
"2025-10-05 16:05",0.019
"2025-10-05 16:10",0.02
"2025-10-05 16:15",0.009
"2025-10-05 16:20",0.011
"2025-10-05 16:25",0.008
"2025-10-05 16:30",0.01
"2025-10-05 16:35",0.009
"2025-10-05 16:40",0.017
"2025-10-05 16:45",0.022
"2025-10-05 16:50",0.022
"2025-10-05 16:55",0.018
"2025-10-05 17:00",0.022
"2025-10-05 17:05",0.023
"2025-10-05 17:10",0.018
"2025-10-05 17:15",0.021
"2025-10-05 17:20",0.033
"2025-10-05 17:25",0.023
"2025-10-05 17:30",0.026
"2025-10-05 17:35",0.026
"2025-10-05 17:40",0.032
"2025-10-05 17:45",0.039
"2025-10-05 17:50",0.034
"2025-10-05 17:55",0.042
"2025-10-05 18:00",0.034
"2025-10-05 18:05",0.04
"2025-10-05 18:10",0.048
"2025-10-05 18:15",0.041
"2025-10-05 18:20",0.033
"2025-10-05 18:25",0.044
"2025-10-05 18:30",0.042
"2025-10-05 18:35",0.04
"2025-10-05 18:40",0.05
"2025-10-05 18:45",0.044
"2025-10-05 18:50",0.046
"2025-10-05 18:55",0.039
"2025-10-05 19:00",0.049
"2025-10-05 19:05",0.047
"2025-10-05 19:10",0.055
"2025-10-05 19:15",0.044
"2025-10-05 19:20",0.054
"2025-10-05 19:25",0.052
"2025-10-05 19:30",0.048
"2025-10-05 19:35",0.05
"2025-10-05 19:40",0.054
"2025-10-05 19:45",0.055
"2025-10-05 19:50",0.045
"2025-10-05 19:55",0.045
"2025-10-05 20:00",0.061
"2025-10-05 20:05",0.057
"2025-10-05 20:10",0.057
"2025-10-05 20:15",0.051
"2025-10-05 20:20",0.051
"2025-10-05 20:25",0.06
"2025-10-05 20:30",0.065
"2025-10-05 20:35",0.064
"2025-10-05 20:40",0.059
"2025-10-05 20:45",0.053
"2025-10-05 20:50",0.06
"2025-10-05 20:55",0.055
"2025-10-05 21:00",0.059
"2025-10-05 21:05",0.062
"2025-10-05 21:10",0.068
"2025-10-05 21:15",0.068
"2025-10-05 21:20",0.058
"2025-10-05 21:25",0.062
"2025-10-05 21:30",0.07
"2025-10-05 21:35",0.061
"2025-10-05 21:40",0.06
"2025-10-05 21:45",0.073
"2025-10-05 21:50",0.063
"2025-10-05 21:55",0.071
"2025-10-05 22:00",0.067
"2025-10-05 22:05",0.063
"2025-10-05 22:10",0.065
"2025-10-05 22:15",0.063
"2025-10-05 22:20",0.066
"2025-10-05 22:25",0.068
"2025-10-05 22:30",0.062
"2025-10-05 22:35",0.066
"2025-10-05 22:40",0.07
"2025-10-05 22:45",0.069
"2025-10-05 22:50",0.072
"2025-10-05 22:55",0.064
"2025-10-05 23:00",0.071
"2025-10-05 23:05",0.069
"2025-10-05 23:10",0.065
"2025-10-05 23:15",0.063
"2025-10-05 23:20",0.063
"2025-10-05 23:25",0.067
"2025-10-05 23:30",0.066
"2025-10-05 23:35",0.07
"2025-10-05 23:40",0.074
"2025-10-05 23:45",0.074
"2025-10-05 23:50",0.074
"2025-10-05 23:55",0.064
"2025-10-06 00:00",0.061
"2025-10-06 00:05",0.077
"2025-10-06 00:10",0.067
"2025-10-06 00:15",0.073
"2025-10-06 00:20",0.071
"2025-10-06 00:25",0.067
"2025-10-06 00:30",0.076
"2025-10-06 00:35",0.074
"2025-10-06 00:40",0.073
"2025-10-06 00:45",0.072
"2025-10-06 00:50",0.072
"2025-10-06 00:55",0.076
"2025-10-06 01:00",0.065
"2025-10-06 01:05",0.072
"2025-10-06 01:10",0.067
"2025-10-06 01:15",0.07
"2025-10-06 01:20",0.074
"2025-10-06 01:25",0.072
"2025-10-06 01:30",0.068
"2025-10-06 01:35",0.072
"2025-10-06 01:40",0.072
"2025-10-06 01:45",0.072
"2025-10-06 01:50",0.076
"2025-10-06 01:55",0.076
"2025-10-06 02:00",0.076
"2025-10-06 02:05",0.078
"2025-10-06 02:10",0.076
"2025-10-06 02:15",0.065
"2025-10-06 02:20",0.078
"2025-10-06 02:25",0.074
"2025-10-06 02:30",0.078
"2025-10-06 02:35",0.073
"2025-10-06 02:40",0.077
"2025-10-06 02:45",0.077
"2025-10-06 02:50",0.079
"2025-10-06 02:55",0.084
"2025-10-06 03:00",0.084
"2025-10-06 03:05",0.079
"2025-10-06 03:10",0.077
"2025-10-06 03:15",0.078
"2025-10-06 03:20",0.077
"2025-10-06 03:25",0.074
"2025-10-06 03:30",0.078
"2025-10-06 03:35",0.08
"2025-10-06 03:40",0.076
"2025-10-06 03:45",0.081
"2025-10-06 03:50",0.085
"2025-10-06 03:55",0.081
"2025-10-06 04:00",0.072
"2025-10-06 04:05",0.072
"2025-10-06 04:10",0.081
"2025-10-06 04:15",0.076
"2025-10-06 04:20",0.081
"2025-10-06 04:25",0.076
"2025-10-06 04:30",0.081
"2025-10-06 04:35",0.072
"2025-10-06 04:40",0.083
"2025-10-06 04:45",0.081
"2025-10-06 04:50",0.077
"2025-10-06 04:55",0.077
"2025-10-06 05:00",0.075
"2025-10-06 05:05",0.077
"2025-10-06 05:10",0.079
"2025-10-06 05:15",0.075
"2025-10-06 05:20",0.081
"2025-10-06 05:25",0.073
"2025-10-06 05:30",0.071
"2025-10-06 05:35",0.079
"2025-10-06 05:40",0.079
"2025-10-06 05:45",0.08
"2025-10-06 05:50",0.072
"2025-10-06 05:55",0.076
"2025-10-06 06:00",0.068
"2025-10-06 06:05",0.068
"2025-10-06 06:10",0.072
"2025-10-06 06:15",0.077
"2025-10-06 06:20",0.068
"2025-10-06 06:25",0.072
"2025-10-06 06:30",0.068
"2025-10-06 06:35",0.063
"2025-10-06 06:40",0.07
"2025-10-06 06:45",0.062
"2025-10-06 06:50",0.055
"2025-10-06 06:55",0.061
"2025-10-06 07:00",0.054
"2025-10-06 07:05",0.047
"2025-10-06 07:10",0.046
"2025-10-06 07:15",0.04
"2025-10-06 07:20",0.043
"2025-10-06 07:25",0.028
"2025-10-06 07:30",0.026
"2025-10-06 07:35",0.025
"2025-10-06 07:40",0.028
"2025-10-06 07:45",0.021
"2025-10-06 07:50",0.021
"2025-10-06 07:55",0.012
"2025-10-06 08:00",0.023
"2025-10-06 08:05",0.009
"2025-10-06 08:10",0.004
"2025-10-06 08:15",0.012
"2025-10-06 08:20",0.015
"2025-10-06 08:25",0.009
"2025-10-06 08:30",0.006
"2025-10-06 08:35",0.006
"2025-10-06 08:40",0.003
"2025-10-06 08:45",0.007
"2025-10-06 08:50",0.006
"2025-10-06 08:55",0.01
"2025-10-06 09:00",0.002
"2025-10-06 09:05",0.004
"2025-10-06 09:10",0.007
"2025-10-06 09:15",0.007
"2025-10-06 09:20",0.001
"2025-10-06 09:25",0.01
"2025-10-06 09:30",0.007
"2025-10-06 09:35",0.005
"2025-10-06 09:40",0.007
"2025-10-06 09:45",0.001
"2025-10-06 09:50",0.005
"2025-10-06 09:55",0.005
"2025-10-06 10:00",0.009
"2025-10-06 10:05",0.014
"2025-10-06 10:10",0.005
"2025-10-06 10:15",0.012
"2025-10-06 10:20",0.002
"2025-10-06 10:25",0.015
"2025-10-06 10:30",0.004
"2025-10-06 10:35",0.007
"2025-10-06 10:40",0.006
"2025-10-06 10:45",0.016
"2025-10-06 10:50",0.003
"2025-10-06 10:55",0.013
"2025-10-06 11:00",0.012
"2025-10-06 11:05",0.014
"2025-10-06 11:10",0.006
"2025-10-06 11:15",0.014
"2025-10-06 11:20",0.007
"2025-10-06 11:25",0.012
"2025-10-06 11:30",0.012
"2025-10-06 11:35",0.011
"2025-10-06 11:40",0.022
"2025-10-06 11:45",0.013
"2025-10-06 11:50",0.007
"2025-10-06 11:55",0.013
"2025-10-06 12:00",0.013
"2025-10-06 12:05",0.01
"2025-10-06 12:10",0.012
"2025-10-06 12:15",0.01
"2025-10-06 12:20",0.008
"2025-10-06 12:25",0.017
"2025-10-06 12:30",0.011
"2025-10-06 12:35",0.011
"2025-10-06 12:40",0.007
"2025-10-06 12:45",0.012
"2025-10-06 12:50",0.01
"2025-10-06 12:55",0.021
"2025-10-06 13:00",0.01
"2025-10-06 13:05",0.012
"2025-10-06 13:10",0.014
"2025-10-06 13:15",0.01
"2025-10-06 13:20",0.012
"2025-10-06 13:25",0.009
"2025-10-06 13:30",0.009
"2025-10-06 13:35",0.006
"2025-10-06 13:40",0.017
"2025-10-06 13:45",0.011
"2025-10-06 13:50",0.001
"2025-10-06 13:55",0.004
"2025-10-06 14:00",0
"2025-10-06 14:05",0.007
"2025-10-06 14:10",0.002
"2025-10-06 14:15",0.006
"2025-10-06 14:20",0.011
"2025-10-06 14:25",0.006
"2025-10-06 14:30",0.004
"2025-10-06 14:35",-0.001
"2025-10-06 14:40",0
"2025-10-06 14:45",0.01
"2025-10-06 14:50",0
"2025-10-06 14:55",0.009
"2025-10-06 15:00",0.016
"2025-10-06 15:05",0.013
"2025-10-06 15:10",0.005
"2025-10-06 15:15",0.001
"2025-10-06 15:20",0.007
"2025-10-06 15:25",0.009
"2025-10-06 15:30",0.009
"2025-10-06 15:35",0.005
"2025-10-06 15:40",0.01
"2025-10-06 15:45",0.01
"2025-10-06 15:50",0.016
"2025-10-06 15:55",0.007
"2025-10-06 16:00",0.013
"2025-10-06 16:05",0.016
"2025-10-06 16:10",0.02
"2025-10-06 16:15",0.011
"2025-10-06 16:20",0.011
"2025-10-06 16:25",0.016
"2025-10-06 16:30",0.016
"2025-10-06 16:35",0.015
"2025-10-06 16:40",0.013
"2025-10-06 16:45",0.019
"2025-10-06 16:50",0.018
"2025-10-06 16:55",0.018
"2025-10-06 17:00",0.021
"2025-10-06 17:05",0.02
"2025-10-06 17:10",0.019
"2025-10-06 17:15",0.022
"2025-10-06 17:20",0.031
"2025-10-06 17:25",0.023
"2025-10-06 17:30",0.037
"2025-10-06 17:35",0.031
"2025-10-06 17:40",0.034
"2025-10-06 17:45",0.036
"2025-10-06 17:50",0.041
"2025-10-06 17:55",0.039
"2025-10-06 18:00",0.041
"2025-10-06 18:05",0.04
"2025-10-06 18:10",0.037
"2025-10-06 18:15",0.038
"2025-10-06 18:20",0.045
"2025-10-06 18:25",0.043
"2025-10-06 18:30",0.054
"2025-10-06 18:35",0.057
"2025-10-06 18:40",0.052
"2025-10-06 18:45",0.046
"2025-10-06 18:50",0.049
"2025-10-06 18:55",0.05
"2025-10-06 19:00",0.055
"2025-10-06 19:05",0.059
"2025-10-06 19:10",0.052
"2025-10-06 19:15",0.06
"2025-10-06 19:20",0.063
"2025-10-06 19:25",0.058
"2025-10-06 19:30",0.049
"2025-10-06 19:35",0.06
"2025-10-06 19:40",0.062
"2025-10-06 19:45",0.057
"2025-10-06 19:50",0.058
"2025-10-06 19:55",0.048
"2025-10-06 20:00",0.065
"2025-10-06 20:05",0.062
"2025-10-06 20:10",0.063
"2025-10-06 20:15",0.055
"2025-10-06 20:20",0.059
"2025-10-06 20:25",0.068
"2025-10-06 20:30",0.068
"2025-10-06 20:35",0.067
"2025-10-06 20:40",0.063
"2025-10-06 20:45",0.066
"2025-10-06 20:50",0.06
"2025-10-06 20:55",0.066
"2025-10-06 21:00",0.06
"2025-10-06 21:05",0.059
"2025-10-06 21:10",0.068
"2025-10-06 21:15",0.061
"2025-10-06 21:20",0.06
"2025-10-06 21:25",0.066
"2025-10-06 21:30",0.068
"2025-10-06 21:35",0.061
"2025-10-06 21:40",0.062
"2025-10-06 21:45",0.061
"2025-10-06 21:50",0.066
"2025-10-06 21:55",0.062
"2025-10-06 22:00",0.059
"2025-10-06 22:05",0.062
"2025-10-06 22:10",0.068
"2025-10-06 22:15",0.072
"2025-10-06 22:20",0.072
"2025-10-06 22:25",0.074
"2025-10-06 22:30",0.064
"2025-10-06 22:35",0.064
"2025-10-06 22:40",0.064
"2025-10-06 22:45",0.058
"2025-10-06 22:50",0.063
"2025-10-06 22:55",0.067
"2025-10-06 23:00",0.066
"2025-10-06 23:05",0.07
"2025-10-06 23:10",0.068
"2025-10-06 23:15",0.068
"2025-10-06 23:20",0.068
"2025-10-06 23:25",0.072
"2025-10-06 23:30",0.068
"2025-10-06 23:35",0.067
"2025-10-06 23:40",0.062
"2025-10-06 23:45",0.063
"2025-10-06 23:50",0.062
"2025-10-06 23:55",0.06
"2025-10-07 00:00",0.065
"2025-10-07 00:05",0.076
"2025-10-07 00:10",0.062
"2025-10-07 00:15",0.067
"2025-10-07 00:20",0.064
"2025-10-07 00:25",0.063
"2025-10-07 00:30",0.059
"2025-10-07 00:35",0.064
"2025-10-07 00:40",0.062
"2025-10-07 00:45",0.066
"2025-10-07 00:50",0.064
"2025-10-07 00:55",0.061
"2025-10-07 01:00",0.068
"2025-10-07 01:05",0.059
"2025-10-07 01:10",0.066
"2025-10-07 01:15",0.064
"2025-10-07 01:20",0.064
"2025-10-07 01:25",0.067
"2025-10-07 01:30",0.057
"2025-10-07 01:35",0.063
"2025-10-07 01:40",0.066
"2025-10-07 01:45",0.069
"2025-10-07 01:50",0.066
"2025-10-07 01:55",0.073
"2025-10-07 02:00",0.078
"2025-10-07 02:05",0.07
"2025-10-07 02:10",0.068
"2025-10-07 02:15",0.067
"2025-10-07 02:20",0.067
"2025-10-07 02:25",0.065
"2025-10-07 02:30",0.074
"2025-10-07 02:35",0.073
"2025-10-07 02:40",0.075
"2025-10-07 02:45",0.072
"2025-10-07 02:50",0.072
"2025-10-07 02:55",0.076
"2025-10-07 03:00",0.072
"2025-10-07 03:05",0.07
"2025-10-07 03:10",0.079
"2025-10-07 03:15",0.066
"2025-10-07 03:20",0.071
"2025-10-07 03:25",0.065
"2025-10-07 03:30",0.065
"2025-10-07 03:35",0.065
"2025-10-07 03:40",0.064
"2025-10-07 03:45",0.073
"2025-10-07 03:50",0.065
"2025-10-07 03:55",0.068
"2025-10-07 04:00",0.065
"2025-10-07 04:05",0.074
"2025-10-07 04:10",0.068
"2025-10-07 04:15",0.068
"2025-10-07 04:20",0.078
"2025-10-07 04:25",0.076
"2025-10-07 04:30",0.078
"2025-10-07 04:35",0.074
"2025-10-07 04:40",0.068
"2025-10-07 04:45",0.078
"2025-10-07 04:50",0.072
"2025-10-07 04:55",0.061
"2025-10-07 05:00",0.073
"2025-10-07 05:05",0.069
"2025-10-07 05:10",0.073
"2025-10-07 05:15",0.068
"2025-10-07 05:20",0.068
"2025-10-07 05:25",0.072
"2025-10-07 05:30",0.068
"2025-10-07 05:35",0.067
"2025-10-07 05:40",0.076
"2025-10-07 05:45",0.074
"2025-10-07 05:50",0.071
"2025-10-07 05:55",0.068
"2025-10-07 06:00",0.063
"2025-10-07 06:05",0.071
"2025-10-07 06:10",0.064
"2025-10-07 06:15",0.069
"2025-10-07 06:20",0.069
"2025-10-07 06:25",0.07
"2025-10-07 06:30",0.064
"2025-10-07 06:35",0.062
"2025-10-07 06:40",0.061
"2025-10-07 06:45",0.055
"2025-10-07 06:50",0.056
"2025-10-07 06:55",0.058
"2025-10-07 07:00",0.048
"2025-10-07 07:05",0.054
"2025-10-07 07:10",0.039
"2025-10-07 07:15",0.036
"2025-10-07 07:20",0.039
"2025-10-07 07:25",0.03
"2025-10-07 07:30",0.026
"2025-10-07 07:35",0.018
"2025-10-07 07:40",0.02
"2025-10-07 07:45",0.017
"2025-10-07 07:50",0.016
"2025-10-07 07:55",0.015
"2025-10-07 08:00",0.019
"2025-10-07 08:05",0.013
"2025-10-07 08:10",0.015
"2025-10-07 08:15",0.015
"2025-10-07 08:20",0.016
"2025-10-07 08:25",0.014
"2025-10-07 08:30",0.017
"2025-10-07 08:35",0.019
"2025-10-07 08:40",0.013
"2025-10-07 08:45",0.017
"2025-10-07 08:50",0.013
"2025-10-07 08:55",0.007
"2025-10-07 09:00",0.017
"2025-10-07 09:05",0.009
"2025-10-07 09:10",0.02
"2025-10-07 09:15",0.022
"2025-10-07 09:20",0.015
"2025-10-07 09:25",0.007
"2025-10-07 09:30",0.005
"2025-10-07 09:35",0.017
"2025-10-07 09:40",0.012
"2025-10-07 09:45",0.019
"2025-10-07 09:50",0.013
"2025-10-07 09:55",0.013
"2025-10-07 10:00",0.011
"2025-10-07 10:05",0.013
"2025-10-07 10:10",0.015
"2025-10-07 10:15",0.019
"2025-10-07 10:20",0.012
"2025-10-07 10:25",0.012
"2025-10-07 10:30",0.012
"2025-10-07 10:35",0.007
"2025-10-07 10:40",0.014
"2025-10-07 10:45",0.02
"2025-10-07 10:50",0.016
"2025-10-07 10:55",0.013
"2025-10-07 11:00",0.024
"2025-10-07 11:05",0.022
"2025-10-07 11:10",0.016
"2025-10-07 11:15",0.016
"2025-10-07 11:20",0.023
"2025-10-07 11:25",0.017
"2025-10-07 11:30",0.012
"2025-10-07 11:35",0.019
"2025-10-07 11:40",0.015
"2025-10-07 11:45",0.019
"2025-10-07 11:50",0.015
"2025-10-07 11:55",0.01
"2025-10-07 12:00",0.012
"2025-10-07 12:05",0.017
"2025-10-07 12:10",0.023
"2025-10-07 12:15",0.023
"2025-10-07 12:20",0.018
"2025-10-07 12:25",0.014
"2025-10-07 12:30",0.018
"2025-10-07 12:35",0.014
"2025-10-07 12:40",0.018
"2025-10-07 12:45",0.014
"2025-10-07 12:50",0.011
"2025-10-07 12:55",0.022
"2025-10-07 13:00",0.02
"2025-10-07 13:05",0.016
"2025-10-07 13:10",0.022
"2025-10-07 13:15",0.024
"2025-10-07 13:20",0.024
"2025-10-07 13:25",0.017
"2025-10-07 13:30",0.025
"2025-10-07 13:35",0.027
"2025-10-07 13:40",0.021
"2025-10-07 13:45",0.02
"2025-10-07 13:50",0.016
"2025-10-07 13:55",0.02
"2025-10-07 14:00",0.018
"2025-10-07 14:05",0.012
"2025-10-07 14:10",0.018
"2025-10-07 14:15",0.02
"2025-10-07 14:20",0.02
"2025-10-07 14:25",0.018
"2025-10-07 14:30",0.018
"2025-10-07 14:35",0.018
"2025-10-07 14:40",0.014
"2025-10-07 14:45",0.01
"2025-10-07 14:50",0.027
"2025-10-07 14:55",0.021
"2025-10-07 15:00",0.014
"2025-10-07 15:05",0.023
"2025-10-07 15:10",0.021
"2025-10-07 15:15",0.019
"2025-10-07 15:20",0.018
"2025-10-07 15:25",0.018
"2025-10-07 15:30",0.018
"2025-10-07 15:35",0.035
"2025-10-07 15:40",0.023
"2025-10-07 15:45",0.023
"2025-10-07 15:50",0.019
"2025-10-07 15:55",0.021
"2025-10-07 16:00",0.027
"2025-10-07 16:05",0.018
"2025-10-07 16:10",0.024
"2025-10-07 16:15",0.021
"2025-10-07 16:20",0.029
"2025-10-07 16:25",0.033
"2025-10-07 16:30",0.036
"2025-10-07 16:35",0.031
"2025-10-07 16:40",0.033
"2025-10-07 16:45",0.034
"2025-10-07 16:50",0.034
"2025-10-07 16:55",0.021
"2025-10-07 17:00",0.034
"2025-10-07 17:05",0.037
"2025-10-07 17:10",0.038
"2025-10-07 17:15",0.038
"2025-10-07 17:20",0.042
"2025-10-07 17:25",0.038
"2025-10-07 17:30",0.045
"2025-10-07 17:35",0.051
"2025-10-07 17:40",0.042
"2025-10-07 17:45",0.048
"2025-10-07 17:50",0.051
"2025-10-07 17:55",0.05
"2025-10-07 18:00",0.057
"2025-10-07 18:05",0.051
"2025-10-07 18:10",0.062
"2025-10-07 18:15",0.06
"2025-10-07 18:20",0.055
"2025-10-07 18:25",0.067
"2025-10-07 18:30",0.064
"2025-10-07 18:35",0.064
"2025-10-07 18:40",0.063
"2025-10-07 18:45",0.057
"2025-10-07 18:50",0.066
"2025-10-07 18:55",0.06
"2025-10-07 19:00",0.068
"2025-10-07 19:05",0.056
"2025-10-07 19:10",0.068
"2025-10-07 19:15",0.064
"2025-10-07 19:20",0.067
"2025-10-07 19:25",0.059
"2025-10-07 19:30",0.066
"2025-10-07 19:35",0.063
"2025-10-07 19:40",0.061
"2025-10-07 19:45",0.06
"2025-10-07 19:50",0.064
"2025-10-07 19:55",0.07
"2025-10-07 20:00",0.069
"2025-10-07 20:05",0.065
"2025-10-07 20:10",0.068
"2025-10-07 20:15",0.066
"2025-10-07 20:20",0.076
"2025-10-07 20:25",0.065
"2025-10-07 20:30",0.062
"2025-10-07 20:35",0.067
"2025-10-07 20:40",0.068
"2025-10-07 20:45",0.067
"2025-10-07 20:50",0.071
"2025-10-07 20:55",0.071
"2025-10-07 21:00",0.069
"2025-10-07 21:05",0.072
"2025-10-07 21:10",0.076
"2025-10-07 21:15",0.072
"2025-10-07 21:20",0.07
"2025-10-07 21:25",0.06
"2025-10-07 21:30",0.079
"2025-10-07 21:35",0.073
"2025-10-07 21:40",0.073
"2025-10-07 21:45",0.076
"2025-10-07 21:50",0.072
"2025-10-07 21:55",0.062
"2025-10-07 22:00",0.075
"2025-10-07 22:05",0.07
"2025-10-07 22:10",0.074
"2025-10-07 22:15",0.074
"2025-10-07 22:20",0.074
"2025-10-07 22:25",0.077
"2025-10-07 22:30",0.073
"2025-10-07 22:35",0.071
"2025-10-07 22:40",0.078
"2025-10-07 22:45",0.073
"2025-10-07 22:50",0.067
"2025-10-07 22:55",0.076
"2025-10-07 23:00",0.07
"2025-10-07 23:05",0.066
"2025-10-07 23:10",0.078
"2025-10-07 23:15",0.069
"2025-10-07 23:20",0.069
"2025-10-07 23:25",0.073
"2025-10-07 23:30",0.067
"2025-10-07 23:35",0.074
"2025-10-07 23:40",0.074
"2025-10-07 23:45",0.066
"2025-10-07 23:50",0.064
"2025-10-07 23:55",0.064
"2025-10-08 00:00",0.069
"2025-10-08 00:05",0.067
"2025-10-08 00:10",0.062
"2025-10-08 00:15",0.067
"2025-10-08 00:20",0.071
"2025-10-08 00:25",0.066
"2025-10-08 00:30",0.071
"2025-10-08 00:35",0.067
"2025-10-08 00:40",0.075
"2025-10-08 00:45",0.071
"2025-10-08 00:50",0.071
"2025-10-08 00:55",0.076
"2025-10-08 01:00",0.067
"2025-10-08 01:05",0.073
"2025-10-08 01:10",0.073
"2025-10-08 01:15",0.064
"2025-10-08 01:20",0.073
"2025-10-08 01:25",0.071
"2025-10-08 01:30",0.071
"2025-10-08 01:35",0.075
"2025-10-08 01:40",0.075
"2025-10-08 01:45",0.075
"2025-10-08 01:50",0.075
"2025-10-08 01:55",0.07
"2025-10-08 02:00",0.07
"2025-10-08 02:05",0.075
"2025-10-08 02:10",0.079
"2025-10-08 02:15",0.079
"2025-10-08 02:20",0.083
"2025-10-08 02:25",0.082
"2025-10-08 02:30",0.082
"2025-10-08 02:35",0.079
"2025-10-08 02:40",0.078
"2025-10-08 02:45",0.083
"2025-10-08 02:50",0.084
"2025-10-08 02:55",0.077
"2025-10-08 03:00",0.077
"2025-10-08 03:05",0.084
"2025-10-08 03:10",0.086
"2025-10-08 03:15",0.071
"2025-10-08 03:20",0.084
"2025-10-08 03:25",0.074
"2025-10-08 03:30",0.087
"2025-10-08 03:35",0.081
"2025-10-08 03:40",0.075
"2025-10-08 03:45",0.081
"2025-10-08 03:50",0.086
"2025-10-08 03:55",0.085
"2025-10-08 04:00",0.085
"2025-10-08 04:05",0.081
"2025-10-08 04:10",0.094
"2025-10-08 04:15",0.081
"2025-10-08 04:20",0.083
"2025-10-08 04:25",0.09
"2025-10-08 04:30",0.08
"2025-10-08 04:35",0.086
"2025-10-08 04:40",0.086
"2025-10-08 04:45",0.086
"2025-10-08 04:50",0.084
"2025-10-08 04:55",0.082
"2025-10-08 05:00",0.082
"2025-10-08 05:05",0.077
"2025-10-08 05:10",0.086
"2025-10-08 05:15",0.091
"2025-10-08 05:20",0.081
"2025-10-08 05:25",0.08
"2025-10-08 05:30",0.076
"2025-10-08 05:35",0.084
"2025-10-08 05:40",0.081
"2025-10-08 05:45",0.078
"2025-10-08 05:50",0.076
"2025-10-08 05:55",0.08
"2025-10-08 06:00",0.08
"2025-10-08 06:05",0.071
"2025-10-08 06:10",0.085
"2025-10-08 06:15",0.072
"2025-10-08 06:20",0.081
"2025-10-08 06:25",0.082
"2025-10-08 06:30",0.081
"2025-10-08 06:35",0.08
"2025-10-08 06:40",0.071
"2025-10-08 06:45",0.072
"2025-10-08 06:50",0.064
"2025-10-08 06:55",0.059
"2025-10-08 07:00",0.064
"2025-10-08 07:05",0.051
"2025-10-08 07:10",0.053
"2025-10-08 07:15",0.049
"2025-10-08 07:20",0.04
"2025-10-08 07:25",0.035
"2025-10-08 07:30",0.037
"2025-10-08 07:35",0.034
"2025-10-08 07:40",0.036
"2025-10-08 07:45",0.034
"2025-10-08 07:50",0.021
"2025-10-08 07:55",0.03
"2025-10-08 08:00",0.025
"2025-10-08 08:05",0.023
"2025-10-08 08:10",0.026
"2025-10-08 08:15",0.025
"2025-10-08 08:20",0.024
"2025-10-08 08:25",0.021
"2025-10-08 08:30",0.015
"2025-10-08 08:35",0.02
"2025-10-08 08:40",0.017
"2025-10-08 08:45",0.024
"2025-10-08 08:50",0.019
"2025-10-08 08:55",0.025
"2025-10-08 09:00",0.021
"2025-10-08 09:05",0.011
"2025-10-08 09:10",0.015
"2025-10-08 09:15",0.017
"2025-10-08 09:20",0.008
"2025-10-08 09:25",0.013
"2025-10-08 09:30",0.013
"2025-10-08 09:35",0.02
"2025-10-08 09:40",0.016
"2025-10-08 09:45",0.007
"2025-10-08 09:50",0.01
"2025-10-08 09:55",0.016
"2025-10-08 10:00",0.011
"2025-10-08 10:05",0.005
"2025-10-08 10:10",0.009
"2025-10-08 10:15",0.016
"2025-10-08 10:20",0.02
"2025-10-08 10:25",0.016
"2025-10-08 10:30",0.012
"2025-10-08 10:35",0.018
"2025-10-08 10:40",0.016
"2025-10-08 10:45",0.026
"2025-10-08 10:50",0.018
"2025-10-08 10:55",0.02
"2025-10-08 11:00",0.018
"2025-10-08 11:05",0.026
"2025-10-08 11:10",0.028
"2025-10-08 11:15",0.018
"2025-10-08 11:20",0.017
"2025-10-08 11:25",0.019
"2025-10-08 11:30",0.017
"2025-10-08 11:35",0.013
"2025-10-08 11:40",0.017
"2025-10-08 11:45",0.015
"2025-10-08 11:50",0.023
"2025-10-08 11:55",0.027
"2025-10-08 12:00",0.027
"2025-10-08 12:05",0.027
"2025-10-08 12:10",0.021
"2025-10-08 12:15",0.025
"2025-10-08 12:20",0.021
"2025-10-08 12:25",0.027
"2025-10-08 12:30",0.023
"2025-10-08 12:35",0.02
"2025-10-08 12:40",0.019
"2025-10-08 12:45",0.026
"2025-10-08 12:50",0.017
"2025-10-08 12:55",0.017
"2025-10-08 13:00",0.019
"2025-10-08 13:05",0.025
"2025-10-08 13:10",0.02
"2025-10-08 13:15",0.022
"2025-10-08 13:20",0.02
"2025-10-08 13:25",0.024
"2025-10-08 13:30",0.026
"2025-10-08 13:35",0.018
"2025-10-08 13:40",0.024
"2025-10-08 13:45",0.014
"2025-10-08 13:50",0.019
"2025-10-08 13:55",0.013
"2025-10-08 14:00",0.013
"2025-10-08 14:05",0.009
"2025-10-08 14:10",0.008
"2025-10-08 14:15",0.008
"2025-10-08 14:20",0.017
"2025-10-08 14:25",0.004
"2025-10-08 14:30",0.021
"2025-10-08 14:35",0.013
"2025-10-08 14:40",0.019
"2025-10-08 14:45",0.015
"2025-10-08 14:50",0.018
"2025-10-08 14:55",0.024
"2025-10-08 15:00",0.013
"2025-10-08 15:05",0.016
"2025-10-08 15:10",0.017
"2025-10-08 15:15",0.017
"2025-10-08 15:20",0.018
"2025-10-08 15:25",0.013
"2025-10-08 15:30",0.017
"2025-10-08 15:35",0.02
"2025-10-08 15:40",0.018
"2025-10-08 15:45",0.019
"2025-10-08 15:50",0.019
"2025-10-08 15:55",0.011
"2025-10-08 16:00",0.017
"2025-10-08 16:05",0.023
"2025-10-08 16:10",0.023
"2025-10-08 16:15",0.017
"2025-10-08 16:20",0.02
"2025-10-08 16:25",0.013
"2025-10-08 16:30",0.022
"2025-10-08 16:35",0.021
"2025-10-08 16:40",0.017
"2025-10-08 16:45",0.018
"2025-10-08 16:50",0.028
"2025-10-08 16:55",0.025
"2025-10-08 17:00",0.032
"2025-10-08 17:05",0.026
"2025-10-08 17:10",0.026
"2025-10-08 17:15",0.034
"2025-10-08 17:20",0.035
"2025-10-08 17:25",0.037
"2025-10-08 17:30",0.044
"2025-10-08 17:35",0.046
"2025-10-08 17:40",0.045
"2025-10-08 17:45",0.047
"2025-10-08 17:50",0.045
"2025-10-08 17:55",0.054
"2025-10-08 18:00",0.052
"2025-10-08 18:05",0.049
"2025-10-08 18:10",0.051
"2025-10-08 18:15",0.057
"2025-10-08 18:20",0.049
"2025-10-08 18:25",0.052
"2025-10-08 18:30",0.06
"2025-10-08 18:35",0.067
"2025-10-08 18:40",0.066
"2025-10-08 18:45",0.059
"2025-10-08 18:50",0.067
"2025-10-08 18:55",0.068
"2025-10-08 19:00",0.073
"2025-10-08 19:05",0.06
"2025-10-08 19:10",0.06
"2025-10-08 19:15",0.064
"2025-10-08 19:20",0.064
"2025-10-08 19:25",0.064
"2025-10-08 19:30",0.067
"2025-10-08 19:35",0.072
"2025-10-08 19:40",0.068
"2025-10-08 19:45",0.066
"2025-10-08 19:50",0.067
"2025-10-08 19:55",0.07
"2025-10-08 20:00",0.074
"2025-10-08 20:05",0.079
"2025-10-08 20:10",0.073
"2025-10-08 20:15",0.069
"2025-10-08 20:20",0.068
"2025-10-08 20:25",0.071
"2025-10-08 20:30",0.071
"2025-10-08 20:35",0.074
"2025-10-08 20:40",0.076
"2025-10-08 20:45",0.075
"2025-10-08 20:50",0.077
"2025-10-08 20:55",0.068
"2025-10-08 21:00",0.071
"2025-10-08 21:05",0.073
"2025-10-08 21:10",0.081
"2025-10-08 21:15",0.073
"2025-10-08 21:20",0.079
"2025-10-08 21:25",0.076
"2025-10-08 21:30",0.075
"2025-10-08 21:35",0.08
"2025-10-08 21:40",0.077
"2025-10-08 21:45",0.081
"2025-10-08 21:50",0.077
"2025-10-08 21:55",0.077
"2025-10-08 22:00",0.078
"2025-10-08 22:05",0.076
"2025-10-08 22:10",0.076
"2025-10-08 22:15",0.084
"2025-10-08 22:20",0.084
"2025-10-08 22:25",0.083
"2025-10-08 22:30",0.079
"2025-10-08 22:35",0.087
"2025-10-08 22:40",0.086
"2025-10-08 22:45",0.086
"2025-10-08 22:50",0.088
"2025-10-08 22:55",0.066
"2025-10-08 23:00",0.082
"2025-10-08 23:05",0.078
"2025-10-08 23:10",0.081
"2025-10-08 23:15",0.081
"2025-10-08 23:20",0.079
"2025-10-08 23:25",0.083
"2025-10-08 23:30",0.083
"2025-10-08 23:35",0.08
"2025-10-08 23:40",0.086
"2025-10-08 23:45",0.08
"2025-10-08 23:50",0.084
"2025-10-08 23:55",0.083
"2025-10-09 00:00",0.083
"2025-10-09 00:05",0.08
"2025-10-09 00:10",0.083
"2025-10-09 00:15",0.087
"2025-10-09 00:20",0.091
"2025-10-09 00:25",0.087
"2025-10-09 00:30",0.09
"2025-10-09 00:35",0.09
"2025-10-09 00:40",0.086
"2025-10-09 00:45",0.087
"2025-10-09 00:50",0.08
"2025-10-09 00:55",0.092
"2025-10-09 01:00",0.087
"2025-10-09 01:05",0.087
"2025-10-09 01:10",0.087
"2025-10-09 01:15",0.097
"2025-10-09 01:20",0.088
"2025-10-09 01:25",0.093
"2025-10-09 01:30",0.089
"2025-10-09 01:35",0.092
"2025-10-09 01:40",0.092
"2025-10-09 01:45",0.096
"2025-10-09 01:50",0.095
"2025-10-09 01:55",0.095
"2025-10-09 02:00",0.091
"2025-10-09 02:05",0.086
"2025-10-09 02:10",0.095
"2025-10-09 02:15",0.094
"2025-10-09 02:20",0.1
"2025-10-09 02:25",0.089
"2025-10-09 02:30",0.089
"2025-10-09 02:35",0.091
"2025-10-09 02:40",0.093
"2025-10-09 02:45",0.098
"2025-10-09 02:50",0.089
"2025-10-09 02:55",0.093
"2025-10-09 03:00",0.083
"2025-10-09 03:05",0.093
"2025-10-09 03:10",0.092
"2025-10-09 03:15",0.088
"2025-10-09 03:20",0.087
"2025-10-09 03:25",0.097
"2025-10-09 03:30",0.097
"2025-10-09 03:35",0.088
"2025-10-09 03:40",0.097
"2025-10-09 03:45",0.099
"2025-10-09 03:50",0.098
"2025-10-09 03:55",0.094
"2025-10-09 04:00",0.081
"2025-10-09 04:05",0.09
"2025-10-09 04:10",0.097
"2025-10-09 04:15",0.094
"2025-10-09 04:20",0.095
"2025-10-09 04:25",0.095
"2025-10-09 04:30",0.086
"2025-10-09 04:35",0.084
"2025-10-09 04:40",0.09
"2025-10-09 04:45",0.092
"2025-10-09 04:50",0.092
"2025-10-09 04:55",0.084
"2025-10-09 05:00",0.09
"2025-10-09 05:05",0.09
"2025-10-09 05:10",0.086
"2025-10-09 05:15",0.095
"2025-10-09 05:20",0.084
"2025-10-09 05:25",0.091
"2025-10-09 05:30",0.086
"2025-10-09 05:35",0.082
"2025-10-09 05:40",0.089
"2025-10-09 05:45",0.084
"2025-10-09 05:50",0.073
"2025-10-09 05:55",0.086
"2025-10-09 06:00",0.083
"2025-10-09 06:05",0.087
"2025-10-09 06:10",0.08
"2025-10-09 06:15",0.084
"2025-10-09 06:20",0.087
"2025-10-09 06:25",0.083
"2025-10-09 06:30",0.077
"2025-10-09 06:35",0.08
"2025-10-09 06:40",0.08
"2025-10-09 06:45",0.067
"2025-10-09 06:50",0.065
"2025-10-09 06:55",0.066
"2025-10-09 07:00",0.062
"2025-10-09 07:05",0.051
"2025-10-09 07:10",0.057
"2025-10-09 07:15",0.056
"2025-10-09 07:20",0.05
"2025-10-09 07:25",0.052
"2025-10-09 07:30",0.05
"2025-10-09 07:35",0.033
"2025-10-09 07:40",0.035
"2025-10-09 07:45",0.033
"2025-10-09 07:50",0.026
"2025-10-09 07:55",0.037
"2025-10-09 08:00",0.027
"2025-10-09 08:05",0.032
"2025-10-09 08:10",0.029
"2025-10-09 08:15",0.024
"2025-10-09 08:20",0.021
"2025-10-09 08:25",0.026
"2025-10-09 08:30",0.02
"2025-10-09 08:35",0.029
"2025-10-09 08:40",0.023
"2025-10-09 08:45",0.023
"2025-10-09 08:50",0.03
"2025-10-09 08:55",0.023
"2025-10-09 09:00",0.026
"2025-10-09 09:05",0.014
"2025-10-09 09:10",0.019
"2025-10-09 09:15",0.028
"2025-10-09 09:20",0.025
"2025-10-09 09:25",0.033
"2025-10-09 09:30",0.026
"2025-10-09 09:35",0.031
"2025-10-09 09:40",0.021
"2025-10-09 09:45",0.031
"2025-10-09 09:50",0.029
"2025-10-09 09:55",0.033
"2025-10-09 10:00",0.02
"2025-10-09 10:05",0.023
"2025-10-09 10:10",0.021
"2025-10-09 10:15",0.024
"2025-10-09 10:20",0.028
"2025-10-09 10:25",0.021
"2025-10-09 10:30",0.027
"2025-10-09 10:35",0.027
"2025-10-09 10:40",0.022
"2025-10-09 10:45",0.027
"2025-10-09 10:50",0.018
"2025-10-09 10:55",0.023
"2025-10-09 11:00",0.023
"2025-10-09 11:05",0.034
"2025-10-09 11:10",0.03
"2025-10-09 11:15",0.032
"2025-10-09 11:20",0.023
"2025-10-09 11:25",0.032
"2025-10-09 11:30",0.024
"2025-10-09 11:35",0.033
"2025-10-09 11:40",0.031
"2025-10-09 11:45",0.024
"2025-10-09 11:50",0.028
"2025-10-09 11:55",0.029
"2025-10-09 12:00",0.033
"2025-10-09 12:05",0.028
"2025-10-09 12:10",0.026
"2025-10-09 12:15",0.024
"2025-10-09 12:20",0.031
"2025-10-09 12:25",0.018
"2025-10-09 12:30",0.026
"2025-10-09 12:35",0.02
"2025-10-09 12:40",0.018
"2025-10-09 12:45",0.022
"2025-10-09 12:50",0.029
"2025-10-09 12:55",0.022
"2025-10-09 13:00",0.024
"2025-10-09 13:05",0.018
"2025-10-09 13:10",0.022
"2025-10-09 13:15",0.028
"2025-10-09 13:20",0.027
"2025-10-09 13:25",0.022
"2025-10-09 13:30",0.024
"2025-10-09 13:35",0.024
"2025-10-09 13:40",0.022
"2025-10-09 13:45",0.024
"2025-10-09 13:50",0.02
"2025-10-09 13:55",0.019
"2025-10-09 14:00",0.015
"2025-10-09 14:05",0.019
"2025-10-09 14:10",0.021
"2025-10-09 14:15",0.017
"2025-10-09 14:20",0.023
"2025-10-09 14:25",0.015
"2025-10-09 14:30",0.024
"2025-10-09 14:35",0.009
"2025-10-09 14:40",0.017
"2025-10-09 14:45",0.017
"2025-10-09 14:50",0.006
"2025-10-09 14:55",0.015
"2025-10-09 15:00",0.013
"2025-10-09 15:05",0.017
"2025-10-09 15:10",0.017
"2025-10-09 15:15",0.019
"2025-10-09 15:20",0.021
"2025-10-09 15:25",0.019
"2025-10-09 15:30",0.022
"2025-10-09 15:35",0.028
"2025-10-09 15:40",0.013
"2025-10-09 15:45",0.024
"2025-10-09 15:50",0.03
"2025-10-09 15:55",0.02
"2025-10-09 16:00",0.019
"2025-10-09 16:05",0.021
"2025-10-09 16:10",0.021
"2025-10-09 16:15",0.017
"2025-10-09 16:20",0.017
"2025-10-09 16:25",0.019
"2025-10-09 16:30",0.021
"2025-10-09 16:35",0.014
"2025-10-09 16:40",0.02
"2025-10-09 16:45",0.018
"2025-10-09 16:50",0.019
"2025-10-09 16:55",0.024
"2025-10-09 17:00",0.03
"2025-10-09 17:05",0.033
"2025-10-09 17:10",0.033
"2025-10-09 17:15",0.033
"2025-10-09 17:20",0.035
"2025-10-09 17:25",0.041
"2025-10-09 17:30",0.038
"2025-10-09 17:35",0.045
"2025-10-09 17:40",0.045
"2025-10-09 17:45",0.041
"2025-10-09 17:50",0.051
"2025-10-09 17:55",0.041
"2025-10-09 18:00",0.049
"2025-10-09 18:05",0.05
"2025-10-09 18:10",0.054
"2025-10-09 18:15",0.048
"2025-10-09 18:20",0.056
"2025-10-09 18:25",0.056
"2025-10-09 18:30",0.057
"2025-10-09 18:35",0.05
"2025-10-09 18:40",0.057
"2025-10-09 18:45",0.066
"2025-10-09 18:50",0.057
"2025-10-09 18:55",0.054
"2025-10-09 19:00",0.058
"2025-10-09 19:05",0.062
"2025-10-09 19:10",0.066
"2025-10-09 19:15",0.066
"2025-10-09 19:20",0.066
"2025-10-09 19:25",0.061
"2025-10-09 19:30",0.065
"2025-10-09 19:35",0.068
"2025-10-09 19:40",0.068
"2025-10-09 19:45",0.071
"2025-10-09 19:50",0.072
"2025-10-09 19:55",0.075
"2025-10-09 20:00",0.075
"2025-10-09 20:05",0.078
"2025-10-09 20:10",0.074
"2025-10-09 20:15",0.07
"2025-10-09 20:20",0.072
"2025-10-09 20:25",0.073
"2025-10-09 20:30",0.08
"2025-10-09 20:35",0.071
"2025-10-09 20:40",0.079
"2025-10-09 20:45",0.083
"2025-10-09 20:50",0.074
"2025-10-09 20:55",0.07
"2025-10-09 21:00",0.071
"2025-10-09 21:05",0.069
"2025-10-09 21:10",0.078
"2025-10-09 21:15",0.078
"2025-10-09 21:20",0.081
"2025-10-09 21:25",0.082
"2025-10-09 21:30",0.079
"2025-10-09 21:35",0.078
"2025-10-09 21:40",0.084
"2025-10-09 21:45",0.077
"2025-10-09 21:50",0.083
"2025-10-09 21:55",0.085
"2025-10-09 22:00",0.089
"2025-10-09 22:05",0.08
"2025-10-09 22:10",0.083
"2025-10-09 22:15",0.083
"2025-10-09 22:20",0.096
"2025-10-09 22:25",0.084
"2025-10-09 22:30",0.084
"2025-10-09 22:35",0.08
"2025-10-09 22:40",0.083
"2025-10-09 22:45",0.087
"2025-10-09 22:50",0.08
"2025-10-09 22:55",0.08
"2025-10-09 23:00",0.084
"2025-10-09 23:05",0.075
"2025-10-09 23:10",0.087
"2025-10-09 23:15",0.083
"2025-10-09 23:20",0.087
"2025-10-09 23:25",0.082
"2025-10-09 23:30",0.083
"2025-10-09 23:35",0.082
"2025-10-09 23:40",0.08
"2025-10-09 23:45",0.077
"2025-10-09 23:50",0.084
"2025-10-09 23:55",0.074
"2025-10-10 00:00",0.074
"2025-10-10 00:05",0.081
"2025-10-10 00:10",0.085
"2025-10-10 00:15",0.085
"2025-10-10 00:20",0.09
"2025-10-10 00:25",0.081
"2025-10-10 00:30",0.081
"2025-10-10 00:35",0.079
"2025-10-10 00:40",0.084
"2025-10-10 00:45",0.09
"2025-10-10 00:50",0.084
"2025-10-10 00:55",0.079
"2025-10-10 01:00",0.092
"2025-10-10 01:05",0.087
"2025-10-10 01:10",0.09
"2025-10-10 01:15",0.084
"2025-10-10 01:20",0.086
"2025-10-10 01:25",0.093
"2025-10-10 01:30",0.088
"2025-10-10 01:35",0.088
"2025-10-10 01:40",0.091
"2025-10-10 01:45",0.088
"2025-10-10 01:50",0.082
"2025-10-10 01:55",0.082
"2025-10-10 02:00",0.086
"2025-10-10 02:05",0.09
"2025-10-10 02:10",0.084
"2025-10-10 02:15",0.088
"2025-10-10 02:20",0.089
"2025-10-10 02:25",0.089
"2025-10-10 02:30",0.08
"2025-10-10 02:35",0.085
"2025-10-10 02:40",0.087
"2025-10-10 02:45",0.087
"2025-10-10 02:50",0.087
"2025-10-10 02:55",0.091
"2025-10-10 03:00",0.088
"2025-10-10 03:05",0.097
"2025-10-10 03:10",0.102
"2025-10-10 03:15",0.093
"2025-10-10 03:20",0.093
"2025-10-10 03:25",0.093
"2025-10-10 03:30",0.1
"2025-10-10 03:35",0.096
"2025-10-10 03:40",0.099
"2025-10-10 03:45",0.09
"2025-10-10 03:50",0.099
"2025-10-10 03:55",0.099
"2025-10-10 04:00",0.099
"2025-10-10 04:05",0.093
"2025-10-10 04:10",0.093
"2025-10-10 04:15",0.101
"2025-10-10 04:20",0.096
"2025-10-10 04:25",0.088
"2025-10-10 04:30",0.098
"2025-10-10 04:35",0.091
"2025-10-10 04:40",0.1
"2025-10-10 04:45",0.096
"2025-10-10 04:50",0.093
"2025-10-10 04:55",0.086
"2025-10-10 05:00",0.091
"2025-10-10 05:05",0.087
"2025-10-10 05:10",0.087
"2025-10-10 05:15",0.081
"2025-10-10 05:20",0.092
"2025-10-10 05:25",0.088
"2025-10-10 05:30",0.092
"2025-10-10 05:35",0.096
"2025-10-10 05:40",0.088
"2025-10-10 05:45",0.094
"2025-10-10 05:50",0.084
"2025-10-10 05:55",0.089
"2025-10-10 06:00",0.093
"2025-10-10 06:05",0.093
"2025-10-10 06:10",0.088
"2025-10-10 06:15",0.093
"2025-10-10 06:20",0.089
"2025-10-10 06:25",0.087
"2025-10-10 06:30",0.093
"2025-10-10 06:35",0.087
"2025-10-10 06:40",0.082
"2025-10-10 06:45",0.074
"2025-10-10 06:50",0.076
"2025-10-10 06:55",0.071
"2025-10-10 07:00",0.06
"2025-10-10 07:05",0.063
"2025-10-10 07:10",0.057
"2025-10-10 07:15",0.054
"2025-10-10 07:20",0.058
"2025-10-10 07:25",0.057
"2025-10-10 07:30",0.046
"2025-10-10 07:35",0.037
"2025-10-10 07:40",0.038
"2025-10-10 07:45",0.038
"2025-10-10 07:50",0.032
"2025-10-10 07:55",0.04
"2025-10-10 08:00",0.027
"2025-10-10 08:05",0.022
"2025-10-10 08:10",0.032
"2025-10-10 08:15",0.024
"2025-10-10 08:20",0.028
"2025-10-10 08:25",0.026
"2025-10-10 08:30",0.028
"2025-10-10 08:35",0.026
"2025-10-10 08:40",0.031
"2025-10-10 08:45",0.025
"2025-10-10 08:50",0.028
"2025-10-10 08:55",0.029
"2025-10-10 09:00",0.026
"2025-10-10 09:05",0.027
"2025-10-10 09:10",0.031
"2025-10-10 09:15",0.03
"2025-10-10 09:20",0.032
"2025-10-10 09:25",0.027
"2025-10-10 09:30",0.024
"2025-10-10 09:35",0.016
"2025-10-10 09:40",0.019
"2025-10-10 09:45",0.017
"2025-10-10 09:50",0.018
"2025-10-10 09:55",0.025
"2025-10-10 10:00",0.032
"2025-10-10 10:05",0.03
"2025-10-10 10:10",0.022
"2025-10-10 10:15",0.03
"2025-10-10 10:20",0.024
"2025-10-10 10:25",0.031
"2025-10-10 10:30",0.024
"2025-10-10 10:35",0.017
"2025-10-10 10:40",0.021
"2025-10-10 10:45",0.019
"2025-10-10 10:50",0.03
"2025-10-10 10:55",0.024
"2025-10-10 11:00",0.019
"2025-10-10 11:05",0.014
"2025-10-10 11:10",0.027
"2025-10-10 11:15",0.021
"2025-10-10 11:20",0.026
"2025-10-10 11:25",0.03
"2025-10-10 11:30",0.025
"2025-10-10 11:35",0.025
"2025-10-10 11:40",0.026
"2025-10-10 11:45",0.023
"2025-10-10 11:50",0.028
"2025-10-10 11:55",0.022
"2025-10-10 12:00",0.03
"2025-10-10 12:05",0.025
"2025-10-10 12:10",0.032
"2025-10-10 12:15",0.034
"2025-10-10 12:20",0.023
"2025-10-10 12:25",0.034
"2025-10-10 12:30",0.02
"2025-10-10 12:35",0.031
"2025-10-10 12:40",0.033
"2025-10-10 12:45",0.031
"2025-10-10 12:50",0.033
"2025-10-10 12:55",0.035
"2025-10-10 13:00",0.027
"2025-10-10 13:05",0.035
"2025-10-10 13:10",0.037
"2025-10-10 13:15",0.029
"2025-10-10 13:20",0.031
"2025-10-10 13:25",0.025
"2025-10-10 13:30",0.034
"2025-10-10 13:35",0.027
"2025-10-10 13:40",0.027
"2025-10-10 13:45",0.027
"2025-10-10 13:50",0.03
"2025-10-10 13:55",0.025
"2025-10-10 14:00",0.027
"2025-10-10 14:05",0.025
"2025-10-10 14:10",0.025
"2025-10-10 14:15",0.018
"2025-10-10 14:20",0.018
"2025-10-10 14:25",0.023
"2025-10-10 14:30",0.027
"2025-10-10 14:35",0.027
"2025-10-10 14:40",0.021
"2025-10-10 14:45",0.031
"2025-10-10 14:50",0.031
"2025-10-10 14:55",0.023
"2025-10-10 15:00",0.019
"2025-10-10 15:05",0.021
"2025-10-10 15:10",0.018
"2025-10-10 15:15",0.021
"2025-10-10 15:20",0.019
"2025-10-10 15:25",0.023
"2025-10-10 15:30",0.016
"2025-10-10 15:35",0.023
"2025-10-10 15:40",0.021
"2025-10-10 15:45",0.015
"2025-10-10 15:50",0.012
"2025-10-10 15:55",0.016
"2025-10-10 16:00",0.029
"2025-10-10 16:05",0.023
"2025-10-10 16:10",0.015
"2025-10-10 16:15",0.012
"2025-10-10 16:20",0.021
"2025-10-10 16:25",0.019
"2025-10-10 16:30",0.017
"2025-10-10 16:35",0.017
"2025-10-10 16:40",0.017
"2025-10-10 16:45",0.016
"2025-10-10 16:50",0.026
"2025-10-10 16:55",0.033
"2025-10-10 17:00",0.032
"2025-10-10 17:05",0.031
"2025-10-10 17:10",0.038
"2025-10-10 17:15",0.034
"2025-10-10 17:20",0.045
"2025-10-10 17:25",0.036
"2025-10-10 17:30",0.039
"2025-10-10 17:35",0.033
"2025-10-10 17:40",0.041
"2025-10-10 17:45",0.037
"2025-10-10 17:50",0.041
"2025-10-10 17:55",0.047
"2025-10-10 18:00",0.05
"2025-10-10 18:05",0.056
"2025-10-10 18:10",0.054
"2025-10-10 18:15",0.055
"2025-10-10 18:20",0.053
"2025-10-10 18:25",0.058
"2025-10-10 18:30",0.06
"2025-10-10 18:35",0.059
"2025-10-10 18:40",0.053
"2025-10-10 18:45",0.063
"2025-10-10 18:50",0.066
"2025-10-10 18:55",0.063
"2025-10-10 19:00",0.065
"2025-10-10 19:05",0.065
"2025-10-10 19:10",0.068
"2025-10-10 19:15",0.068
"2025-10-10 19:20",0.067
"2025-10-10 19:25",0.059
"2025-10-10 19:30",0.071
"2025-10-10 19:35",0.064
"2025-10-10 19:40",0.076
"2025-10-10 19:45",0.069
"2025-10-10 19:50",0.068
"2025-10-10 19:55",0.076
"2025-10-10 20:00",0.071
"2025-10-10 20:05",0.074
"2025-10-10 20:10",0.07
"2025-10-10 20:15",0.073
"2025-10-10 20:20",0.073
"2025-10-10 20:25",0.061
"2025-10-10 20:30",0.077
"2025-10-10 20:35",0.079
"2025-10-10 20:40",0.073
"2025-10-10 20:45",0.069
"2025-10-10 20:50",0.072
"2025-10-10 20:55",0.064
"2025-10-10 21:00",0.078
"2025-10-10 21:05",0.08
"2025-10-10 21:10",0.076
"2025-10-10 21:15",0.085
"2025-10-10 21:20",0.078
"2025-10-10 21:25",0.081
"2025-10-10 21:30",0.081
"2025-10-10 21:35",0.08
"2025-10-10 21:40",0.076
"2025-10-10 21:45",0.076
"2025-10-10 21:50",0.08
"2025-10-10 21:55",0.072
"2025-10-10 22:00",0.08
"2025-10-10 22:05",0.074
"2025-10-10 22:10",0.074
"2025-10-10 22:15",0.074
"2025-10-10 22:20",0.081
"2025-10-10 22:25",0.077
"2025-10-10 22:30",0.078
"2025-10-10 22:35",0.076
"2025-10-10 22:40",0.08
"2025-10-10 22:45",0.083
"2025-10-10 22:50",0.079
"2025-10-10 22:55",0.083
"2025-10-10 23:00",0.083
"2025-10-10 23:05",0.079
"2025-10-10 23:10",0.076
"2025-10-10 23:15",0.075
"2025-10-10 23:20",0.079
"2025-10-10 23:25",0.074
"2025-10-10 23:30",0.077
"2025-10-10 23:35",0.083
"2025-10-10 23:40",0.085
"2025-10-10 23:45",0.087
"2025-10-10 23:50",0.083
"2025-10-10 23:55",0.082
"2025-10-11 00:00",0.086
"2025-10-11 00:05",0.069
"2025-10-11 00:10",0.077
"2025-10-11 00:15",0.077
"2025-10-11 00:20",0.09
"2025-10-11 00:25",0.09
"2025-10-11 00:30",0.074
"2025-10-11 00:35",0.083
"2025-10-11 00:40",0.084
"2025-10-11 00:45",0.088
"2025-10-11 00:50",0.083
"2025-10-11 00:55",0.083
"2025-10-11 01:00",0.08
"2025-10-11 01:05",0.09
"2025-10-11 01:10",0.071
"2025-10-11 01:15",0.083
"2025-10-11 01:20",0.082
"2025-10-11 01:25",0.087
"2025-10-11 01:30",0.073
"2025-10-11 01:35",0.079
"2025-10-11 01:40",0.083
"2025-10-11 01:45",0.079
"2025-10-11 01:50",0.084
"2025-10-11 01:55",0.084
"2025-10-11 02:00",0.086
"2025-10-11 02:05",0.088
"2025-10-11 02:10",0.093
"2025-10-11 02:15",0.094
"2025-10-11 02:20",0.089
"2025-10-11 02:25",0.092
"2025-10-11 02:30",0.092
"2025-10-11 02:35",0.095
"2025-10-11 02:40",0.093
"2025-10-11 02:45",0.1
"2025-10-11 02:50",0.094
"2025-10-11 02:55",0.086
"2025-10-11 03:00",0.097
"2025-10-11 03:05",0.092
"2025-10-11 03:10",0.091
"2025-10-11 03:15",0.083
"2025-10-11 03:20",0.09
"2025-10-11 03:25",0.087
"2025-10-11 03:30",0.087
"2025-10-11 03:35",0.086
"2025-10-11 03:40",0.088
"2025-10-11 03:45",0.099
"2025-10-11 03:50",0.098
"2025-10-11 03:55",0.097
"2025-10-11 04:00",0.093
"2025-10-11 04:05",0.093
"2025-10-11 04:10",0.089
"2025-10-11 04:15",0.088
"2025-10-11 04:20",0.085
"2025-10-11 04:25",0.088
"2025-10-11 04:30",0.094
"2025-10-11 04:35",0.088
"2025-10-11 04:40",0.092
"2025-10-11 04:45",0.088
"2025-10-11 04:50",0.088
"2025-10-11 04:55",0.092
"2025-10-11 05:00",0.088
"2025-10-11 05:05",0.083
"2025-10-11 05:10",0.088
"2025-10-11 05:15",0.083
"2025-10-11 05:20",0.084
"2025-10-11 05:25",0.089
"2025-10-11 05:30",0.086
"2025-10-11 05:35",0.089
"2025-10-11 05:40",0.093
"2025-10-11 05:45",0.093
"2025-10-11 05:50",0.091
"2025-10-11 05:55",0.086
"2025-10-11 06:00",0.095
"2025-10-11 06:05",0.091
"2025-10-11 06:10",0.091
"2025-10-11 06:15",0.092
"2025-10-11 06:20",0.093
"2025-10-11 06:25",0.088
"2025-10-11 06:30",0.087
"2025-10-11 06:35",0.082
"2025-10-11 06:40",0.08
"2025-10-11 06:45",0.071
"2025-10-11 06:50",0.06
"2025-10-11 06:55",0.066
"2025-10-11 07:00",0.056
"2025-10-11 07:05",0.057
"2025-10-11 07:10",0.053
"2025-10-11 07:15",0.053
"2025-10-11 07:20",0.038
"2025-10-11 07:25",0.043
"2025-10-11 07:30",0.034
"2025-10-11 07:35",0.038
"2025-10-11 07:40",0.032
"2025-10-11 07:45",0.04
"2025-10-11 07:50",0.033
"2025-10-11 07:55",0.033
"2025-10-11 08:00",0.023
"2025-10-11 08:05",0.029
"2025-10-11 08:10",0.034
"2025-10-11 08:15",0.027
"2025-10-11 08:20",0.025
"2025-10-11 08:25",0.022
"2025-10-11 08:30",0.025
"2025-10-11 08:35",0.026
"2025-10-11 08:40",0.022
"2025-10-11 08:45",0.025
"2025-10-11 08:50",0.02
"2025-10-11 08:55",0.028
"2025-10-11 09:00",0.021
"2025-10-11 09:05",0.02
"2025-10-11 09:10",0.018
"2025-10-11 09:15",0.026
"2025-10-11 09:20",0.033
"2025-10-11 09:25",0.025
"2025-10-11 09:30",0.022
"2025-10-11 09:35",0.023
"2025-10-11 09:40",0.023
"2025-10-11 09:45",0.029
"2025-10-11 09:50",0.023
"2025-10-11 09:55",0.025
"2025-10-11 10:00",0.031
"2025-10-11 10:05",0.02
"2025-10-11 10:10",0.033
"2025-10-11 10:15",0.025
"2025-10-11 10:20",0.022
"2025-10-11 10:25",0.025
"2025-10-11 10:30",0.025
"2025-10-11 10:35",0.02
"2025-10-11 10:40",0.018
"2025-10-11 10:45",0.027
"2025-10-11 10:50",0.012
"2025-10-11 10:55",0.021
"2025-10-11 11:00",0.023
"2025-10-11 11:05",0.019
"2025-10-11 11:10",0.018
"2025-10-11 11:15",0.023
"2025-10-11 11:20",0.025
"2025-10-11 11:25",0.021
"2025-10-11 11:30",0.023
"2025-10-11 11:35",0.025
"2025-10-11 11:40",0.02
"2025-10-11 11:45",0.024
"2025-10-11 11:50",0.031
"2025-10-11 11:55",0.033
"2025-10-11 12:00",0.034
"2025-10-11 12:05",0.025
"2025-10-11 12:10",0.022
"2025-10-11 12:15",0.026
"2025-10-11 12:20",0.024
"2025-10-11 12:25",0.024
"2025-10-11 12:30",0.027
"2025-10-11 12:35",0.032
"2025-10-11 12:40",0.024
"2025-10-11 12:45",0.025
"2025-10-11 12:50",0.026
"2025-10-11 12:55",0.024
"2025-10-11 13:00",0.026
"2025-10-11 13:05",0.03
"2025-10-11 13:10",0.023
"2025-10-11 13:15",0.017
"2025-10-11 13:20",0.021
"2025-10-11 13:25",0.015
"2025-10-11 13:30",0.017
"2025-10-11 13:35",0.023
"2025-10-11 13:40",0.023
"2025-10-11 13:45",0.021
"2025-10-11 13:50",0.021
"2025-10-11 13:55",0.021
"2025-10-11 14:00",0.029
"2025-10-11 14:05",0.019
"2025-10-11 14:10",0.025
"2025-10-11 14:15",0.019
"2025-10-11 14:20",0.019
"2025-10-11 14:25",0.023
"2025-10-11 14:30",0.029
"2025-10-11 14:35",0.024
"2025-10-11 14:40",0.023
"2025-10-11 14:45",0.029
"2025-10-11 14:50",0.025
"2025-10-11 14:55",0.027
"2025-10-11 15:00",0.023
"2025-10-11 15:05",0.021
"2025-10-11 15:10",0.029
"2025-10-11 15:15",0.031
"2025-10-11 15:20",0.023
"2025-10-11 15:25",0.027
"2025-10-11 15:30",0.02
"2025-10-11 15:35",0.027
"2025-10-11 15:40",0.027
"2025-10-11 15:45",0.02
"2025-10-11 15:50",0.031
"2025-10-11 15:55",0.027
"2025-10-11 16:00",0.03
"2025-10-11 16:05",0.027
"2025-10-11 16:10",0.03
"2025-10-11 16:15",0.03
"2025-10-11 16:20",0.028
"2025-10-11 16:25",0.032
"2025-10-11 16:30",0.031
"2025-10-11 16:35",0.037
"2025-10-11 16:40",0.029
"2025-10-11 16:45",0.038
"2025-10-11 16:50",0.036
"2025-10-11 16:55",0.041
"2025-10-11 17:00",0.039
"2025-10-11 17:05",0.036
"2025-10-11 17:10",0.041
"2025-10-11 17:15",0.051
"2025-10-11 17:20",0.041
"2025-10-11 17:25",0.045
"2025-10-11 17:30",0.049
"2025-10-11 17:35",0.058
"2025-10-11 17:40",0.054
"2025-10-11 17:45",0.059
"2025-10-11 17:50",0.058
"2025-10-11 17:55",0.068
"2025-10-11 18:00",0.061
"2025-10-11 18:05",0.061
"2025-10-11 18:10",0.062
"2025-10-11 18:15",0.066
"2025-10-11 18:20",0.066
"2025-10-11 18:25",0.073
"2025-10-11 18:30",0.069
"2025-10-11 18:35",0.077
"2025-10-11 18:40",0.063
"2025-10-11 18:45",0.066
"2025-10-11 18:50",0.068
"2025-10-11 18:55",0.071
"2025-10-11 19:00",0.073
"2025-10-11 19:05",0.073
"2025-10-11 19:10",0.072
"2025-10-11 19:15",0.08
"2025-10-11 19:20",0.081
"2025-10-11 19:25",0.08
"2025-10-11 19:30",0.083
"2025-10-11 19:35",0.085
"2025-10-11 19:40",0.082
"2025-10-11 19:45",0.078
"2025-10-11 19:50",0.086
"2025-10-11 19:55",0.082
"2025-10-11 20:00",0.082
"2025-10-11 20:05",0.084
"2025-10-11 20:10",0.087
"2025-10-11 20:15",0.09
"2025-10-11 20:20",0.09
"2025-10-11 20:25",0.081
"2025-10-11 20:30",0.084
"2025-10-11 20:35",0.087
"2025-10-11 20:40",0.084
"2025-10-11 20:45",0.086
"2025-10-11 20:50",0.084
"2025-10-11 20:55",0.096
"2025-10-11 21:00",0.083
"2025-10-11 21:05",0.085
"2025-10-11 21:10",0.085
"2025-10-11 21:15",0.088
"2025-10-11 21:20",0.089
"2025-10-11 21:25",0.093
"2025-10-11 21:30",0.095
"2025-10-11 21:35",0.091
"2025-10-11 21:40",0.09
"2025-10-11 21:45",0.091
"2025-10-11 21:50",0.085
"2025-10-11 21:55",0.09
"2025-10-11 22:00",0.093
"2025-10-11 22:05",0.093
"2025-10-11 22:10",0.093
"2025-10-11 22:15",0.093
"2025-10-11 22:20",0.092
"2025-10-11 22:25",0.09
"2025-10-11 22:30",0.087
"2025-10-11 22:35",0.099
"2025-10-11 22:40",0.102
"2025-10-11 22:45",0.093
"2025-10-11 22:50",0.101
"2025-10-11 22:55",0.094
"2025-10-11 23:00",0.094
"2025-10-11 23:05",0.09
"2025-10-11 23:10",0.094
"2025-10-11 23:15",0.095
"2025-10-11 23:20",0.091
"2025-10-11 23:25",0.091
"2025-10-11 23:30",0.097
"2025-10-11 23:35",0.091
"2025-10-11 23:40",0.094
"2025-10-11 23:45",0.087
"2025-10-11 23:50",0.097
"2025-10-11 23:55",0.1
"2025-10-12 00:00",0.094
"2025-10-12 00:05",0.093
"2025-10-12 00:10",0.1
"2025-10-12 00:15",0.094
"2025-10-12 00:20",0.091
"2025-10-12 00:25",0.091
"2025-10-12 00:30",0.095
"2025-10-12 00:35",0.094
"2025-10-12 00:40",0.093
"2025-10-12 00:45",0.093
"2025-10-12 00:50",0.093
"2025-10-12 00:55",0.091
"2025-10-12 01:00",0.097
"2025-10-12 01:05",0.095
"2025-10-12 01:10",0.095
"2025-10-12 01:15",0.095
"2025-10-12 01:20",0.091
"2025-10-12 01:25",0.098
"2025-10-12 01:30",0.089
"2025-10-12 01:35",0.098
"2025-10-12 01:40",0.102
"2025-10-12 01:45",0.096
"2025-10-12 01:50",0.102
"2025-10-12 01:55",0.096
"2025-10-12 02:00",0.1
"2025-10-12 02:05",0.092
"2025-10-12 02:10",0.098
"2025-10-12 02:15",0.096
"2025-10-12 02:20",0.096
"2025-10-12 02:25",0.096
"2025-10-12 02:30",0.1
"2025-10-12 02:35",0.089
"2025-10-12 02:40",0.103
"2025-10-12 02:45",0.093
"2025-10-12 02:50",0.106
"2025-10-12 02:55",0.096
"2025-10-12 03:00",0.104
"2025-10-12 03:05",0.1
"2025-10-12 03:10",0.103
"2025-10-12 03:15",0.09
"2025-10-12 03:20",0.097
"2025-10-12 03:25",0.097
"2025-10-12 03:30",0.101
"2025-10-12 03:35",0.097
"2025-10-12 03:40",0.106
"2025-10-12 03:45",0.106
"2025-10-12 03:50",0.11
"2025-10-12 03:55",0.102
"2025-10-12 04:00",0.097
"2025-10-12 04:05",0.108
"2025-10-12 04:10",0.109
"2025-10-12 04:15",0.104
"2025-10-12 04:20",0.102
"2025-10-12 04:25",0.105
"2025-10-12 04:30",0.105
"2025-10-12 04:35",0.114
"2025-10-12 04:40",0.105
"2025-10-12 04:45",0.101
"2025-10-12 04:50",0.101
"2025-10-12 04:55",0.101
"2025-10-12 05:00",0.105
"2025-10-12 05:05",0.102
"2025-10-12 05:10",0.1
"2025-10-12 05:15",0.103
"2025-10-12 05:20",0.105
"2025-10-12 05:25",0.102
"2025-10-12 05:30",0.098
"2025-10-12 05:35",0.099
"2025-10-12 05:40",0.102
"2025-10-12 05:45",0.09
"2025-10-12 05:50",0.097
"2025-10-12 05:55",0.101
"2025-10-12 06:00",0.096
"2025-10-12 06:05",0.096
"2025-10-12 06:10",0.103
"2025-10-12 06:15",0.098
"2025-10-12 06:20",0.094
"2025-10-12 06:25",0.086
"2025-10-12 06:30",0.091
"2025-10-12 06:35",0.084
"2025-10-12 06:40",0.076
"2025-10-12 06:45",0.075
"2025-10-12 06:50",0.07
"2025-10-12 06:55",0.072
"2025-10-12 07:00",0.07
"2025-10-12 07:05",0.057
"2025-10-12 07:10",0.059
"2025-10-12 07:15",0.051
"2025-10-12 07:20",0.055
"2025-10-12 07:25",0.048
"2025-10-12 07:30",0.047
"2025-10-12 07:35",0.04
"2025-10-12 07:40",0.05
"2025-10-12 07:45",0.042
"2025-10-12 07:50",0.036
"2025-10-12 07:55",0.039
"2025-10-12 08:00",0.036
"2025-10-12 08:05",0.033
"2025-10-12 08:10",0.03
"2025-10-12 08:15",0.029
"2025-10-12 08:20",0.027
"2025-10-12 08:25",0.027
"2025-10-12 08:30",0.035
"2025-10-12 08:35",0.032
"2025-10-12 08:40",0.024
"2025-10-12 08:45",0.029
"2025-10-12 08:50",0.021
"2025-10-12 08:55",0.025
"2025-10-12 09:00",0.021
"2025-10-12 09:05",0.026
"2025-10-12 09:10",0.011
"2025-10-12 09:15",0.023
"2025-10-12 09:20",0.019
"2025-10-12 09:25",0.018
"2025-10-12 09:30",0.022
"2025-10-12 09:35",0.026
"2025-10-12 09:40",0.022
"2025-10-12 09:45",0.028
"2025-10-12 09:50",0.017
"2025-10-12 09:55",0.02
"2025-10-12 10:00",0.022
"2025-10-12 10:05",0.02
"2025-10-12 10:10",0.028
"2025-10-12 10:15",0.028
"2025-10-12 10:20",0.03
"2025-10-12 10:25",0.025
"2025-10-12 10:30",0.025
"2025-10-12 10:35",0.021
"2025-10-12 10:40",0.021
"2025-10-12 10:45",0.015
"2025-10-12 10:50",0.034
"2025-10-12 10:55",0.029
"2025-10-12 11:00",0.027
"2025-10-12 11:05",0.021
"2025-10-12 11:10",0.027
"2025-10-12 11:15",0.025
"2025-10-12 11:20",0.033
"2025-10-12 11:25",0.027
"2025-10-12 11:30",0.024
"2025-10-12 11:35",0.028
"2025-10-12 11:40",0.028
"2025-10-12 11:45",0.028
"2025-10-12 11:50",0.022
"2025-10-12 11:55",0.03
"2025-10-12 12:00",0.03
"2025-10-12 12:05",0.026
"2025-10-12 12:10",0.032
"2025-10-12 12:15",0.023
"2025-10-12 12:20",0.034
"2025-10-12 12:25",0.025
"2025-10-12 12:30",0.03
"2025-10-12 12:35",0.032
"2025-10-12 12:40",0.031
"2025-10-12 12:45",0.037
"2025-10-12 12:50",0.039
"2025-10-12 12:55",0.033
"2025-10-12 13:00",0.025
"2025-10-12 13:05",0.034
"2025-10-12 13:10",0.027
"2025-10-12 13:15",0.029
"2025-10-12 13:20",0.022
"2025-10-12 13:25",0.035
"2025-10-12 13:30",0.028
"2025-10-12 13:35",0.032
"2025-10-12 13:40",0.03
"2025-10-12 13:45",0.034
"2025-10-12 13:50",0.027
"2025-10-12 13:55",0.027
"2025-10-12 14:00",0.03
"2025-10-12 14:05",0.027
"2025-10-12 14:10",0.024
"2025-10-12 14:15",0.031
"2025-10-12 14:20",0.027
"2025-10-12 14:25",0.027
"2025-10-12 14:30",0.028
"2025-10-12 14:35",0.029
"2025-10-12 14:40",0.027
"2025-10-12 14:45",0.021
"2025-10-12 14:50",0.022
"2025-10-12 14:55",0.03
"2025-10-12 15:00",0.026
"2025-10-12 15:05",0.029
"2025-10-12 15:10",0.029
"2025-10-12 15:15",0.029
"2025-10-12 15:20",0.033
"2025-10-12 15:25",0.022
"2025-10-12 15:30",0.032
"2025-10-12 15:35",0.023
"2025-10-12 15:40",0.027
"2025-10-12 15:45",0.032
"2025-10-12 15:50",0.024
"2025-10-12 15:55",0.026
"2025-10-12 16:00",0.026
"2025-10-12 16:05",0.033
"2025-10-12 16:10",0.035
"2025-10-12 16:15",0.033
"2025-10-12 16:20",0.032
"2025-10-12 16:25",0.04
"2025-10-12 16:30",0.031
"2025-10-12 16:35",0.037
"2025-10-12 16:40",0.036
"2025-10-12 16:45",0.021
"2025-10-12 16:50",0.034
"2025-10-12 16:55",0.031
"2025-10-12 17:00",0.034
"2025-10-12 17:05",0.046
"2025-10-12 17:10",0.032
"2025-10-12 17:15",0.041
"2025-10-12 17:20",0.054
"2025-10-12 17:25",0.056
"2025-10-12 17:30",0.05
"2025-10-12 17:35",0.052
"2025-10-12 17:40",0.061
"2025-10-12 17:45",0.058
"2025-10-12 17:50",0.058
"2025-10-12 17:55",0.06
"2025-10-12 18:00",0.06
"2025-10-12 18:05",0.052
"2025-10-12 18:10",0.057
"2025-10-12 18:15",0.067
"2025-10-12 18:20",0.071
"2025-10-12 18:25",0.068
"2025-10-12 18:30",0.061
"2025-10-12 18:35",0.066
"2025-10-12 18:40",0.071
"2025-10-12 18:45",0.069
"2025-10-12 18:50",0.067
"2025-10-12 18:55",0.071
"2025-10-12 19:00",0.074
"2025-10-12 19:05",0.074
"2025-10-12 19:10",0.067
"2025-10-12 19:15",0.069
"2025-10-12 19:20",0.075
"2025-10-12 19:25",0.072
"2025-10-12 19:30",0.074
"2025-10-12 19:35",0.073
"2025-10-12 19:40",0.075
"2025-10-12 19:45",0.076
"2025-10-12 19:50",0.075
"2025-10-12 19:55",0.076
"2025-10-12 20:00",0.077
"2025-10-12 20:05",0.072
"2025-10-12 20:10",0.08
"2025-10-12 20:15",0.077
"2025-10-12 20:20",0.085
"2025-10-12 20:25",0.082
"2025-10-12 20:30",0.084
"2025-10-12 20:35",0.075
"2025-10-12 20:40",0.085
"2025-10-12 20:45",0.079
"2025-10-12 20:50",0.072
"2025-10-12 20:55",0.079
"2025-10-12 21:00",0.079
"2025-10-12 21:05",0.088
"2025-10-12 21:10",0.089
"2025-10-12 21:15",0.083
"2025-10-12 21:20",0.096
"2025-10-12 21:25",0.088
"2025-10-12 21:30",0.091
"2025-10-12 21:35",0.085
"2025-10-12 21:40",0.086
"2025-10-12 21:45",0.081
"2025-10-12 21:50",0.093
"2025-10-12 21:55",0.082
"2025-10-12 22:00",0.084
"2025-10-12 22:05",0.092
"2025-10-12 22:10",0.088
"2025-10-12 22:15",0.09
"2025-10-12 22:20",0.083
"2025-10-12 22:25",0.092
"2025-10-12 22:30",0.087
"2025-10-12 22:35",0.087
"2025-10-12 22:40",0.085
"2025-10-12 22:45",0.086
"2025-10-12 22:50",0.086
"2025-10-12 22:55",0.082
"2025-10-12 23:00",0.093
"2025-10-12 23:05",0.087
"2025-10-12 23:10",0.089
"2025-10-12 23:15",0.092
"2025-10-12 23:20",0.093
"2025-10-12 23:25",0.092
"2025-10-12 23:30",0.088
"2025-10-12 23:35",0.086
"2025-10-12 23:40",0.092
"2025-10-12 23:45",0.092
"2025-10-12 23:50",0.092
"2025-10-12 23:55",0.095
"2025-10-13 00:00",0.099
"2025-10-13 00:05",0.095
"2025-10-13 00:10",0.093
"2025-10-13 00:15",0.098
"2025-10-13 00:20",0.095
"2025-10-13 00:25",0.096
"2025-10-13 00:30",0.091
"2025-10-13 00:35",0.089
"2025-10-13 00:40",0.092
"2025-10-13 00:45",0.096
"2025-10-13 00:50",0.091
"2025-10-13 00:55",0.093
"2025-10-13 01:00",0.092
"2025-10-13 01:05",0.092
"2025-10-13 01:10",0.092
"2025-10-13 01:15",0.09
"2025-10-13 01:20",0.09
"2025-10-13 01:25",0.08
"2025-10-13 01:30",0.088
"2025-10-13 01:35",0.084
"2025-10-13 01:40",0.084
"2025-10-13 01:45",0.088
"2025-10-13 01:50",0.088
"2025-10-13 01:55",0.092
"2025-10-13 02:00",0.087
"2025-10-13 02:05",0.096
"2025-10-13 02:10",0.096
"2025-10-13 02:15",0.092
"2025-10-13 02:20",0.095
"2025-10-13 02:25",0.093
"2025-10-13 02:30",0.093
"2025-10-13 02:35",0.093
"2025-10-13 02:40",0.093
"2025-10-13 02:45",0.091
"2025-10-13 02:50",0.085
"2025-10-13 02:55",0.09
"2025-10-13 03:00",0.09
"2025-10-13 03:05",0.087
"2025-10-13 03:10",0.1
"2025-10-13 03:15",0.094
"2025-10-13 03:20",0.093
"2025-10-13 03:25",0.095
"2025-10-13 03:30",0.099
"2025-10-13 03:35",0.095
"2025-10-13 03:40",0.095
"2025-10-13 03:45",0.09
"2025-10-13 03:50",0.09
"2025-10-13 03:55",0.091
"2025-10-13 04:00",0.087
"2025-10-13 04:05",0.094
"2025-10-13 04:10",0.103
"2025-10-13 04:15",0.088
"2025-10-13 04:20",0.099
"2025-10-13 04:25",0.091
"2025-10-13 04:30",0.094
"2025-10-13 04:35",0.094
"2025-10-13 04:40",0.097
"2025-10-13 04:45",0.094
"2025-10-13 04:50",0.09
"2025-10-13 04:55",0.101
"2025-10-13 05:00",0.097
"2025-10-13 05:05",0.099
"2025-10-13 05:10",0.103
"2025-10-13 05:15",0.096
"2025-10-13 05:20",0.109
"2025-10-13 05:25",0.097
"2025-10-13 05:30",0.103
"2025-10-13 05:35",0.092
"2025-10-13 05:40",0.09
"2025-10-13 05:45",0.082
"2025-10-13 05:50",0.084
"2025-10-13 05:55",0.089
"2025-10-13 06:00",0.095
"2025-10-13 06:05",0.082
"2025-10-13 06:10",0.09
"2025-10-13 06:15",0.076
"2025-10-13 06:20",0.082
"2025-10-13 06:25",0.078
"2025-10-13 06:30",0.081
"2025-10-13 06:35",0.068
"2025-10-13 06:40",0.072
"2025-10-13 06:45",0.063
"2025-10-13 06:50",0.061
"2025-10-13 06:55",0.063
"2025-10-13 07:00",0.056
"2025-10-13 07:05",0.055
"2025-10-13 07:10",0.055
"2025-10-13 07:15",0.051
"2025-10-13 07:20",0.049
"2025-10-13 07:25",0.048
"2025-10-13 07:30",0.049
"2025-10-13 07:35",0.038
"2025-10-13 07:40",0.031
"2025-10-13 07:45",0.034
"2025-10-13 07:50",0.031
"2025-10-13 07:55",0.039
"2025-10-13 08:00",0.037
"2025-10-13 08:05",0.04
"2025-10-13 08:10",0.03
"2025-10-13 08:15",0.037
"2025-10-13 08:20",0.037
"2025-10-13 08:25",0.031
"2025-10-13 08:30",0.025
"2025-10-13 08:35",0.022
"2025-10-13 08:40",0.026
"2025-10-13 08:45",0.029
"2025-10-13 08:50",0.032
"2025-10-13 08:55",0.038
"2025-10-13 09:00",0.027
"2025-10-13 09:05",0.026
"2025-10-13 09:10",0.03
"2025-10-13 09:15",0.034
"2025-10-13 09:20",0.039
"2025-10-13 09:25",0.033
"2025-10-13 09:30",0.028
"2025-10-13 09:35",0.031
"2025-10-13 09:40",0.029
"2025-10-13 09:45",0.027
"2025-10-13 09:50",0.029
"2025-10-13 09:55",0.026
"2025-10-13 10:00",0.028
"2025-10-13 10:05",0.033
"2025-10-13 10:10",0.032
"2025-10-13 10:15",0.039
"2025-10-13 10:20",0.033
"2025-10-13 10:25",0.026
"2025-10-13 10:30",0.028
"2025-10-13 10:35",0.029
"2025-10-13 10:40",0.032
"2025-10-13 10:45",0.029
"2025-10-13 10:50",0.034
"2025-10-13 10:55",0.032
"2025-10-13 11:00",0.038
"2025-10-13 11:05",0.032
"2025-10-13 11:10",0.041
"2025-10-13 11:15",0.028
"2025-10-13 11:20",0.031
"2025-10-13 11:25",0.038
"2025-10-13 11:30",0.034
"2025-10-13 11:35",0.031
"2025-10-13 11:40",0.035
"2025-10-13 11:45",0.028
"2025-10-13 11:50",0.024
"2025-10-13 11:55",0.037
"2025-10-13 12:00",0.037
"2025-10-13 12:05",0.034
"2025-10-13 12:10",0.032
"2025-10-13 12:15",0.029
"2025-10-13 12:20",0.037
"2025-10-13 12:25",0.039
"2025-10-13 12:30",0.033
"2025-10-13 12:35",0.028
"2025-10-13 12:40",0.043
"2025-10-13 12:45",0.028
"2025-10-13 12:50",0.03
"2025-10-13 12:55",0.034
"2025-10-13 13:00",0.027
"2025-10-13 13:05",0.033
"2025-10-13 13:10",0.025
"2025-10-13 13:15",0.031
"2025-10-13 13:20",0.025
"2025-10-13 13:25",0.029
"2025-10-13 13:30",0.029
"2025-10-13 13:35",0.026
"2025-10-13 13:40",0.018
"2025-10-13 13:45",0.022
"2025-10-13 13:50",0.026
"2025-10-13 13:55",0.03
"2025-10-13 14:00",0.021
"2025-10-13 14:05",0.015
"2025-10-13 14:10",0.023
"2025-10-13 14:15",0.021
"2025-10-13 14:20",0.021
"2025-10-13 14:25",0.028
"2025-10-13 14:30",0.027
"2025-10-13 14:35",0.024
"2025-10-13 14:40",0.03
"2025-10-13 14:45",0.025
"2025-10-13 14:50",0.023
"2025-10-13 14:55",0.023
"2025-10-13 15:00",0.018
"2025-10-13 15:05",0.021
"2025-10-13 15:10",0.023
"2025-10-13 15:15",0.03
"2025-10-13 15:20",0.024
"2025-10-13 15:25",0.022
"2025-10-13 15:30",0.029
"2025-10-13 15:35",0.031
"2025-10-13 15:40",0.023
"2025-10-13 15:45",0.027
"2025-10-13 15:50",0.032
"2025-10-13 15:55",0.036
"2025-10-13 16:00",0.034
"2025-10-13 16:05",0.032
"2025-10-13 16:10",0.029
"2025-10-13 16:15",0.033
"2025-10-13 16:20",0.039
"2025-10-13 16:25",0.039
"2025-10-13 16:30",0.038
"2025-10-13 16:35",0.04
"2025-10-13 16:40",0.043
"2025-10-13 16:45",0.045
"2025-10-13 16:50",0.035
"2025-10-13 16:55",0.045
"2025-10-13 17:00",0.052
"2025-10-13 17:05",0.051
"2025-10-13 17:10",0.055
"2025-10-13 17:15",0.051
"2025-10-13 17:20",0.051
"2025-10-13 17:25",0.052
"2025-10-13 17:30",0.058
"2025-10-13 17:35",0.059
"2025-10-13 17:40",0.064
"2025-10-13 17:45",0.065
"2025-10-13 17:50",0.062
"2025-10-13 17:55",0.056
"2025-10-13 18:00",0.062
"2025-10-13 18:05",0.07
"2025-10-13 18:10",0.071
"2025-10-13 18:15",0.072
"2025-10-13 18:20",0.068
"2025-10-13 18:25",0.067
"2025-10-13 18:30",0.075
"2025-10-13 18:35",0.069
"2025-10-13 18:40",0.067
"2025-10-13 18:45",0.069
"2025-10-13 18:50",0.068
"2025-10-13 18:55",0.076
"2025-10-13 19:00",0.072
"2025-10-13 19:05",0.067
"2025-10-13 19:10",0.075
"2025-10-13 19:15",0.074
"2025-10-13 19:20",0.07
"2025-10-13 19:25",0.078
"2025-10-13 19:30",0.078
"2025-10-13 19:35",0.076
"2025-10-13 19:40",0.078
"2025-10-13 19:45",0.071
"2025-10-13 19:50",0.081
"2025-10-13 19:55",0.082
"2025-10-13 20:00",0.082
"2025-10-13 20:05",0.073
"2025-10-13 20:10",0.076
"2025-10-13 20:15",0.079
"2025-10-13 20:20",0.076
"2025-10-13 20:25",0.082
"2025-10-13 20:30",0.077
"2025-10-13 20:35",0.077
"2025-10-13 20:40",0.081
"2025-10-13 20:45",0.086
"2025-10-13 20:50",0.079
"2025-10-13 20:55",0.085
"2025-10-13 21:00",0.076
"2025-10-13 21:05",0.075
"2025-10-13 21:10",0.075
"2025-10-13 21:15",0.079
"2025-10-13 21:20",0.085
"2025-10-13 21:25",0.083
"2025-10-13 21:30",0.085
"2025-10-13 21:35",0.075
"2025-10-13 21:40",0.076
"2025-10-13 21:45",0.072
"2025-10-13 21:50",0.072
"2025-10-13 21:55",0.072
"2025-10-13 22:00",0.065
"2025-10-13 22:05",0.07
"2025-10-13 22:10",0.076
"2025-10-13 22:15",0.082
"2025-10-13 22:20",0.07
"2025-10-13 22:25",0.074
"2025-10-13 22:30",0.075
"2025-10-13 22:35",0.079
"2025-10-13 22:40",0.075
"2025-10-13 22:45",0.084
"2025-10-13 22:50",0.084
"2025-10-13 22:55",0.084
"2025-10-13 23:00",0.076
"2025-10-13 23:05",0.081
"2025-10-13 23:10",0.079
"2025-10-13 23:15",0.074
"2025-10-13 23:20",0.077
"2025-10-13 23:25",0.075
"2025-10-13 23:30",0.07
"2025-10-13 23:35",0.07
"2025-10-13 23:40",0.078
"2025-10-13 23:45",0.078
"2025-10-13 23:50",0.072
"2025-10-13 23:55",0.076
"2025-10-14 00:00",0.076
"2025-10-14 00:05",0.067
"2025-10-14 00:10",0.074
"2025-10-14 00:15",0.07
"2025-10-14 00:20",0.081
"2025-10-14 00:25",0.068
"2025-10-14 00:30",0.074
"2025-10-14 00:35",0.068
"2025-10-14 00:40",0.076
"2025-10-14 00:45",0.08
"2025-10-14 00:50",0.066
"2025-10-14 00:55",0.066
"2025-10-14 01:00",0.069
"2025-10-14 01:05",0.079
"2025-10-14 01:10",0.075
"2025-10-14 01:15",0.078
"2025-10-14 01:20",0.073
"2025-10-14 01:25",0.079
"2025-10-14 01:30",0.081
"2025-10-14 01:35",0.074
"2025-10-14 01:40",0.07
"2025-10-14 01:45",0.079
"2025-10-14 01:50",0.069
"2025-10-14 01:55",0.078
"2025-10-14 02:00",0.074
"2025-10-14 02:05",0.074
"2025-10-14 02:10",0.07
"2025-10-14 02:15",0.071
"2025-10-14 02:20",0.079
"2025-10-14 02:25",0.07
"2025-10-14 02:30",0.074
"2025-10-14 02:35",0.073
"2025-10-14 02:40",0.072
"2025-10-14 02:45",0.075
"2025-10-14 02:50",0.071
"2025-10-14 02:55",0.075
"2025-10-14 03:00",0.066
"2025-10-14 03:05",0.07
"2025-10-14 03:10",0.07
"2025-10-14 03:15",0.062
"2025-10-14 03:20",0.065
"2025-10-14 03:25",0.07
"2025-10-14 03:30",0.074
"2025-10-14 03:35",0.076
"2025-10-14 03:40",0.081
"2025-10-14 03:45",0.071
"2025-10-14 03:50",0.074
"2025-10-14 03:55",0.074
"2025-10-14 04:00",0.075
"2025-10-14 04:05",0.066
"2025-10-14 04:10",0.071
"2025-10-14 04:15",0.07
"2025-10-14 04:20",0.077
"2025-10-14 04:25",0.073
"2025-10-14 04:30",0.072
"2025-10-14 04:35",0.07
"2025-10-14 04:40",0.076
"2025-10-14 04:45",0.07
"2025-10-14 04:50",0.069
"2025-10-14 04:55",0.074
"2025-10-14 05:00",0.071
"2025-10-14 05:05",0.071
"2025-10-14 05:10",0.084
"2025-10-14 05:15",0.084
"2025-10-14 05:20",0.075
"2025-10-14 05:25",0.076
"2025-10-14 05:30",0.076
"2025-10-14 05:35",0.074
"2025-10-14 05:40",0.078
"2025-10-14 05:45",0.078
"2025-10-14 05:50",0.075
"2025-10-14 05:55",0.071
"2025-10-14 06:00",0.075
"2025-10-14 06:05",0.08
"2025-10-14 06:10",0.084
"2025-10-14 06:15",0.072
"2025-10-14 06:20",0.068
"2025-10-14 06:25",0.077
"2025-10-14 06:30",0.075
"2025-10-14 06:35",0.075
"2025-10-14 06:40",0.063
"2025-10-14 06:45",0.07
"2025-10-14 06:50",0.057
"2025-10-14 06:55",0.06
"2025-10-14 07:00",0.063
"2025-10-14 07:05",0.062
"2025-10-14 07:10",0.05
"2025-10-14 07:15",0.057
"2025-10-14 07:20",0.055
"2025-10-14 07:25",0.053
"2025-10-14 07:30",0.043
"2025-10-14 07:35",0.046
"2025-10-14 07:40",0.044
"2025-10-14 07:45",0.043
"2025-10-14 07:50",0.043
"2025-10-14 07:55",0.035
"2025-10-14 08:00",0.032
"2025-10-14 08:05",0.039
"2025-10-14 08:10",0.031
"2025-10-14 08:15",0.033
"2025-10-14 08:20",0.032
"2025-10-14 08:25",0.03
"2025-10-14 08:30",0.028
"2025-10-14 08:35",0.031
"2025-10-14 08:40",0.029
"2025-10-14 08:45",0.025
"2025-10-14 08:50",0.032
"2025-10-14 08:55",0.027
"2025-10-14 09:00",0.027
"2025-10-14 09:05",0.025
"2025-10-14 09:10",0.021
"2025-10-14 09:15",0.029
"2025-10-14 09:20",0.025
"2025-10-14 09:25",0.025
"2025-10-14 09:30",0.021
"2025-10-14 09:35",0.025
"2025-10-14 09:40",0.027
"2025-10-14 09:45",0.033
"2025-10-14 09:50",0.027
"2025-10-14 09:55",0.031
"2025-10-14 10:00",0.018
"2025-10-14 10:05",0.027
"2025-10-14 10:10",0.033
"2025-10-14 10:15",0.025
"2025-10-14 10:20",0.023
"2025-10-14 10:25",0.016
"2025-10-14 10:30",0.027
"2025-10-14 10:35",0.02
"2025-10-14 10:40",0.029
"2025-10-14 10:45",0.024
"2025-10-14 10:50",0.027
"2025-10-14 10:55",0.027
"2025-10-14 11:00",0.031
"2025-10-14 11:05",0.031
"2025-10-14 11:10",0.028
"2025-10-14 11:15",0.024
"2025-10-14 11:20",0.02
"2025-10-14 11:25",0.022
"2025-10-14 11:30",0.019
"2025-10-14 11:35",0.019
"2025-10-14 11:40",0.024
"2025-10-14 11:45",0.019
"2025-10-14 11:50",0.02
"2025-10-14 11:55",0.017
"2025-10-14 12:00",0.021
"2025-10-14 12:05",0.024
"2025-10-14 12:10",0.022
"2025-10-14 12:15",0.019
"2025-10-14 12:20",0.015
"2025-10-14 12:25",0.015
"2025-10-14 12:30",0.019
"2025-10-14 12:35",0.027
"2025-10-14 12:40",0.025
"2025-10-14 12:45",0.024
"2025-10-14 12:50",0.031
"2025-10-14 12:55",0.03
"2025-10-14 13:00",0.028
"2025-10-14 13:05",0.032
"2025-10-14 13:10",0.028
"2025-10-14 13:15",0.028
"2025-10-14 13:20",0.028
"2025-10-14 13:25",0.028
"2025-10-14 13:30",0.032
"2025-10-14 13:35",0.028
"2025-10-14 13:40",0.028
"2025-10-14 13:45",0.026
"2025-10-14 13:50",0.028
"2025-10-14 13:55",0.026
"2025-10-14 14:00",0.015
"2025-10-14 14:05",0.03
"2025-10-14 14:10",0.03
"2025-10-14 14:15",0.028
"2025-10-14 14:20",0.026
"2025-10-14 14:25",0.022
"2025-10-14 14:30",0.026
"2025-10-14 14:35",0.031
"2025-10-14 14:40",0.029
"2025-10-14 14:45",0.02
"2025-10-14 14:50",0.023
"2025-10-14 14:55",0.023
"2025-10-14 15:00",0.032
"2025-10-14 15:05",0.034
"2025-10-14 15:10",0.023
"2025-10-14 15:15",0.022
"2025-10-14 15:20",0.034
"2025-10-14 15:25",0.031
"2025-10-14 15:30",0.035
"2025-10-14 15:35",0.025
"2025-10-14 15:40",0.03
"2025-10-14 15:45",0.027
"2025-10-14 15:50",0.027
"2025-10-14 15:55",0.035
"2025-10-14 16:00",0.033
"2025-10-14 16:04",NA
"2025-10-14 16:05",NA
NA,0.053
NA,0.04
NA,0.151
NA,0.036
NA,NA
NA,0.106
NA,0.205
NA,0.186
NA,0.172
NA,0.171
NA,0.17
NA,0.166
NA,0.178
NA,0.179
NA,0.175
NA,0.183
NA,0.193
NA,0.189
NA,0.188
NA,0.182
NA,0.187
NA,0.184
NA,0.185
NA,0.181
NA,0.174
NA,0.18
NA,0.191
NA,0.19
NA,0.196
NA,0.195
NA,0.192
NA,0.201
NA,0.197
NA,0.198
NA,0.194
NA,0.177
NA,0.199
NA,0.202
NA,0.206
NA,0.213
NA,0.21
NA,0.204
NA,0.211
NA,0.203
NA,0.208
NA,0.207
NA,0.2
NA,0.214
NA,0.16
NA,0.167
NA,0.164
NA,0.162
NA,0.159
NA,0.165
NA,0.152
NA,0.157
NA,0.163
NA,0.158
NA,0.149
NA,0.156
NA,0.15
NA,0.148
NA,0.153
NA,0.147
NA,0.146
NA,0.145
NA,0.141
NA,0.143
NA,0.139
NA,0.14
NA,0.137
NA,0.142
NA,0.161
NA,0.155
NA,0.154
NA,0.144
NA,0.134
NA,0.138
NA,0.132
NA,0.136
NA,0.135
NA,0.133
NA,0.169
NA,0.168
NA,0.131
NA,0.127
NA,0.12
NA,0.123
NA,0.124
NA,0.118
NA,0.115
NA,0.116
NA,0.108
NA,0.112
NA,0.1
NA,0.109
NA,0.113
NA,0.104
NA,0.102
NA,0.098
NA,0.107
NA,0.105
NA,0.097
NA,0.092
NA,0.096
NA,0.099
NA,0.093
NA,0.094
NA,0.091
NA,0.09
NA,0.087
NA,0.114
NA,0.11
NA,0.111
NA,0.095
NA,0.101
NA,0.103
NA,0.085
NA,0.088
NA,0.089
NA,0.086
NA,0.083
NA,0.121
NA,0.119
NA,0.126
NA,0.122
NA,0.13
NA,0.125
NA,0.129
NA,0.128
NA,0.117
NA,0.081
NA,0.075
NA,0.073
NA,0.071
NA,0.069
NA,0.066
NA,0.058
NA,0.057
NA,0.06
NA,0.055
NA,0.05
NA,0.059
NA,0.047
NA,0.056
NA,0.068
NA,0.065
NA,0.061
NA,0.063
NA,0.072
NA,0.076
NA,0.07
NA,0.078
NA,0.067
NA,0.064
NA,0.062
NA,0.051
NA,0.052
NA,0.045
NA,0.044
NA,0.054
NA,0.046
NA,0.041
NA,0.042
NA,0.043
NA,0.049
NA,0.074
NA,0.077
NA,0.08
NA,0.084
NA,0.082
NA,0.079
NA,0.037
NA,0.032
NA,0.038
NA,0.029
NA,0.028
NA,0.034
NA,0.031
NA,0.025
NA,0.024
NA,0.02
NA,0.023
NA,0.027
NA,0.019
NA,0.021
NA,0.017
NA,0.016
NA,0.015
NA,0.022
NA,0.033
NA,0.03
NA,0.026
NA,0.035
NA,0.014
NA,0.018
NA,0.012
NA,0.009
NA,0.011
NA,0.013
NA,0.006
NA,0.008
NA,0.002
NA,0.003
NA,-0.001
NA,0.001
NA,0.007
NA,0.004
NA,0.005
NA,0.01
NA,-0.004
NA,0.048
NA,0.039
NA,0
"2025-09-28 12:05",NA
"2025-09-28 12:06",NA
"2025-09-28 12:06",NA
"2025-09-28 12:06",NA
"2025-09-28 12:06",NA
"2025-09-28 12:06",NA
"2025-09-28 12:06",NA
"2025-09-28 12:07",NA
"2025-09-28 12:07",NA
"2025-09-28 12:07",NA
"2025-09-28 12:08",NA
"2025-09-28 12:08",NA
"2025-09-28 12:09",NA
